[2026-01-25 05:56:40] production.ERROR: No application encryption key has been specified. {"exception":"[object] (Illuminate\\Encryption\\MissingAppKeyException(code: 0): No application encryption key has been specified. at C:\\Users\\User\\Desktop\\ING DAVID VEGA\\FULLSTACK\\MundoNavidenio365\\vendor\\laravel\\framework\\src\\Illuminate\\Encryption\\EncryptionServiceProvider.php:79)
[stacktrace]
#0 C:\\Users\\User\\Desktop\\ING DAVID VEGA\\FULLSTACK\\MundoNavidenio365\\vendor\\laravel\\framework\\src\\Illuminate\\Support\\helpers.php(320): Illuminate\\Encryption\\EncryptionServiceProvider->Illuminate\\Encryption\\{closure}(NULL)
#1 C:\\Users\\User\\Desktop\\ING DAVID VEGA\\FULLSTACK\\MundoNavidenio365\\vendor\\laravel\\framework\\src\\Illuminate\\Encryption\\EncryptionServiceProvider.php(77): tap(NULL, Object(Closure))
#2 C:\\Users\\User\\Desktop\\ING DAVID VEGA\\FULLSTACK\\MundoNavidenio365\\vendor\\laravel\\framework\\src\\Illuminate\\Encryption\\EncryptionServiceProvider.php(60): Illuminate\\Encryption\\EncryptionServiceProvider->key(Array)
#3 C:\\Users\\User\\Desktop\\ING DAVID VEGA\\FULLSTACK\\MundoNavidenio365\\vendor\\laravel\\framework\\src\\Illuminate\\Encryption\\EncryptionServiceProvider.php(32): Illuminate\\Encryption\\EncryptionServiceProvider->parseKey(Array)
#4 C:\\Users\\User\\Desktop\\ING DAVID VEGA\\FULLSTACK\\MundoNavidenio365\\vendor\\laravel\\framework\\src\\Illuminate\\Container\\Container.php(908): Illuminate\\Encryption\\EncryptionServiceProvider->Illuminate\\Encryption\\{closure}(Object(Illuminate\\Foundation\\Application), Array)
#5 C:\\Users\\User\\Desktop\\ING DAVID VEGA\\FULLSTACK\\MundoNavidenio365\\vendor\\laravel\\framework\\src\\Illuminate\\Container\\Container.php(795): Illuminate\\Container\\Container->build(Object(Closure))
#6 C:\\Users\\User\\Desktop\\ING DAVID VEGA\\FULLSTACK\\MundoNavidenio365\\vendor\\laravel\\framework\\src\\Illuminate\\Foundation\\Application.php(986): Illuminate\\Container\\Container->resolve('encrypter', Array, true)
#7 C:\\Users\\User\\Desktop\\ING DAVID VEGA\\FULLSTACK\\MundoNavidenio365\\vendor\\laravel\\framework\\src\\Illuminate\\Container\\Container.php(731): Illuminate\\Foundation\\Application->resolve('encrypter', Array)
#8 C:\\Users\\User\\Desktop\\ING DAVID VEGA\\FULLSTACK\\MundoNavidenio365\\vendor\\laravel\\framework\\src\\Illuminate\\Foundation\\Application.php(971): Illuminate\\Container\\Container->make('encrypter', Array)
#9 C:\\Users\\User\\Desktop\\ING DAVID VEGA\\FULLSTACK\\MundoNavidenio365\\vendor\\laravel\\framework\\src\\Illuminate\\Container\\Container.php(1066): Illuminate\\Foundation\\Application->make('encrypter')
#10 C:\\Users\\User\\Desktop\\ING DAVID VEGA\\FULLSTACK\\MundoNavidenio365\\vendor\\laravel\\framework\\src\\Illuminate\\Container\\Container.php(982): Illuminate\\Container\\Container->resolveClass(Object(ReflectionParameter))
#11 C:\\Users\\User\\Desktop\\ING DAVID VEGA\\FULLSTACK\\MundoNavidenio365\\vendor\\laravel\\framework\\src\\Illuminate\\Container\\Container.php(943): Illuminate\\Container\\Container->resolveDependencies(Array)
#12 C:\\Users\\User\\Desktop\\ING DAVID VEGA\\FULLSTACK\\MundoNavidenio365\\vendor\\laravel\\framework\\src\\Illuminate\\Container\\Container.php(795): Illuminate\\Container\\Container->build('App\\\\Http\\\\Middle...')
#13 C:\\Users\\User\\Desktop\\ING DAVID VEGA\\FULLSTACK\\MundoNavidenio365\\vendor\\laravel\\framework\\src\\Illuminate\\Foundation\\Application.php(986): Illuminate\\Container\\Container->resolve('App\\\\Http\\\\Middle...', Array, true)
#14 C:\\Users\\User\\Desktop\\ING DAVID VEGA\\FULLSTACK\\MundoNavidenio365\\vendor\\laravel\\framework\\src\\Illuminate\\Container\\Container.php(731): Illuminate\\Foundation\\Application->resolve('App\\\\Http\\\\Middle...', Array)
#15 C:\\Users\\User\\Desktop\\ING DAVID VEGA\\FULLSTACK\\MundoNavidenio365\\vendor\\laravel\\framework\\src\\Illuminate\\Foundation\\Application.php(971): Illuminate\\Container\\Container->make('App\\\\Http\\\\Middle...', Array)
#16 C:\\Users\\User\\Desktop\\ING DAVID VEGA\\FULLSTACK\\MundoNavidenio365\\vendor\\laravel\\framework\\src\\Illuminate\\Pipeline\\Pipeline.php(172): Illuminate\\Foundation\\Application->make('App\\\\Http\\\\Middle...')
#17 C:\\Users\\User\\Desktop\\ING DAVID VEGA\\FULLSTACK\\MundoNavidenio365\\vendor\\laravel\\framework\\src\\Illuminate\\Pipeline\\Pipeline.php(119): Illuminate\\Pipeline\\Pipeline->Illuminate\\Pipeline\\{closure}(Object(Illuminate\\Http\\Request))
#18 C:\\Users\\User\\Desktop\\ING DAVID VEGA\\FULLSTACK\\MundoNavidenio365\\vendor\\laravel\\framework\\src\\Illuminate\\Routing\\Router.php(805): Illuminate\\Pipeline\\Pipeline->then(Object(Closure))
#19 C:\\Users\\User\\Desktop\\ING DAVID VEGA\\FULLSTACK\\MundoNavidenio365\\vendor\\laravel\\framework\\src\\Illuminate\\Routing\\Router.php(784): Illuminate\\Routing\\Router->runRouteWithinStack(Object(Illuminate\\Routing\\Route), Object(Illuminate\\Http\\Request))
#20 C:\\Users\\User\\Desktop\\ING DAVID VEGA\\FULLSTACK\\MundoNavidenio365\\vendor\\laravel\\framework\\src\\Illuminate\\Routing\\Router.php(748): Illuminate\\Routing\\Router->runRoute(Object(Illuminate\\Http\\Request), Object(Illuminate\\Routing\\Route))
#21 C:\\Users\\User\\Desktop\\ING DAVID VEGA\\FULLSTACK\\MundoNavidenio365\\vendor\\laravel\\framework\\src\\Illuminate\\Routing\\Router.php(737): Illuminate\\Routing\\Router->dispatchToRoute(Object(Illuminate\\Http\\Request))
#22 C:\\Users\\User\\Desktop\\ING DAVID VEGA\\FULLSTACK\\MundoNavidenio365\\vendor\\laravel\\framework\\src\\Illuminate\\Foundation\\Http\\Kernel.php(200): Illuminate\\Routing\\Router->dispatch(Object(Illuminate\\Http\\Request))
#23 C:\\Users\\User\\Desktop\\ING DAVID VEGA\\FULLSTACK\\MundoNavidenio365\\vendor\\laravel\\framework\\src\\Illuminate\\Pipeline\\Pipeline.php(144): Illuminate\\Foundation\\Http\\Kernel->Illuminate\\Foundation\\Http\\{closure}(Object(Illuminate\\Http\\Request))
#24 C:\\Users\\User\\Desktop\\ING DAVID VEGA\\FULLSTACK\\MundoNavidenio365\\vendor\\laravel\\framework\\src\\Illuminate\\Foundation\\Http\\Middleware\\TransformsRequest.php(21): Illuminate\\Pipeline\\Pipeline->Illuminate\\Pipeline\\{closure}(Object(Illuminate\\Http\\Request))
#25 C:\\Users\\User\\Desktop\\ING DAVID VEGA\\FULLSTACK\\MundoNavidenio365\\vendor\\laravel\\framework\\src\\Illuminate\\Foundation\\Http\\Middleware\\ConvertEmptyStringsToNull.php(31): Illuminate\\Foundation\\Http\\Middleware\\TransformsRequest->handle(Object(Illuminate\\Http\\Request), Object(Closure))
#26 C:\\Users\\User\\Desktop\\ING DAVID VEGA\\FULLSTACK\\MundoNavidenio365\\vendor\\laravel\\framework\\src\\Illuminate\\Pipeline\\Pipeline.php(183): Illuminate\\Foundation\\Http\\Middleware\\ConvertEmptyStringsToNull->handle(Object(Illuminate\\Http\\Request), Object(Closure))
#27 C:\\Users\\User\\Desktop\\ING DAVID VEGA\\FULLSTACK\\MundoNavidenio365\\vendor\\laravel\\framework\\src\\Illuminate\\Foundation\\Http\\Middleware\\TransformsRequest.php(21): Illuminate\\Pipeline\\Pipeline->Illuminate\\Pipeline\\{closure}(Object(Illuminate\\Http\\Request))
#28 C:\\Users\\User\\Desktop\\ING DAVID VEGA\\FULLSTACK\\MundoNavidenio365\\vendor\\laravel\\framework\\src\\Illuminate\\Foundation\\Http\\Middleware\\TrimStrings.php(40): Illuminate\\Foundation\\Http\\Middleware\\TransformsRequest->handle(Object(Illuminate\\Http\\Request), Object(Closure))
#29 C:\\Users\\User\\Desktop\\ING DAVID VEGA\\FULLSTACK\\MundoNavidenio365\\vendor\\laravel\\framework\\src\\Illuminate\\Pipeline\\Pipeline.php(183): Illuminate\\Foundation\\Http\\Middleware\\TrimStrings->handle(Object(Illuminate\\Http\\Request), Object(Closure))
#30 C:\\Users\\User\\Desktop\\ING DAVID VEGA\\FULLSTACK\\MundoNavidenio365\\vendor\\laravel\\framework\\src\\Illuminate\\Foundation\\Http\\Middleware\\ValidatePostSize.php(27): Illuminate\\Pipeline\\Pipeline->Illuminate\\Pipeline\\{closure}(Object(Illuminate\\Http\\Request))
#31 C:\\Users\\User\\Desktop\\ING DAVID VEGA\\FULLSTACK\\MundoNavidenio365\\vendor\\laravel\\framework\\src\\Illuminate\\Pipeline\\Pipeline.php(183): Illuminate\\Foundation\\Http\\Middleware\\ValidatePostSize->handle(Object(Illuminate\\Http\\Request), Object(Closure))
#32 C:\\Users\\User\\Desktop\\ING DAVID VEGA\\FULLSTACK\\MundoNavidenio365\\vendor\\laravel\\framework\\src\\Illuminate\\Foundation\\Http\\Middleware\\PreventRequestsDuringMaintenance.php(99): Illuminate\\Pipeline\\Pipeline->Illuminate\\Pipeline\\{closure}(Object(Illuminate\\Http\\Request))
#33 C:\\Users\\User\\Desktop\\ING DAVID VEGA\\FULLSTACK\\MundoNavidenio365\\vendor\\laravel\\framework\\src\\Illuminate\\Pipeline\\Pipeline.php(183): Illuminate\\Foundation\\Http\\Middleware\\PreventRequestsDuringMaintenance->handle(Object(Illuminate\\Http\\Request), Object(Closure))
#34 C:\\Users\\User\\Desktop\\ING DAVID VEGA\\FULLSTACK\\MundoNavidenio365\\vendor\\laravel\\framework\\src\\Illuminate\\Http\\Middleware\\HandleCors.php(49): Illuminate\\Pipeline\\Pipeline->Illuminate\\Pipeline\\{closure}(Object(Illuminate\\Http\\Request))
#35 C:\\Users\\User\\Desktop\\ING DAVID VEGA\\FULLSTACK\\MundoNavidenio365\\vendor\\laravel\\framework\\src\\Illuminate\\Pipeline\\Pipeline.php(183): Illuminate\\Http\\Middleware\\HandleCors->handle(Object(Illuminate\\Http\\Request), Object(Closure))
#36 C:\\Users\\User\\Desktop\\ING DAVID VEGA\\FULLSTACK\\MundoNavidenio365\\vendor\\laravel\\framework\\src\\Illuminate\\Http\\Middleware\\TrustProxies.php(39): Illuminate\\Pipeline\\Pipeline->Illuminate\\Pipeline\\{closure}(Object(Illuminate\\Http\\Request))
#37 C:\\Users\\User\\Desktop\\ING DAVID VEGA\\FULLSTACK\\MundoNavidenio365\\vendor\\laravel\\framework\\src\\Illuminate\\Pipeline\\Pipeline.php(183): Illuminate\\Http\\Middleware\\TrustProxies->handle(Object(Illuminate\\Http\\Request), Object(Closure))
#38 C:\\Users\\User\\Desktop\\ING DAVID VEGA\\FULLSTACK\\MundoNavidenio365\\vendor\\laravel\\framework\\src\\Illuminate\\Pipeline\\Pipeline.php(119): Illuminate\\Pipeline\\Pipeline->Illuminate\\Pipeline\\{closure}(Object(Illuminate\\Http\\Request))
#39 C:\\Users\\User\\Desktop\\ING DAVID VEGA\\FULLSTACK\\MundoNavidenio365\\vendor\\laravel\\framework\\src\\Illuminate\\Foundation\\Http\\Kernel.php(175): Illuminate\\Pipeline\\Pipeline->then(Object(Closure))
#40 C:\\Users\\User\\Desktop\\ING DAVID VEGA\\FULLSTACK\\MundoNavidenio365\\vendor\\laravel\\framework\\src\\Illuminate\\Foundation\\Http\\Kernel.php(144): Illuminate\\Foundation\\Http\\Kernel->sendRequestThroughRouter(Object(Illuminate\\Http\\Request))
#41 C:\\Users\\User\\Desktop\\ING DAVID VEGA\\FULLSTACK\\MundoNavidenio365\\public\\index.php(51): Illuminate\\Foundation\\Http\\Kernel->handle(Object(Illuminate\\Http\\Request))
#42 C:\\Users\\User\\Desktop\\ING DAVID VEGA\\FULLSTACK\\MundoNavidenio365\\vendor\\laravel\\framework\\src\\Illuminate\\Foundation\\resources\\server.php(16): require_once('C:\\\\Users\\\\User\\\\D...')
#43 {main}
"} 
[2026-01-25 05:56:42] production.ERROR: Please provide a valid cache path. {"exception":"[object] (InvalidArgumentException(code: 0): Please provide a valid cache path. at C:\\Users\\User\\Desktop\\ING DAVID VEGA\\FULLSTACK\\MundoNavidenio365\\vendor\\laravel\\framework\\src\\Illuminate\\View\\Compilers\\Compiler.php:67)
[stacktrace]
#0 C:\\Users\\User\\Desktop\\ING DAVID VEGA\\FULLSTACK\\MundoNavidenio365\\vendor\\laravel\\framework\\src\\Illuminate\\View\\ViewServiceProvider.php(97): Illuminate\\View\\Compilers\\Compiler->__construct(Object(Illuminate\\Filesystem\\Filesystem), false, '', true, 'php')
#1 C:\\Users\\User\\Desktop\\ING DAVID VEGA\\FULLSTACK\\MundoNavidenio365\\vendor\\laravel\\framework\\src\\Illuminate\\Container\\Container.php(908): Illuminate\\View\\ViewServiceProvider->Illuminate\\View\\{closure}(Object(Illuminate\\Foundation\\Application), Array)
#2 C:\\Users\\User\\Desktop\\ING DAVID VEGA\\FULLSTACK\\MundoNavidenio365\\vendor\\laravel\\framework\\src\\Illuminate\\Container\\Container.php(795): Illuminate\\Container\\Container->build(Object(Closure))
#3 C:\\Users\\User\\Desktop\\ING DAVID VEGA\\FULLSTACK\\MundoNavidenio365\\vendor\\laravel\\framework\\src\\Illuminate\\Foundation\\Application.php(986): Illuminate\\Container\\Container->resolve('blade.compiler', Array, true)
#4 C:\\Users\\User\\Desktop\\ING DAVID VEGA\\FULLSTACK\\MundoNavidenio365\\vendor\\laravel\\framework\\src\\Illuminate\\Container\\Container.php(731): Illuminate\\Foundation\\Application->resolve('blade.compiler', Array)
#5 C:\\Users\\User\\Desktop\\ING DAVID VEGA\\FULLSTACK\\MundoNavidenio365\\vendor\\laravel\\framework\\src\\Illuminate\\Foundation\\Application.php(971): Illuminate\\Container\\Container->make('blade.compiler', Array)
#6 C:\\Users\\User\\Desktop\\ING DAVID VEGA\\FULLSTACK\\MundoNavidenio365\\vendor\\laravel\\framework\\src\\Illuminate\\View\\ViewServiceProvider.php(168): Illuminate\\Foundation\\Application->make('blade.compiler')
#7 [internal function]: Illuminate\\View\\ViewServiceProvider->Illuminate\\View\\{closure}()
#8 C:\\Users\\User\\Desktop\\ING DAVID VEGA\\FULLSTACK\\MundoNavidenio365\\vendor\\laravel\\framework\\src\\Illuminate\\View\\Engines\\EngineResolver.php(55): call_user_func(Object(Closure))
#9 C:\\Users\\User\\Desktop\\ING DAVID VEGA\\FULLSTACK\\MundoNavidenio365\\vendor\\laravel\\framework\\src\\Illuminate\\View\\Factory.php(310): Illuminate\\View\\Engines\\EngineResolver->resolve('blade')
#10 C:\\Users\\User\\Desktop\\ING DAVID VEGA\\FULLSTACK\\MundoNavidenio365\\vendor\\laravel\\framework\\src\\Illuminate\\View\\Factory.php(274): Illuminate\\View\\Factory->getEngineFromPath('C:\\\\Users\\\\User\\\\D...')
#11 C:\\Users\\User\\Desktop\\ING DAVID VEGA\\FULLSTACK\\MundoNavidenio365\\vendor\\laravel\\framework\\src\\Illuminate\\View\\Factory.php(146): Illuminate\\View\\Factory->viewInstance('errors::500', 'C:\\\\Users\\\\User\\\\D...', Array)
#12 C:\\Users\\User\\Desktop\\ING DAVID VEGA\\FULLSTACK\\MundoNavidenio365\\vendor\\laravel\\framework\\src\\Illuminate\\Routing\\ResponseFactory.php(88): Illuminate\\View\\Factory->make('errors::500', Array)
#13 C:\\Users\\User\\Desktop\\ING DAVID VEGA\\FULLSTACK\\MundoNavidenio365\\vendor\\laravel\\framework\\src\\Illuminate\\Foundation\\Exceptions\\Handler.php(723): Illuminate\\Routing\\ResponseFactory->view('errors::500', Array, 500, Array)
#14 C:\\Users\\User\\Desktop\\ING DAVID VEGA\\FULLSTACK\\MundoNavidenio365\\vendor\\laravel\\framework\\src\\Illuminate\\Foundation\\Exceptions\\Handler.php(650): Illuminate\\Foundation\\Exceptions\\Handler->renderHttpException(Object(Symfony\\Component\\HttpKernel\\Exception\\HttpException))
#15 C:\\Users\\User\\Desktop\\ING DAVID VEGA\\FULLSTACK\\MundoNavidenio365\\vendor\\laravel\\framework\\src\\Illuminate\\Foundation\\Exceptions\\Handler.php(556): Illuminate\\Foundation\\Exceptions\\Handler->prepareResponse(Object(Illuminate\\Http\\Request), Object(Symfony\\Component\\HttpKernel\\Exception\\HttpException))
#16 C:\\Users\\User\\Desktop\\ING DAVID VEGA\\FULLSTACK\\MundoNavidenio365\\vendor\\laravel\\framework\\src\\Illuminate\\Foundation\\Exceptions\\Handler.php(473): Illuminate\\Foundation\\Exceptions\\Handler->renderExceptionResponse(Object(Illuminate\\Http\\Request), Object(Illuminate\\Encryption\\MissingAppKeyException))
#17 C:\\Users\\User\\Desktop\\ING DAVID VEGA\\FULLSTACK\\MundoNavidenio365\\vendor\\laravel\\framework\\src\\Illuminate\\Routing\\Pipeline.php(51): Illuminate\\Foundation\\Exceptions\\Handler->render(Object(Illuminate\\Http\\Request), Object(Illuminate\\Encryption\\MissingAppKeyException))
#18 C:\\Users\\User\\Desktop\\ING DAVID VEGA\\FULLSTACK\\MundoNavidenio365\\vendor\\laravel\\framework\\src\\Illuminate\\Pipeline\\Pipeline.php(188): Illuminate\\Routing\\Pipeline->handleException(Object(Illuminate\\Http\\Request), Object(Illuminate\\Encryption\\MissingAppKeyException))
#19 C:\\Users\\User\\Desktop\\ING DAVID VEGA\\FULLSTACK\\MundoNavidenio365\\vendor\\laravel\\framework\\src\\Illuminate\\Pipeline\\Pipeline.php(119): Illuminate\\Pipeline\\Pipeline->Illuminate\\Pipeline\\{closure}(Object(Illuminate\\Http\\Request))
#20 C:\\Users\\User\\Desktop\\ING DAVID VEGA\\FULLSTACK\\MundoNavidenio365\\vendor\\laravel\\framework\\src\\Illuminate\\Routing\\Router.php(805): Illuminate\\Pipeline\\Pipeline->then(Object(Closure))
#21 C:\\Users\\User\\Desktop\\ING DAVID VEGA\\FULLSTACK\\MundoNavidenio365\\vendor\\laravel\\framework\\src\\Illuminate\\Routing\\Router.php(784): Illuminate\\Routing\\Router->runRouteWithinStack(Object(Illuminate\\Routing\\Route), Object(Illuminate\\Http\\Request))
#22 C:\\Users\\User\\Desktop\\ING DAVID VEGA\\FULLSTACK\\MundoNavidenio365\\vendor\\laravel\\framework\\src\\Illuminate\\Routing\\Router.php(748): Illuminate\\Routing\\Router->runRoute(Object(Illuminate\\Http\\Request), Object(Illuminate\\Routing\\Route))
#23 C:\\Users\\User\\Desktop\\ING DAVID VEGA\\FULLSTACK\\MundoNavidenio365\\vendor\\laravel\\framework\\src\\Illuminate\\Routing\\Router.php(737): Illuminate\\Routing\\Router->dispatchToRoute(Object(Illuminate\\Http\\Request))
#24 C:\\Users\\User\\Desktop\\ING DAVID VEGA\\FULLSTACK\\MundoNavidenio365\\vendor\\laravel\\framework\\src\\Illuminate\\Foundation\\Http\\Kernel.php(200): Illuminate\\Routing\\Router->dispatch(Object(Illuminate\\Http\\Request))
#25 C:\\Users\\User\\Desktop\\ING DAVID VEGA\\FULLSTACK\\MundoNavidenio365\\vendor\\laravel\\framework\\src\\Illuminate\\Pipeline\\Pipeline.php(144): Illuminate\\Foundation\\Http\\Kernel->Illuminate\\Foundation\\Http\\{closure}(Object(Illuminate\\Http\\Request))
#26 C:\\Users\\User\\Desktop\\ING DAVID VEGA\\FULLSTACK\\MundoNavidenio365\\vendor\\laravel\\framework\\src\\Illuminate\\Foundation\\Http\\Middleware\\TransformsRequest.php(21): Illuminate\\Pipeline\\Pipeline->Illuminate\\Pipeline\\{closure}(Object(Illuminate\\Http\\Request))
#27 C:\\Users\\User\\Desktop\\ING DAVID VEGA\\FULLSTACK\\MundoNavidenio365\\vendor\\laravel\\framework\\src\\Illuminate\\Foundation\\Http\\Middleware\\ConvertEmptyStringsToNull.php(31): Illuminate\\Foundation\\Http\\Middleware\\TransformsRequest->handle(Object(Illuminate\\Http\\Request), Object(Closure))
#28 C:\\Users\\User\\Desktop\\ING DAVID VEGA\\FULLSTACK\\MundoNavidenio365\\vendor\\laravel\\framework\\src\\Illuminate\\Pipeline\\Pipeline.php(183): Illuminate\\Foundation\\Http\\Middleware\\ConvertEmptyStringsToNull->handle(Object(Illuminate\\Http\\Request), Object(Closure))
#29 C:\\Users\\User\\Desktop\\ING DAVID VEGA\\FULLSTACK\\MundoNavidenio365\\vendor\\laravel\\framework\\src\\Illuminate\\Foundation\\Http\\Middleware\\TransformsRequest.php(21): Illuminate\\Pipeline\\Pipeline->Illuminate\\Pipeline\\{closure}(Object(Illuminate\\Http\\Request))
#30 C:\\Users\\User\\Desktop\\ING DAVID VEGA\\FULLSTACK\\MundoNavidenio365\\vendor\\laravel\\framework\\src\\Illuminate\\Foundation\\Http\\Middleware\\TrimStrings.php(40): Illuminate\\Foundation\\Http\\Middleware\\TransformsRequest->handle(Object(Illuminate\\Http\\Request), Object(Closure))
#31 C:\\Users\\User\\Desktop\\ING DAVID VEGA\\FULLSTACK\\MundoNavidenio365\\vendor\\laravel\\framework\\src\\Illuminate\\Pipeline\\Pipeline.php(183): Illuminate\\Foundation\\Http\\Middleware\\TrimStrings->handle(Object(Illuminate\\Http\\Request), Object(Closure))
#32 C:\\Users\\User\\Desktop\\ING DAVID VEGA\\FULLSTACK\\MundoNavidenio365\\vendor\\laravel\\framework\\src\\Illuminate\\Foundation\\Http\\Middleware\\ValidatePostSize.php(27): Illuminate\\Pipeline\\Pipeline->Illuminate\\Pipeline\\{closure}(Object(Illuminate\\Http\\Request))
#33 C:\\Users\\User\\Desktop\\ING DAVID VEGA\\FULLSTACK\\MundoNavidenio365\\vendor\\laravel\\framework\\src\\Illuminate\\Pipeline\\Pipeline.php(183): Illuminate\\Foundation\\Http\\Middleware\\ValidatePostSize->handle(Object(Illuminate\\Http\\Request), Object(Closure))
#34 C:\\Users\\User\\Desktop\\ING DAVID VEGA\\FULLSTACK\\MundoNavidenio365\\vendor\\laravel\\framework\\src\\Illuminate\\Foundation\\Http\\Middleware\\PreventRequestsDuringMaintenance.php(99): Illuminate\\Pipeline\\Pipeline->Illuminate\\Pipeline\\{closure}(Object(Illuminate\\Http\\Request))
#35 C:\\Users\\User\\Desktop\\ING DAVID VEGA\\FULLSTACK\\MundoNavidenio365\\vendor\\laravel\\framework\\src\\Illuminate\\Pipeline\\Pipeline.php(183): Illuminate\\Foundation\\Http\\Middleware\\PreventRequestsDuringMaintenance->handle(Object(Illuminate\\Http\\Request), Object(Closure))
#36 C:\\Users\\User\\Desktop\\ING DAVID VEGA\\FULLSTACK\\MundoNavidenio365\\vendor\\laravel\\framework\\src\\Illuminate\\Http\\Middleware\\HandleCors.php(49): Illuminate\\Pipeline\\Pipeline->Illuminate\\Pipeline\\{closure}(Object(Illuminate\\Http\\Request))
#37 C:\\Users\\User\\Desktop\\ING DAVID VEGA\\FULLSTACK\\MundoNavidenio365\\vendor\\laravel\\framework\\src\\Illuminate\\Pipeline\\Pipeline.php(183): Illuminate\\Http\\Middleware\\HandleCors->handle(Object(Illuminate\\Http\\Request), Object(Closure))
#38 C:\\Users\\User\\Desktop\\ING DAVID VEGA\\FULLSTACK\\MundoNavidenio365\\vendor\\laravel\\framework\\src\\Illuminate\\Http\\Middleware\\TrustProxies.php(39): Illuminate\\Pipeline\\Pipeline->Illuminate\\Pipeline\\{closure}(Object(Illuminate\\Http\\Request))
#39 C:\\Users\\User\\Desktop\\ING DAVID VEGA\\FULLSTACK\\MundoNavidenio365\\vendor\\laravel\\framework\\src\\Illuminate\\Pipeline\\Pipeline.php(183): Illuminate\\Http\\Middleware\\TrustProxies->handle(Object(Illuminate\\Http\\Request), Object(Closure))
#40 C:\\Users\\User\\Desktop\\ING DAVID VEGA\\FULLSTACK\\MundoNavidenio365\\vendor\\laravel\\framework\\src\\Illuminate\\Pipeline\\Pipeline.php(119): Illuminate\\Pipeline\\Pipeline->Illuminate\\Pipeline\\{closure}(Object(Illuminate\\Http\\Request))
#41 C:\\Users\\User\\Desktop\\ING DAVID VEGA\\FULLSTACK\\MundoNavidenio365\\vendor\\laravel\\framework\\src\\Illuminate\\Foundation\\Http\\Kernel.php(175): Illuminate\\Pipeline\\Pipeline->then(Object(Closure))
#42 C:\\Users\\User\\Desktop\\ING DAVID VEGA\\FULLSTACK\\MundoNavidenio365\\vendor\\laravel\\framework\\src\\Illuminate\\Foundation\\Http\\Kernel.php(144): Illuminate\\Foundation\\Http\\Kernel->sendRequestThroughRouter(Object(Illuminate\\Http\\Request))
#43 C:\\Users\\User\\Desktop\\ING DAVID VEGA\\FULLSTACK\\MundoNavidenio365\\public\\index.php(51): Illuminate\\Foundation\\Http\\Kernel->handle(Object(Illuminate\\Http\\Request))
#44 C:\\Users\\User\\Desktop\\ING DAVID VEGA\\FULLSTACK\\MundoNavidenio365\\vendor\\laravel\\framework\\src\\Illuminate\\Foundation\\resources\\server.php(16): require_once('C:\\\\Users\\\\User\\\\D...')
#45 {main}
"} 
[2026-01-25 05:56:43] production.ERROR: No application encryption key has been specified. {"exception":"[object] (Illuminate\\Encryption\\MissingAppKeyException(code: 0): No application encryption key has been specified. at C:\\Users\\User\\Desktop\\ING DAVID VEGA\\FULLSTACK\\MundoNavidenio365\\vendor\\laravel\\framework\\src\\Illuminate\\Encryption\\EncryptionServiceProvider.php:79)
[stacktrace]
#0 C:\\Users\\User\\Desktop\\ING DAVID VEGA\\FULLSTACK\\MundoNavidenio365\\vendor\\laravel\\framework\\src\\Illuminate\\Support\\helpers.php(320): Illuminate\\Encryption\\EncryptionServiceProvider->Illuminate\\Encryption\\{closure}(NULL)
#1 C:\\Users\\User\\Desktop\\ING DAVID VEGA\\FULLSTACK\\MundoNavidenio365\\vendor\\laravel\\framework\\src\\Illuminate\\Encryption\\EncryptionServiceProvider.php(77): tap(NULL, Object(Closure))
#2 C:\\Users\\User\\Desktop\\ING DAVID VEGA\\FULLSTACK\\MundoNavidenio365\\vendor\\laravel\\framework\\src\\Illuminate\\Encryption\\EncryptionServiceProvider.php(60): Illuminate\\Encryption\\EncryptionServiceProvider->key(Array)
#3 C:\\Users\\User\\Desktop\\ING DAVID VEGA\\FULLSTACK\\MundoNavidenio365\\vendor\\laravel\\framework\\src\\Illuminate\\Encryption\\EncryptionServiceProvider.php(32): Illuminate\\Encryption\\EncryptionServiceProvider->parseKey(Array)
#4 C:\\Users\\User\\Desktop\\ING DAVID VEGA\\FULLSTACK\\MundoNavidenio365\\vendor\\laravel\\framework\\src\\Illuminate\\Container\\Container.php(908): Illuminate\\Encryption\\EncryptionServiceProvider->Illuminate\\Encryption\\{closure}(Object(Illuminate\\Foundation\\Application), Array)
#5 C:\\Users\\User\\Desktop\\ING DAVID VEGA\\FULLSTACK\\MundoNavidenio365\\vendor\\laravel\\framework\\src\\Illuminate\\Container\\Container.php(795): Illuminate\\Container\\Container->build(Object(Closure))
#6 C:\\Users\\User\\Desktop\\ING DAVID VEGA\\FULLSTACK\\MundoNavidenio365\\vendor\\laravel\\framework\\src\\Illuminate\\Foundation\\Application.php(986): Illuminate\\Container\\Container->resolve('encrypter', Array, true)
#7 C:\\Users\\User\\Desktop\\ING DAVID VEGA\\FULLSTACK\\MundoNavidenio365\\vendor\\laravel\\framework\\src\\Illuminate\\Container\\Container.php(731): Illuminate\\Foundation\\Application->resolve('encrypter', Array)
#8 C:\\Users\\User\\Desktop\\ING DAVID VEGA\\FULLSTACK\\MundoNavidenio365\\vendor\\laravel\\framework\\src\\Illuminate\\Foundation\\Application.php(971): Illuminate\\Container\\Container->make('encrypter', Array)
#9 C:\\Users\\User\\Desktop\\ING DAVID VEGA\\FULLSTACK\\MundoNavidenio365\\vendor\\laravel\\framework\\src\\Illuminate\\Container\\Container.php(1066): Illuminate\\Foundation\\Application->make('encrypter')
#10 C:\\Users\\User\\Desktop\\ING DAVID VEGA\\FULLSTACK\\MundoNavidenio365\\vendor\\laravel\\framework\\src\\Illuminate\\Container\\Container.php(982): Illuminate\\Container\\Container->resolveClass(Object(ReflectionParameter))
#11 C:\\Users\\User\\Desktop\\ING DAVID VEGA\\FULLSTACK\\MundoNavidenio365\\vendor\\laravel\\framework\\src\\Illuminate\\Container\\Container.php(943): Illuminate\\Container\\Container->resolveDependencies(Array)
#12 C:\\Users\\User\\Desktop\\ING DAVID VEGA\\FULLSTACK\\MundoNavidenio365\\vendor\\laravel\\framework\\src\\Illuminate\\Container\\Container.php(795): Illuminate\\Container\\Container->build('App\\\\Http\\\\Middle...')
#13 C:\\Users\\User\\Desktop\\ING DAVID VEGA\\FULLSTACK\\MundoNavidenio365\\vendor\\laravel\\framework\\src\\Illuminate\\Foundation\\Application.php(986): Illuminate\\Container\\Container->resolve('App\\\\Http\\\\Middle...', Array, true)
#14 C:\\Users\\User\\Desktop\\ING DAVID VEGA\\FULLSTACK\\MundoNavidenio365\\vendor\\laravel\\framework\\src\\Illuminate\\Container\\Container.php(731): Illuminate\\Foundation\\Application->resolve('App\\\\Http\\\\Middle...', Array)
#15 C:\\Users\\User\\Desktop\\ING DAVID VEGA\\FULLSTACK\\MundoNavidenio365\\vendor\\laravel\\framework\\src\\Illuminate\\Foundation\\Application.php(971): Illuminate\\Container\\Container->make('App\\\\Http\\\\Middle...', Array)
#16 C:\\Users\\User\\Desktop\\ING DAVID VEGA\\FULLSTACK\\MundoNavidenio365\\vendor\\laravel\\framework\\src\\Illuminate\\Foundation\\Http\\Kernel.php(255): Illuminate\\Foundation\\Application->make('App\\\\Http\\\\Middle...')
#17 C:\\Users\\User\\Desktop\\ING DAVID VEGA\\FULLSTACK\\MundoNavidenio365\\vendor\\laravel\\framework\\src\\Illuminate\\Foundation\\Http\\Kernel.php(213): Illuminate\\Foundation\\Http\\Kernel->terminateMiddleware(Object(Illuminate\\Http\\Request), Object(Illuminate\\Http\\Response))
#18 C:\\Users\\User\\Desktop\\ING DAVID VEGA\\FULLSTACK\\MundoNavidenio365\\public\\index.php(55): Illuminate\\Foundation\\Http\\Kernel->terminate(Object(Illuminate\\Http\\Request), Object(Illuminate\\Http\\Response))
#19 C:\\Users\\User\\Desktop\\ING DAVID VEGA\\FULLSTACK\\MundoNavidenio365\\vendor\\laravel\\framework\\src\\Illuminate\\Foundation\\resources\\server.php(16): require_once('C:\\\\Users\\\\User\\\\D...')
#20 {main}
"} 
[2026-01-25 05:56:43] production.ERROR: Please provide a valid cache path. {"exception":"[object] (InvalidArgumentException(code: 0): Please provide a valid cache path. at C:\\Users\\User\\Desktop\\ING DAVID VEGA\\FULLSTACK\\MundoNavidenio365\\vendor\\laravel\\framework\\src\\Illuminate\\View\\Compilers\\Compiler.php:67)
[stacktrace]
#0 C:\\Users\\User\\Desktop\\ING DAVID VEGA\\FULLSTACK\\MundoNavidenio365\\vendor\\laravel\\framework\\src\\Illuminate\\View\\ViewServiceProvider.php(97): Illuminate\\View\\Compilers\\Compiler->__construct(Object(Illuminate\\Filesystem\\Filesystem), false, '', true, 'php')
#1 C:\\Users\\User\\Desktop\\ING DAVID VEGA\\FULLSTACK\\MundoNavidenio365\\vendor\\laravel\\framework\\src\\Illuminate\\Container\\Container.php(908): Illuminate\\View\\ViewServiceProvider->Illuminate\\View\\{closure}(Object(Illuminate\\Foundation\\Application), Array)
#2 C:\\Users\\User\\Desktop\\ING DAVID VEGA\\FULLSTACK\\MundoNavidenio365\\vendor\\laravel\\framework\\src\\Illuminate\\Container\\Container.php(795): Illuminate\\Container\\Container->build(Object(Closure))
#3 C:\\Users\\User\\Desktop\\ING DAVID VEGA\\FULLSTACK\\MundoNavidenio365\\vendor\\laravel\\framework\\src\\Illuminate\\Foundation\\Application.php(986): Illuminate\\Container\\Container->resolve('blade.compiler', Array, true)
#4 C:\\Users\\User\\Desktop\\ING DAVID VEGA\\FULLSTACK\\MundoNavidenio365\\vendor\\laravel\\framework\\src\\Illuminate\\Container\\Container.php(731): Illuminate\\Foundation\\Application->resolve('blade.compiler', Array)
#5 C:\\Users\\User\\Desktop\\ING DAVID VEGA\\FULLSTACK\\MundoNavidenio365\\vendor\\laravel\\framework\\src\\Illuminate\\Foundation\\Application.php(971): Illuminate\\Container\\Container->make('blade.compiler', Array)
#6 C:\\Users\\User\\Desktop\\ING DAVID VEGA\\FULLSTACK\\MundoNavidenio365\\vendor\\laravel\\framework\\src\\Illuminate\\View\\ViewServiceProvider.php(168): Illuminate\\Foundation\\Application->make('blade.compiler')
#7 [internal function]: Illuminate\\View\\ViewServiceProvider->Illuminate\\View\\{closure}()
#8 C:\\Users\\User\\Desktop\\ING DAVID VEGA\\FULLSTACK\\MundoNavidenio365\\vendor\\laravel\\framework\\src\\Illuminate\\View\\Engines\\EngineResolver.php(55): call_user_func(Object(Closure))
#9 C:\\Users\\User\\Desktop\\ING DAVID VEGA\\FULLSTACK\\MundoNavidenio365\\vendor\\laravel\\framework\\src\\Illuminate\\View\\Factory.php(310): Illuminate\\View\\Engines\\EngineResolver->resolve('blade')
#10 C:\\Users\\User\\Desktop\\ING DAVID VEGA\\FULLSTACK\\MundoNavidenio365\\vendor\\laravel\\framework\\src\\Illuminate\\View\\Factory.php(274): Illuminate\\View\\Factory->getEngineFromPath('C:\\\\Users\\\\User\\\\D...')
#11 C:\\Users\\User\\Desktop\\ING DAVID VEGA\\FULLSTACK\\MundoNavidenio365\\vendor\\laravel\\framework\\src\\Illuminate\\View\\Factory.php(146): Illuminate\\View\\Factory->viewInstance('errors::500', 'C:\\\\Users\\\\User\\\\D...', Array)
#12 C:\\Users\\User\\Desktop\\ING DAVID VEGA\\FULLSTACK\\MundoNavidenio365\\vendor\\laravel\\framework\\src\\Illuminate\\Routing\\ResponseFactory.php(88): Illuminate\\View\\Factory->make('errors::500', Array)
#13 C:\\Users\\User\\Desktop\\ING DAVID VEGA\\FULLSTACK\\MundoNavidenio365\\vendor\\laravel\\framework\\src\\Illuminate\\Foundation\\Exceptions\\Handler.php(723): Illuminate\\Routing\\ResponseFactory->view('errors::500', Array, 500, Array)
#14 C:\\Users\\User\\Desktop\\ING DAVID VEGA\\FULLSTACK\\MundoNavidenio365\\vendor\\laravel\\framework\\src\\Illuminate\\Foundation\\Exceptions\\Handler.php(650): Illuminate\\Foundation\\Exceptions\\Handler->renderHttpException(Object(Symfony\\Component\\HttpKernel\\Exception\\HttpException))
#15 C:\\Users\\User\\Desktop\\ING DAVID VEGA\\FULLSTACK\\MundoNavidenio365\\vendor\\laravel\\framework\\src\\Illuminate\\Foundation\\Exceptions\\Handler.php(556): Illuminate\\Foundation\\Exceptions\\Handler->prepareResponse(Object(Illuminate\\Http\\Request), Object(Symfony\\Component\\HttpKernel\\Exception\\HttpException))
#16 C:\\Users\\User\\Desktop\\ING DAVID VEGA\\FULLSTACK\\MundoNavidenio365\\vendor\\laravel\\framework\\src\\Illuminate\\Foundation\\Exceptions\\Handler.php(473): Illuminate\\Foundation\\Exceptions\\Handler->renderExceptionResponse(Object(Illuminate\\Http\\Request), Object(Illuminate\\Encryption\\MissingAppKeyException))
#17 C:\\Users\\User\\Desktop\\ING DAVID VEGA\\FULLSTACK\\MundoNavidenio365\\vendor\\laravel\\framework\\src\\Illuminate\\Foundation\\Bootstrap\\HandleExceptions.php(218): Illuminate\\Foundation\\Exceptions\\Handler->render(Object(Illuminate\\Http\\Request), Object(Illuminate\\Encryption\\MissingAppKeyException))
#18 C:\\Users\\User\\Desktop\\ING DAVID VEGA\\FULLSTACK\\MundoNavidenio365\\vendor\\laravel\\framework\\src\\Illuminate\\Foundation\\Bootstrap\\HandleExceptions.php(195): Illuminate\\Foundation\\Bootstrap\\HandleExceptions->renderHttpResponse(Object(Illuminate\\Encryption\\MissingAppKeyException))
#19 C:\\Users\\User\\Desktop\\ING DAVID VEGA\\FULLSTACK\\MundoNavidenio365\\vendor\\laravel\\framework\\src\\Illuminate\\Foundation\\Bootstrap\\HandleExceptions.php(255): Illuminate\\Foundation\\Bootstrap\\HandleExceptions->handleException(Object(Illuminate\\Encryption\\MissingAppKeyException))
#20 [internal function]: Illuminate\\Foundation\\Bootstrap\\HandleExceptions->Illuminate\\Foundation\\Bootstrap\\{closure}(Object(Illuminate\\Encryption\\MissingAppKeyException))
#21 {main}
"} 
[2026-01-25 05:56:58] production.ERROR: No application encryption key has been specified. {"exception":"[object] (Illuminate\\Encryption\\MissingAppKeyException(code: 0): No application encryption key has been specified. at C:\\Users\\User\\Desktop\\ING DAVID VEGA\\FULLSTACK\\MundoNavidenio365\\vendor\\laravel\\framework\\src\\Illuminate\\Encryption\\EncryptionServiceProvider.php:79)
[stacktrace]
#0 C:\\Users\\User\\Desktop\\ING DAVID VEGA\\FULLSTACK\\MundoNavidenio365\\vendor\\laravel\\framework\\src\\Illuminate\\Support\\helpers.php(320): Illuminate\\Encryption\\EncryptionServiceProvider->Illuminate\\Encryption\\{closure}(NULL)
#1 C:\\Users\\User\\Desktop\\ING DAVID VEGA\\FULLSTACK\\MundoNavidenio365\\vendor\\laravel\\framework\\src\\Illuminate\\Encryption\\EncryptionServiceProvider.php(77): tap(NULL, Object(Closure))
#2 C:\\Users\\User\\Desktop\\ING DAVID VEGA\\FULLSTACK\\MundoNavidenio365\\vendor\\laravel\\framework\\src\\Illuminate\\Encryption\\EncryptionServiceProvider.php(60): Illuminate\\Encryption\\EncryptionServiceProvider->key(Array)
#3 C:\\Users\\User\\Desktop\\ING DAVID VEGA\\FULLSTACK\\MundoNavidenio365\\vendor\\laravel\\framework\\src\\Illuminate\\Encryption\\EncryptionServiceProvider.php(32): Illuminate\\Encryption\\EncryptionServiceProvider->parseKey(Array)
#4 C:\\Users\\User\\Desktop\\ING DAVID VEGA\\FULLSTACK\\MundoNavidenio365\\vendor\\laravel\\framework\\src\\Illuminate\\Container\\Container.php(908): Illuminate\\Encryption\\EncryptionServiceProvider->Illuminate\\Encryption\\{closure}(Object(Illuminate\\Foundation\\Application), Array)
#5 C:\\Users\\User\\Desktop\\ING DAVID VEGA\\FULLSTACK\\MundoNavidenio365\\vendor\\laravel\\framework\\src\\Illuminate\\Container\\Container.php(795): Illuminate\\Container\\Container->build(Object(Closure))
#6 C:\\Users\\User\\Desktop\\ING DAVID VEGA\\FULLSTACK\\MundoNavidenio365\\vendor\\laravel\\framework\\src\\Illuminate\\Foundation\\Application.php(986): Illuminate\\Container\\Container->resolve('encrypter', Array, true)
#7 C:\\Users\\User\\Desktop\\ING DAVID VEGA\\FULLSTACK\\MundoNavidenio365\\vendor\\laravel\\framework\\src\\Illuminate\\Container\\Container.php(731): Illuminate\\Foundation\\Application->resolve('encrypter', Array)
#8 C:\\Users\\User\\Desktop\\ING DAVID VEGA\\FULLSTACK\\MundoNavidenio365\\vendor\\laravel\\framework\\src\\Illuminate\\Foundation\\Application.php(971): Illuminate\\Container\\Container->make('encrypter', Array)
#9 C:\\Users\\User\\Desktop\\ING DAVID VEGA\\FULLSTACK\\MundoNavidenio365\\vendor\\laravel\\framework\\src\\Illuminate\\Container\\Container.php(1066): Illuminate\\Foundation\\Application->make('encrypter')
#10 C:\\Users\\User\\Desktop\\ING DAVID VEGA\\FULLSTACK\\MundoNavidenio365\\vendor\\laravel\\framework\\src\\Illuminate\\Container\\Container.php(982): Illuminate\\Container\\Container->resolveClass(Object(ReflectionParameter))
#11 C:\\Users\\User\\Desktop\\ING DAVID VEGA\\FULLSTACK\\MundoNavidenio365\\vendor\\laravel\\framework\\src\\Illuminate\\Container\\Container.php(943): Illuminate\\Container\\Container->resolveDependencies(Array)
#12 C:\\Users\\User\\Desktop\\ING DAVID VEGA\\FULLSTACK\\MundoNavidenio365\\vendor\\laravel\\framework\\src\\Illuminate\\Container\\Container.php(795): Illuminate\\Container\\Container->build('App\\\\Http\\\\Middle...')
#13 C:\\Users\\User\\Desktop\\ING DAVID VEGA\\FULLSTACK\\MundoNavidenio365\\vendor\\laravel\\framework\\src\\Illuminate\\Foundation\\Application.php(986): Illuminate\\Container\\Container->resolve('App\\\\Http\\\\Middle...', Array, true)
#14 C:\\Users\\User\\Desktop\\ING DAVID VEGA\\FULLSTACK\\MundoNavidenio365\\vendor\\laravel\\framework\\src\\Illuminate\\Container\\Container.php(731): Illuminate\\Foundation\\Application->resolve('App\\\\Http\\\\Middle...', Array)
#15 C:\\Users\\User\\Desktop\\ING DAVID VEGA\\FULLSTACK\\MundoNavidenio365\\vendor\\laravel\\framework\\src\\Illuminate\\Foundation\\Application.php(971): Illuminate\\Container\\Container->make('App\\\\Http\\\\Middle...', Array)
#16 C:\\Users\\User\\Desktop\\ING DAVID VEGA\\FULLSTACK\\MundoNavidenio365\\vendor\\laravel\\framework\\src\\Illuminate\\Pipeline\\Pipeline.php(172): Illuminate\\Foundation\\Application->make('App\\\\Http\\\\Middle...')
#17 C:\\Users\\User\\Desktop\\ING DAVID VEGA\\FULLSTACK\\MundoNavidenio365\\vendor\\laravel\\framework\\src\\Illuminate\\Pipeline\\Pipeline.php(119): Illuminate\\Pipeline\\Pipeline->Illuminate\\Pipeline\\{closure}(Object(Illuminate\\Http\\Request))
#18 C:\\Users\\User\\Desktop\\ING DAVID VEGA\\FULLSTACK\\MundoNavidenio365\\vendor\\laravel\\framework\\src\\Illuminate\\Routing\\Router.php(805): Illuminate\\Pipeline\\Pipeline->then(Object(Closure))
#19 C:\\Users\\User\\Desktop\\ING DAVID VEGA\\FULLSTACK\\MundoNavidenio365\\vendor\\laravel\\framework\\src\\Illuminate\\Routing\\Router.php(784): Illuminate\\Routing\\Router->runRouteWithinStack(Object(Illuminate\\Routing\\Route), Object(Illuminate\\Http\\Request))
#20 C:\\Users\\User\\Desktop\\ING DAVID VEGA\\FULLSTACK\\MundoNavidenio365\\vendor\\laravel\\framework\\src\\Illuminate\\Routing\\Router.php(748): Illuminate\\Routing\\Router->runRoute(Object(Illuminate\\Http\\Request), Object(Illuminate\\Routing\\Route))
#21 C:\\Users\\User\\Desktop\\ING DAVID VEGA\\FULLSTACK\\MundoNavidenio365\\vendor\\laravel\\framework\\src\\Illuminate\\Routing\\Router.php(737): Illuminate\\Routing\\Router->dispatchToRoute(Object(Illuminate\\Http\\Request))
#22 C:\\Users\\User\\Desktop\\ING DAVID VEGA\\FULLSTACK\\MundoNavidenio365\\vendor\\laravel\\framework\\src\\Illuminate\\Foundation\\Http\\Kernel.php(200): Illuminate\\Routing\\Router->dispatch(Object(Illuminate\\Http\\Request))
#23 C:\\Users\\User\\Desktop\\ING DAVID VEGA\\FULLSTACK\\MundoNavidenio365\\vendor\\laravel\\framework\\src\\Illuminate\\Pipeline\\Pipeline.php(144): Illuminate\\Foundation\\Http\\Kernel->Illuminate\\Foundation\\Http\\{closure}(Object(Illuminate\\Http\\Request))
#24 C:\\Users\\User\\Desktop\\ING DAVID VEGA\\FULLSTACK\\MundoNavidenio365\\vendor\\laravel\\framework\\src\\Illuminate\\Foundation\\Http\\Middleware\\TransformsRequest.php(21): Illuminate\\Pipeline\\Pipeline->Illuminate\\Pipeline\\{closure}(Object(Illuminate\\Http\\Request))
#25 C:\\Users\\User\\Desktop\\ING DAVID VEGA\\FULLSTACK\\MundoNavidenio365\\vendor\\laravel\\framework\\src\\Illuminate\\Foundation\\Http\\Middleware\\ConvertEmptyStringsToNull.php(31): Illuminate\\Foundation\\Http\\Middleware\\TransformsRequest->handle(Object(Illuminate\\Http\\Request), Object(Closure))
#26 C:\\Users\\User\\Desktop\\ING DAVID VEGA\\FULLSTACK\\MundoNavidenio365\\vendor\\laravel\\framework\\src\\Illuminate\\Pipeline\\Pipeline.php(183): Illuminate\\Foundation\\Http\\Middleware\\ConvertEmptyStringsToNull->handle(Object(Illuminate\\Http\\Request), Object(Closure))
#27 C:\\Users\\User\\Desktop\\ING DAVID VEGA\\FULLSTACK\\MundoNavidenio365\\vendor\\laravel\\framework\\src\\Illuminate\\Foundation\\Http\\Middleware\\TransformsRequest.php(21): Illuminate\\Pipeline\\Pipeline->Illuminate\\Pipeline\\{closure}(Object(Illuminate\\Http\\Request))
#28 C:\\Users\\User\\Desktop\\ING DAVID VEGA\\FULLSTACK\\MundoNavidenio365\\vendor\\laravel\\framework\\src\\Illuminate\\Foundation\\Http\\Middleware\\TrimStrings.php(40): Illuminate\\Foundation\\Http\\Middleware\\TransformsRequest->handle(Object(Illuminate\\Http\\Request), Object(Closure))
#29 C:\\Users\\User\\Desktop\\ING DAVID VEGA\\FULLSTACK\\MundoNavidenio365\\vendor\\laravel\\framework\\src\\Illuminate\\Pipeline\\Pipeline.php(183): Illuminate\\Foundation\\Http\\Middleware\\TrimStrings->handle(Object(Illuminate\\Http\\Request), Object(Closure))
#30 C:\\Users\\User\\Desktop\\ING DAVID VEGA\\FULLSTACK\\MundoNavidenio365\\vendor\\laravel\\framework\\src\\Illuminate\\Foundation\\Http\\Middleware\\ValidatePostSize.php(27): Illuminate\\Pipeline\\Pipeline->Illuminate\\Pipeline\\{closure}(Object(Illuminate\\Http\\Request))
#31 C:\\Users\\User\\Desktop\\ING DAVID VEGA\\FULLSTACK\\MundoNavidenio365\\vendor\\laravel\\framework\\src\\Illuminate\\Pipeline\\Pipeline.php(183): Illuminate\\Foundation\\Http\\Middleware\\ValidatePostSize->handle(Object(Illuminate\\Http\\Request), Object(Closure))
#32 C:\\Users\\User\\Desktop\\ING DAVID VEGA\\FULLSTACK\\MundoNavidenio365\\vendor\\laravel\\framework\\src\\Illuminate\\Foundation\\Http\\Middleware\\PreventRequestsDuringMaintenance.php(99): Illuminate\\Pipeline\\Pipeline->Illuminate\\Pipeline\\{closure}(Object(Illuminate\\Http\\Request))
#33 C:\\Users\\User\\Desktop\\ING DAVID VEGA\\FULLSTACK\\MundoNavidenio365\\vendor\\laravel\\framework\\src\\Illuminate\\Pipeline\\Pipeline.php(183): Illuminate\\Foundation\\Http\\Middleware\\PreventRequestsDuringMaintenance->handle(Object(Illuminate\\Http\\Request), Object(Closure))
#34 C:\\Users\\User\\Desktop\\ING DAVID VEGA\\FULLSTACK\\MundoNavidenio365\\vendor\\laravel\\framework\\src\\Illuminate\\Http\\Middleware\\HandleCors.php(49): Illuminate\\Pipeline\\Pipeline->Illuminate\\Pipeline\\{closure}(Object(Illuminate\\Http\\Request))
#35 C:\\Users\\User\\Desktop\\ING DAVID VEGA\\FULLSTACK\\MundoNavidenio365\\vendor\\laravel\\framework\\src\\Illuminate\\Pipeline\\Pipeline.php(183): Illuminate\\Http\\Middleware\\HandleCors->handle(Object(Illuminate\\Http\\Request), Object(Closure))
#36 C:\\Users\\User\\Desktop\\ING DAVID VEGA\\FULLSTACK\\MundoNavidenio365\\vendor\\laravel\\framework\\src\\Illuminate\\Http\\Middleware\\TrustProxies.php(39): Illuminate\\Pipeline\\Pipeline->Illuminate\\Pipeline\\{closure}(Object(Illuminate\\Http\\Request))
#37 C:\\Users\\User\\Desktop\\ING DAVID VEGA\\FULLSTACK\\MundoNavidenio365\\vendor\\laravel\\framework\\src\\Illuminate\\Pipeline\\Pipeline.php(183): Illuminate\\Http\\Middleware\\TrustProxies->handle(Object(Illuminate\\Http\\Request), Object(Closure))
#38 C:\\Users\\User\\Desktop\\ING DAVID VEGA\\FULLSTACK\\MundoNavidenio365\\vendor\\laravel\\framework\\src\\Illuminate\\Pipeline\\Pipeline.php(119): Illuminate\\Pipeline\\Pipeline->Illuminate\\Pipeline\\{closure}(Object(Illuminate\\Http\\Request))
#39 C:\\Users\\User\\Desktop\\ING DAVID VEGA\\FULLSTACK\\MundoNavidenio365\\vendor\\laravel\\framework\\src\\Illuminate\\Foundation\\Http\\Kernel.php(175): Illuminate\\Pipeline\\Pipeline->then(Object(Closure))
#40 C:\\Users\\User\\Desktop\\ING DAVID VEGA\\FULLSTACK\\MundoNavidenio365\\vendor\\laravel\\framework\\src\\Illuminate\\Foundation\\Http\\Kernel.php(144): Illuminate\\Foundation\\Http\\Kernel->sendRequestThroughRouter(Object(Illuminate\\Http\\Request))
#41 C:\\Users\\User\\Desktop\\ING DAVID VEGA\\FULLSTACK\\MundoNavidenio365\\public\\index.php(51): Illuminate\\Foundation\\Http\\Kernel->handle(Object(Illuminate\\Http\\Request))
#42 C:\\Users\\User\\Desktop\\ING DAVID VEGA\\FULLSTACK\\MundoNavidenio365\\vendor\\laravel\\framework\\src\\Illuminate\\Foundation\\resources\\server.php(16): require_once('C:\\\\Users\\\\User\\\\D...')
#43 {main}
"} 
[2026-01-25 05:56:58] production.ERROR: Please provide a valid cache path. {"exception":"[object] (InvalidArgumentException(code: 0): Please provide a valid cache path. at C:\\Users\\User\\Desktop\\ING DAVID VEGA\\FULLSTACK\\MundoNavidenio365\\vendor\\laravel\\framework\\src\\Illuminate\\View\\Compilers\\Compiler.php:67)
[stacktrace]
#0 C:\\Users\\User\\Desktop\\ING DAVID VEGA\\FULLSTACK\\MundoNavidenio365\\vendor\\laravel\\framework\\src\\Illuminate\\View\\ViewServiceProvider.php(97): Illuminate\\View\\Compilers\\Compiler->__construct(Object(Illuminate\\Filesystem\\Filesystem), false, '', true, 'php')
#1 C:\\Users\\User\\Desktop\\ING DAVID VEGA\\FULLSTACK\\MundoNavidenio365\\vendor\\laravel\\framework\\src\\Illuminate\\Container\\Container.php(908): Illuminate\\View\\ViewServiceProvider->Illuminate\\View\\{closure}(Object(Illuminate\\Foundation\\Application), Array)
#2 C:\\Users\\User\\Desktop\\ING DAVID VEGA\\FULLSTACK\\MundoNavidenio365\\vendor\\laravel\\framework\\src\\Illuminate\\Container\\Container.php(795): Illuminate\\Container\\Container->build(Object(Closure))
#3 C:\\Users\\User\\Desktop\\ING DAVID VEGA\\FULLSTACK\\MundoNavidenio365\\vendor\\laravel\\framework\\src\\Illuminate\\Foundation\\Application.php(986): Illuminate\\Container\\Container->resolve('blade.compiler', Array, true)
#4 C:\\Users\\User\\Desktop\\ING DAVID VEGA\\FULLSTACK\\MundoNavidenio365\\vendor\\laravel\\framework\\src\\Illuminate\\Container\\Container.php(731): Illuminate\\Foundation\\Application->resolve('blade.compiler', Array)
#5 C:\\Users\\User\\Desktop\\ING DAVID VEGA\\FULLSTACK\\MundoNavidenio365\\vendor\\laravel\\framework\\src\\Illuminate\\Foundation\\Application.php(971): Illuminate\\Container\\Container->make('blade.compiler', Array)
#6 C:\\Users\\User\\Desktop\\ING DAVID VEGA\\FULLSTACK\\MundoNavidenio365\\vendor\\laravel\\framework\\src\\Illuminate\\View\\ViewServiceProvider.php(168): Illuminate\\Foundation\\Application->make('blade.compiler')
#7 [internal function]: Illuminate\\View\\ViewServiceProvider->Illuminate\\View\\{closure}()
#8 C:\\Users\\User\\Desktop\\ING DAVID VEGA\\FULLSTACK\\MundoNavidenio365\\vendor\\laravel\\framework\\src\\Illuminate\\View\\Engines\\EngineResolver.php(55): call_user_func(Object(Closure))
#9 C:\\Users\\User\\Desktop\\ING DAVID VEGA\\FULLSTACK\\MundoNavidenio365\\vendor\\laravel\\framework\\src\\Illuminate\\View\\Factory.php(310): Illuminate\\View\\Engines\\EngineResolver->resolve('blade')
#10 C:\\Users\\User\\Desktop\\ING DAVID VEGA\\FULLSTACK\\MundoNavidenio365\\vendor\\laravel\\framework\\src\\Illuminate\\View\\Factory.php(274): Illuminate\\View\\Factory->getEngineFromPath('C:\\\\Users\\\\User\\\\D...')
#11 C:\\Users\\User\\Desktop\\ING DAVID VEGA\\FULLSTACK\\MundoNavidenio365\\vendor\\laravel\\framework\\src\\Illuminate\\View\\Factory.php(146): Illuminate\\View\\Factory->viewInstance('errors::500', 'C:\\\\Users\\\\User\\\\D...', Array)
#12 C:\\Users\\User\\Desktop\\ING DAVID VEGA\\FULLSTACK\\MundoNavidenio365\\vendor\\laravel\\framework\\src\\Illuminate\\Routing\\ResponseFactory.php(88): Illuminate\\View\\Factory->make('errors::500', Array)
#13 C:\\Users\\User\\Desktop\\ING DAVID VEGA\\FULLSTACK\\MundoNavidenio365\\vendor\\laravel\\framework\\src\\Illuminate\\Foundation\\Exceptions\\Handler.php(723): Illuminate\\Routing\\ResponseFactory->view('errors::500', Array, 500, Array)
#14 C:\\Users\\User\\Desktop\\ING DAVID VEGA\\FULLSTACK\\MundoNavidenio365\\vendor\\laravel\\framework\\src\\Illuminate\\Foundation\\Exceptions\\Handler.php(650): Illuminate\\Foundation\\Exceptions\\Handler->renderHttpException(Object(Symfony\\Component\\HttpKernel\\Exception\\HttpException))
#15 C:\\Users\\User\\Desktop\\ING DAVID VEGA\\FULLSTACK\\MundoNavidenio365\\vendor\\laravel\\framework\\src\\Illuminate\\Foundation\\Exceptions\\Handler.php(556): Illuminate\\Foundation\\Exceptions\\Handler->prepareResponse(Object(Illuminate\\Http\\Request), Object(Symfony\\Component\\HttpKernel\\Exception\\HttpException))
#16 C:\\Users\\User\\Desktop\\ING DAVID VEGA\\FULLSTACK\\MundoNavidenio365\\vendor\\laravel\\framework\\src\\Illuminate\\Foundation\\Exceptions\\Handler.php(473): Illuminate\\Foundation\\Exceptions\\Handler->renderExceptionResponse(Object(Illuminate\\Http\\Request), Object(Illuminate\\Encryption\\MissingAppKeyException))
#17 C:\\Users\\User\\Desktop\\ING DAVID VEGA\\FULLSTACK\\MundoNavidenio365\\vendor\\laravel\\framework\\src\\Illuminate\\Routing\\Pipeline.php(51): Illuminate\\Foundation\\Exceptions\\Handler->render(Object(Illuminate\\Http\\Request), Object(Illuminate\\Encryption\\MissingAppKeyException))
#18 C:\\Users\\User\\Desktop\\ING DAVID VEGA\\FULLSTACK\\MundoNavidenio365\\vendor\\laravel\\framework\\src\\Illuminate\\Pipeline\\Pipeline.php(188): Illuminate\\Routing\\Pipeline->handleException(Object(Illuminate\\Http\\Request), Object(Illuminate\\Encryption\\MissingAppKeyException))
#19 C:\\Users\\User\\Desktop\\ING DAVID VEGA\\FULLSTACK\\MundoNavidenio365\\vendor\\laravel\\framework\\src\\Illuminate\\Pipeline\\Pipeline.php(119): Illuminate\\Pipeline\\Pipeline->Illuminate\\Pipeline\\{closure}(Object(Illuminate\\Http\\Request))
#20 C:\\Users\\User\\Desktop\\ING DAVID VEGA\\FULLSTACK\\MundoNavidenio365\\vendor\\laravel\\framework\\src\\Illuminate\\Routing\\Router.php(805): Illuminate\\Pipeline\\Pipeline->then(Object(Closure))
#21 C:\\Users\\User\\Desktop\\ING DAVID VEGA\\FULLSTACK\\MundoNavidenio365\\vendor\\laravel\\framework\\src\\Illuminate\\Routing\\Router.php(784): Illuminate\\Routing\\Router->runRouteWithinStack(Object(Illuminate\\Routing\\Route), Object(Illuminate\\Http\\Request))
#22 C:\\Users\\User\\Desktop\\ING DAVID VEGA\\FULLSTACK\\MundoNavidenio365\\vendor\\laravel\\framework\\src\\Illuminate\\Routing\\Router.php(748): Illuminate\\Routing\\Router->runRoute(Object(Illuminate\\Http\\Request), Object(Illuminate\\Routing\\Route))
#23 C:\\Users\\User\\Desktop\\ING DAVID VEGA\\FULLSTACK\\MundoNavidenio365\\vendor\\laravel\\framework\\src\\Illuminate\\Routing\\Router.php(737): Illuminate\\Routing\\Router->dispatchToRoute(Object(Illuminate\\Http\\Request))
#24 C:\\Users\\User\\Desktop\\ING DAVID VEGA\\FULLSTACK\\MundoNavidenio365\\vendor\\laravel\\framework\\src\\Illuminate\\Foundation\\Http\\Kernel.php(200): Illuminate\\Routing\\Router->dispatch(Object(Illuminate\\Http\\Request))
#25 C:\\Users\\User\\Desktop\\ING DAVID VEGA\\FULLSTACK\\MundoNavidenio365\\vendor\\laravel\\framework\\src\\Illuminate\\Pipeline\\Pipeline.php(144): Illuminate\\Foundation\\Http\\Kernel->Illuminate\\Foundation\\Http\\{closure}(Object(Illuminate\\Http\\Request))
#26 C:\\Users\\User\\Desktop\\ING DAVID VEGA\\FULLSTACK\\MundoNavidenio365\\vendor\\laravel\\framework\\src\\Illuminate\\Foundation\\Http\\Middleware\\TransformsRequest.php(21): Illuminate\\Pipeline\\Pipeline->Illuminate\\Pipeline\\{closure}(Object(Illuminate\\Http\\Request))
#27 C:\\Users\\User\\Desktop\\ING DAVID VEGA\\FULLSTACK\\MundoNavidenio365\\vendor\\laravel\\framework\\src\\Illuminate\\Foundation\\Http\\Middleware\\ConvertEmptyStringsToNull.php(31): Illuminate\\Foundation\\Http\\Middleware\\TransformsRequest->handle(Object(Illuminate\\Http\\Request), Object(Closure))
#28 C:\\Users\\User\\Desktop\\ING DAVID VEGA\\FULLSTACK\\MundoNavidenio365\\vendor\\laravel\\framework\\src\\Illuminate\\Pipeline\\Pipeline.php(183): Illuminate\\Foundation\\Http\\Middleware\\ConvertEmptyStringsToNull->handle(Object(Illuminate\\Http\\Request), Object(Closure))
#29 C:\\Users\\User\\Desktop\\ING DAVID VEGA\\FULLSTACK\\MundoNavidenio365\\vendor\\laravel\\framework\\src\\Illuminate\\Foundation\\Http\\Middleware\\TransformsRequest.php(21): Illuminate\\Pipeline\\Pipeline->Illuminate\\Pipeline\\{closure}(Object(Illuminate\\Http\\Request))
#30 C:\\Users\\User\\Desktop\\ING DAVID VEGA\\FULLSTACK\\MundoNavidenio365\\vendor\\laravel\\framework\\src\\Illuminate\\Foundation\\Http\\Middleware\\TrimStrings.php(40): Illuminate\\Foundation\\Http\\Middleware\\TransformsRequest->handle(Object(Illuminate\\Http\\Request), Object(Closure))
#31 C:\\Users\\User\\Desktop\\ING DAVID VEGA\\FULLSTACK\\MundoNavidenio365\\vendor\\laravel\\framework\\src\\Illuminate\\Pipeline\\Pipeline.php(183): Illuminate\\Foundation\\Http\\Middleware\\TrimStrings->handle(Object(Illuminate\\Http\\Request), Object(Closure))
#32 C:\\Users\\User\\Desktop\\ING DAVID VEGA\\FULLSTACK\\MundoNavidenio365\\vendor\\laravel\\framework\\src\\Illuminate\\Foundation\\Http\\Middleware\\ValidatePostSize.php(27): Illuminate\\Pipeline\\Pipeline->Illuminate\\Pipeline\\{closure}(Object(Illuminate\\Http\\Request))
#33 C:\\Users\\User\\Desktop\\ING DAVID VEGA\\FULLSTACK\\MundoNavidenio365\\vendor\\laravel\\framework\\src\\Illuminate\\Pipeline\\Pipeline.php(183): Illuminate\\Foundation\\Http\\Middleware\\ValidatePostSize->handle(Object(Illuminate\\Http\\Request), Object(Closure))
#34 C:\\Users\\User\\Desktop\\ING DAVID VEGA\\FULLSTACK\\MundoNavidenio365\\vendor\\laravel\\framework\\src\\Illuminate\\Foundation\\Http\\Middleware\\PreventRequestsDuringMaintenance.php(99): Illuminate\\Pipeline\\Pipeline->Illuminate\\Pipeline\\{closure}(Object(Illuminate\\Http\\Request))
#35 C:\\Users\\User\\Desktop\\ING DAVID VEGA\\FULLSTACK\\MundoNavidenio365\\vendor\\laravel\\framework\\src\\Illuminate\\Pipeline\\Pipeline.php(183): Illuminate\\Foundation\\Http\\Middleware\\PreventRequestsDuringMaintenance->handle(Object(Illuminate\\Http\\Request), Object(Closure))
#36 C:\\Users\\User\\Desktop\\ING DAVID VEGA\\FULLSTACK\\MundoNavidenio365\\vendor\\laravel\\framework\\src\\Illuminate\\Http\\Middleware\\HandleCors.php(49): Illuminate\\Pipeline\\Pipeline->Illuminate\\Pipeline\\{closure}(Object(Illuminate\\Http\\Request))
#37 C:\\Users\\User\\Desktop\\ING DAVID VEGA\\FULLSTACK\\MundoNavidenio365\\vendor\\laravel\\framework\\src\\Illuminate\\Pipeline\\Pipeline.php(183): Illuminate\\Http\\Middleware\\HandleCors->handle(Object(Illuminate\\Http\\Request), Object(Closure))
#38 C:\\Users\\User\\Desktop\\ING DAVID VEGA\\FULLSTACK\\MundoNavidenio365\\vendor\\laravel\\framework\\src\\Illuminate\\Http\\Middleware\\TrustProxies.php(39): Illuminate\\Pipeline\\Pipeline->Illuminate\\Pipeline\\{closure}(Object(Illuminate\\Http\\Request))
#39 C:\\Users\\User\\Desktop\\ING DAVID VEGA\\FULLSTACK\\MundoNavidenio365\\vendor\\laravel\\framework\\src\\Illuminate\\Pipeline\\Pipeline.php(183): Illuminate\\Http\\Middleware\\TrustProxies->handle(Object(Illuminate\\Http\\Request), Object(Closure))
#40 C:\\Users\\User\\Desktop\\ING DAVID VEGA\\FULLSTACK\\MundoNavidenio365\\vendor\\laravel\\framework\\src\\Illuminate\\Pipeline\\Pipeline.php(119): Illuminate\\Pipeline\\Pipeline->Illuminate\\Pipeline\\{closure}(Object(Illuminate\\Http\\Request))
#41 C:\\Users\\User\\Desktop\\ING DAVID VEGA\\FULLSTACK\\MundoNavidenio365\\vendor\\laravel\\framework\\src\\Illuminate\\Foundation\\Http\\Kernel.php(175): Illuminate\\Pipeline\\Pipeline->then(Object(Closure))
#42 C:\\Users\\User\\Desktop\\ING DAVID VEGA\\FULLSTACK\\MundoNavidenio365\\vendor\\laravel\\framework\\src\\Illuminate\\Foundation\\Http\\Kernel.php(144): Illuminate\\Foundation\\Http\\Kernel->sendRequestThroughRouter(Object(Illuminate\\Http\\Request))
#43 C:\\Users\\User\\Desktop\\ING DAVID VEGA\\FULLSTACK\\MundoNavidenio365\\public\\index.php(51): Illuminate\\Foundation\\Http\\Kernel->handle(Object(Illuminate\\Http\\Request))
#44 C:\\Users\\User\\Desktop\\ING DAVID VEGA\\FULLSTACK\\MundoNavidenio365\\vendor\\laravel\\framework\\src\\Illuminate\\Foundation\\resources\\server.php(16): require_once('C:\\\\Users\\\\User\\\\D...')
#45 {main}
"} 
[2026-01-25 05:56:58] production.ERROR: No application encryption key has been specified. {"exception":"[object] (Illuminate\\Encryption\\MissingAppKeyException(code: 0): No application encryption key has been specified. at C:\\Users\\User\\Desktop\\ING DAVID VEGA\\FULLSTACK\\MundoNavidenio365\\vendor\\laravel\\framework\\src\\Illuminate\\Encryption\\EncryptionServiceProvider.php:79)
[stacktrace]
#0 C:\\Users\\User\\Desktop\\ING DAVID VEGA\\FULLSTACK\\MundoNavidenio365\\vendor\\laravel\\framework\\src\\Illuminate\\Support\\helpers.php(320): Illuminate\\Encryption\\EncryptionServiceProvider->Illuminate\\Encryption\\{closure}(NULL)
#1 C:\\Users\\User\\Desktop\\ING DAVID VEGA\\FULLSTACK\\MundoNavidenio365\\vendor\\laravel\\framework\\src\\Illuminate\\Encryption\\EncryptionServiceProvider.php(77): tap(NULL, Object(Closure))
#2 C:\\Users\\User\\Desktop\\ING DAVID VEGA\\FULLSTACK\\MundoNavidenio365\\vendor\\laravel\\framework\\src\\Illuminate\\Encryption\\EncryptionServiceProvider.php(60): Illuminate\\Encryption\\EncryptionServiceProvider->key(Array)
#3 C:\\Users\\User\\Desktop\\ING DAVID VEGA\\FULLSTACK\\MundoNavidenio365\\vendor\\laravel\\framework\\src\\Illuminate\\Encryption\\EncryptionServiceProvider.php(32): Illuminate\\Encryption\\EncryptionServiceProvider->parseKey(Array)
#4 C:\\Users\\User\\Desktop\\ING DAVID VEGA\\FULLSTACK\\MundoNavidenio365\\vendor\\laravel\\framework\\src\\Illuminate\\Container\\Container.php(908): Illuminate\\Encryption\\EncryptionServiceProvider->Illuminate\\Encryption\\{closure}(Object(Illuminate\\Foundation\\Application), Array)
#5 C:\\Users\\User\\Desktop\\ING DAVID VEGA\\FULLSTACK\\MundoNavidenio365\\vendor\\laravel\\framework\\src\\Illuminate\\Container\\Container.php(795): Illuminate\\Container\\Container->build(Object(Closure))
#6 C:\\Users\\User\\Desktop\\ING DAVID VEGA\\FULLSTACK\\MundoNavidenio365\\vendor\\laravel\\framework\\src\\Illuminate\\Foundation\\Application.php(986): Illuminate\\Container\\Container->resolve('encrypter', Array, true)
#7 C:\\Users\\User\\Desktop\\ING DAVID VEGA\\FULLSTACK\\MundoNavidenio365\\vendor\\laravel\\framework\\src\\Illuminate\\Container\\Container.php(731): Illuminate\\Foundation\\Application->resolve('encrypter', Array)
#8 C:\\Users\\User\\Desktop\\ING DAVID VEGA\\FULLSTACK\\MundoNavidenio365\\vendor\\laravel\\framework\\src\\Illuminate\\Foundation\\Application.php(971): Illuminate\\Container\\Container->make('encrypter', Array)
#9 C:\\Users\\User\\Desktop\\ING DAVID VEGA\\FULLSTACK\\MundoNavidenio365\\vendor\\laravel\\framework\\src\\Illuminate\\Container\\Container.php(1066): Illuminate\\Foundation\\Application->make('encrypter')
#10 C:\\Users\\User\\Desktop\\ING DAVID VEGA\\FULLSTACK\\MundoNavidenio365\\vendor\\laravel\\framework\\src\\Illuminate\\Container\\Container.php(982): Illuminate\\Container\\Container->resolveClass(Object(ReflectionParameter))
#11 C:\\Users\\User\\Desktop\\ING DAVID VEGA\\FULLSTACK\\MundoNavidenio365\\vendor\\laravel\\framework\\src\\Illuminate\\Container\\Container.php(943): Illuminate\\Container\\Container->resolveDependencies(Array)
#12 C:\\Users\\User\\Desktop\\ING DAVID VEGA\\FULLSTACK\\MundoNavidenio365\\vendor\\laravel\\framework\\src\\Illuminate\\Container\\Container.php(795): Illuminate\\Container\\Container->build('App\\\\Http\\\\Middle...')
#13 C:\\Users\\User\\Desktop\\ING DAVID VEGA\\FULLSTACK\\MundoNavidenio365\\vendor\\laravel\\framework\\src\\Illuminate\\Foundation\\Application.php(986): Illuminate\\Container\\Container->resolve('App\\\\Http\\\\Middle...', Array, true)
#14 C:\\Users\\User\\Desktop\\ING DAVID VEGA\\FULLSTACK\\MundoNavidenio365\\vendor\\laravel\\framework\\src\\Illuminate\\Container\\Container.php(731): Illuminate\\Foundation\\Application->resolve('App\\\\Http\\\\Middle...', Array)
#15 C:\\Users\\User\\Desktop\\ING DAVID VEGA\\FULLSTACK\\MundoNavidenio365\\vendor\\laravel\\framework\\src\\Illuminate\\Foundation\\Application.php(971): Illuminate\\Container\\Container->make('App\\\\Http\\\\Middle...', Array)
#16 C:\\Users\\User\\Desktop\\ING DAVID VEGA\\FULLSTACK\\MundoNavidenio365\\vendor\\laravel\\framework\\src\\Illuminate\\Foundation\\Http\\Kernel.php(255): Illuminate\\Foundation\\Application->make('App\\\\Http\\\\Middle...')
#17 C:\\Users\\User\\Desktop\\ING DAVID VEGA\\FULLSTACK\\MundoNavidenio365\\vendor\\laravel\\framework\\src\\Illuminate\\Foundation\\Http\\Kernel.php(213): Illuminate\\Foundation\\Http\\Kernel->terminateMiddleware(Object(Illuminate\\Http\\Request), Object(Illuminate\\Http\\Response))
#18 C:\\Users\\User\\Desktop\\ING DAVID VEGA\\FULLSTACK\\MundoNavidenio365\\public\\index.php(55): Illuminate\\Foundation\\Http\\Kernel->terminate(Object(Illuminate\\Http\\Request), Object(Illuminate\\Http\\Response))
#19 C:\\Users\\User\\Desktop\\ING DAVID VEGA\\FULLSTACK\\MundoNavidenio365\\vendor\\laravel\\framework\\src\\Illuminate\\Foundation\\resources\\server.php(16): require_once('C:\\\\Users\\\\User\\\\D...')
#20 {main}
"} 
[2026-01-25 05:56:58] production.ERROR: Please provide a valid cache path. {"exception":"[object] (InvalidArgumentException(code: 0): Please provide a valid cache path. at C:\\Users\\User\\Desktop\\ING DAVID VEGA\\FULLSTACK\\MundoNavidenio365\\vendor\\laravel\\framework\\src\\Illuminate\\View\\Compilers\\Compiler.php:67)
[stacktrace]
#0 C:\\Users\\User\\Desktop\\ING DAVID VEGA\\FULLSTACK\\MundoNavidenio365\\vendor\\laravel\\framework\\src\\Illuminate\\View\\ViewServiceProvider.php(97): Illuminate\\View\\Compilers\\Compiler->__construct(Object(Illuminate\\Filesystem\\Filesystem), false, '', true, 'php')
#1 C:\\Users\\User\\Desktop\\ING DAVID VEGA\\FULLSTACK\\MundoNavidenio365\\vendor\\laravel\\framework\\src\\Illuminate\\Container\\Container.php(908): Illuminate\\View\\ViewServiceProvider->Illuminate\\View\\{closure}(Object(Illuminate\\Foundation\\Application), Array)
#2 C:\\Users\\User\\Desktop\\ING DAVID VEGA\\FULLSTACK\\MundoNavidenio365\\vendor\\laravel\\framework\\src\\Illuminate\\Container\\Container.php(795): Illuminate\\Container\\Container->build(Object(Closure))
#3 C:\\Users\\User\\Desktop\\ING DAVID VEGA\\FULLSTACK\\MundoNavidenio365\\vendor\\laravel\\framework\\src\\Illuminate\\Foundation\\Application.php(986): Illuminate\\Container\\Container->resolve('blade.compiler', Array, true)
#4 C:\\Users\\User\\Desktop\\ING DAVID VEGA\\FULLSTACK\\MundoNavidenio365\\vendor\\laravel\\framework\\src\\Illuminate\\Container\\Container.php(731): Illuminate\\Foundation\\Application->resolve('blade.compiler', Array)
#5 C:\\Users\\User\\Desktop\\ING DAVID VEGA\\FULLSTACK\\MundoNavidenio365\\vendor\\laravel\\framework\\src\\Illuminate\\Foundation\\Application.php(971): Illuminate\\Container\\Container->make('blade.compiler', Array)
#6 C:\\Users\\User\\Desktop\\ING DAVID VEGA\\FULLSTACK\\MundoNavidenio365\\vendor\\laravel\\framework\\src\\Illuminate\\View\\ViewServiceProvider.php(168): Illuminate\\Foundation\\Application->make('blade.compiler')
#7 [internal function]: Illuminate\\View\\ViewServiceProvider->Illuminate\\View\\{closure}()
#8 C:\\Users\\User\\Desktop\\ING DAVID VEGA\\FULLSTACK\\MundoNavidenio365\\vendor\\laravel\\framework\\src\\Illuminate\\View\\Engines\\EngineResolver.php(55): call_user_func(Object(Closure))
#9 C:\\Users\\User\\Desktop\\ING DAVID VEGA\\FULLSTACK\\MundoNavidenio365\\vendor\\laravel\\framework\\src\\Illuminate\\View\\Factory.php(310): Illuminate\\View\\Engines\\EngineResolver->resolve('blade')
#10 C:\\Users\\User\\Desktop\\ING DAVID VEGA\\FULLSTACK\\MundoNavidenio365\\vendor\\laravel\\framework\\src\\Illuminate\\View\\Factory.php(274): Illuminate\\View\\Factory->getEngineFromPath('C:\\\\Users\\\\User\\\\D...')
#11 C:\\Users\\User\\Desktop\\ING DAVID VEGA\\FULLSTACK\\MundoNavidenio365\\vendor\\laravel\\framework\\src\\Illuminate\\View\\Factory.php(146): Illuminate\\View\\Factory->viewInstance('errors::500', 'C:\\\\Users\\\\User\\\\D...', Array)
#12 C:\\Users\\User\\Desktop\\ING DAVID VEGA\\FULLSTACK\\MundoNavidenio365\\vendor\\laravel\\framework\\src\\Illuminate\\Routing\\ResponseFactory.php(88): Illuminate\\View\\Factory->make('errors::500', Array)
#13 C:\\Users\\User\\Desktop\\ING DAVID VEGA\\FULLSTACK\\MundoNavidenio365\\vendor\\laravel\\framework\\src\\Illuminate\\Foundation\\Exceptions\\Handler.php(723): Illuminate\\Routing\\ResponseFactory->view('errors::500', Array, 500, Array)
#14 C:\\Users\\User\\Desktop\\ING DAVID VEGA\\FULLSTACK\\MundoNavidenio365\\vendor\\laravel\\framework\\src\\Illuminate\\Foundation\\Exceptions\\Handler.php(650): Illuminate\\Foundation\\Exceptions\\Handler->renderHttpException(Object(Symfony\\Component\\HttpKernel\\Exception\\HttpException))
#15 C:\\Users\\User\\Desktop\\ING DAVID VEGA\\FULLSTACK\\MundoNavidenio365\\vendor\\laravel\\framework\\src\\Illuminate\\Foundation\\Exceptions\\Handler.php(556): Illuminate\\Foundation\\Exceptions\\Handler->prepareResponse(Object(Illuminate\\Http\\Request), Object(Symfony\\Component\\HttpKernel\\Exception\\HttpException))
#16 C:\\Users\\User\\Desktop\\ING DAVID VEGA\\FULLSTACK\\MundoNavidenio365\\vendor\\laravel\\framework\\src\\Illuminate\\Foundation\\Exceptions\\Handler.php(473): Illuminate\\Foundation\\Exceptions\\Handler->renderExceptionResponse(Object(Illuminate\\Http\\Request), Object(Illuminate\\Encryption\\MissingAppKeyException))
#17 C:\\Users\\User\\Desktop\\ING DAVID VEGA\\FULLSTACK\\MundoNavidenio365\\vendor\\laravel\\framework\\src\\Illuminate\\Foundation\\Bootstrap\\HandleExceptions.php(218): Illuminate\\Foundation\\Exceptions\\Handler->render(Object(Illuminate\\Http\\Request), Object(Illuminate\\Encryption\\MissingAppKeyException))
#18 C:\\Users\\User\\Desktop\\ING DAVID VEGA\\FULLSTACK\\MundoNavidenio365\\vendor\\laravel\\framework\\src\\Illuminate\\Foundation\\Bootstrap\\HandleExceptions.php(195): Illuminate\\Foundation\\Bootstrap\\HandleExceptions->renderHttpResponse(Object(Illuminate\\Encryption\\MissingAppKeyException))
#19 C:\\Users\\User\\Desktop\\ING DAVID VEGA\\FULLSTACK\\MundoNavidenio365\\vendor\\laravel\\framework\\src\\Illuminate\\Foundation\\Bootstrap\\HandleExceptions.php(255): Illuminate\\Foundation\\Bootstrap\\HandleExceptions->handleException(Object(Illuminate\\Encryption\\MissingAppKeyException))
#20 [internal function]: Illuminate\\Foundation\\Bootstrap\\HandleExceptions->Illuminate\\Foundation\\Bootstrap\\{closure}(Object(Illuminate\\Encryption\\MissingAppKeyException))
#21 {main}
"} 
[2026-01-25 05:57:12] production.ERROR: Please provide a valid cache path. {"exception":"[object] (InvalidArgumentException(code: 0): Please provide a valid cache path. at C:\\Users\\User\\Desktop\\ING DAVID VEGA\\FULLSTACK\\MundoNavidenio365\\vendor\\laravel\\framework\\src\\Illuminate\\View\\Compilers\\Compiler.php:67)
[stacktrace]
#0 C:\\Users\\User\\Desktop\\ING DAVID VEGA\\FULLSTACK\\MundoNavidenio365\\vendor\\laravel\\framework\\src\\Illuminate\\View\\ViewServiceProvider.php(97): Illuminate\\View\\Compilers\\Compiler->__construct(Object(Illuminate\\Filesystem\\Filesystem), false, '', true, 'php')
#1 C:\\Users\\User\\Desktop\\ING DAVID VEGA\\FULLSTACK\\MundoNavidenio365\\vendor\\laravel\\framework\\src\\Illuminate\\Container\\Container.php(908): Illuminate\\View\\ViewServiceProvider->Illuminate\\View\\{closure}(Object(Illuminate\\Foundation\\Application), Array)
#2 C:\\Users\\User\\Desktop\\ING DAVID VEGA\\FULLSTACK\\MundoNavidenio365\\vendor\\laravel\\framework\\src\\Illuminate\\Container\\Container.php(795): Illuminate\\Container\\Container->build(Object(Closure))
#3 C:\\Users\\User\\Desktop\\ING DAVID VEGA\\FULLSTACK\\MundoNavidenio365\\vendor\\laravel\\framework\\src\\Illuminate\\Foundation\\Application.php(986): Illuminate\\Container\\Container->resolve('blade.compiler', Array, true)
#4 C:\\Users\\User\\Desktop\\ING DAVID VEGA\\FULLSTACK\\MundoNavidenio365\\vendor\\laravel\\framework\\src\\Illuminate\\Container\\Container.php(731): Illuminate\\Foundation\\Application->resolve('blade.compiler', Array)
#5 C:\\Users\\User\\Desktop\\ING DAVID VEGA\\FULLSTACK\\MundoNavidenio365\\vendor\\laravel\\framework\\src\\Illuminate\\Foundation\\Application.php(971): Illuminate\\Container\\Container->make('blade.compiler', Array)
#6 C:\\Users\\User\\Desktop\\ING DAVID VEGA\\FULLSTACK\\MundoNavidenio365\\vendor\\laravel\\framework\\src\\Illuminate\\View\\ViewServiceProvider.php(168): Illuminate\\Foundation\\Application->make('blade.compiler')
#7 [internal function]: Illuminate\\View\\ViewServiceProvider->Illuminate\\View\\{closure}()
#8 C:\\Users\\User\\Desktop\\ING DAVID VEGA\\FULLSTACK\\MundoNavidenio365\\vendor\\laravel\\framework\\src\\Illuminate\\View\\Engines\\EngineResolver.php(55): call_user_func(Object(Closure))
#9 C:\\Users\\User\\Desktop\\ING DAVID VEGA\\FULLSTACK\\MundoNavidenio365\\vendor\\laravel\\framework\\src\\Illuminate\\View\\Factory.php(310): Illuminate\\View\\Engines\\EngineResolver->resolve('blade')
#10 C:\\Users\\User\\Desktop\\ING DAVID VEGA\\FULLSTACK\\MundoNavidenio365\\vendor\\laravel\\framework\\src\\Illuminate\\View\\Factory.php(274): Illuminate\\View\\Factory->getEngineFromPath('C:\\\\Users\\\\User\\\\D...')
#11 C:\\Users\\User\\Desktop\\ING DAVID VEGA\\FULLSTACK\\MundoNavidenio365\\vendor\\laravel\\framework\\src\\Illuminate\\View\\Factory.php(146): Illuminate\\View\\Factory->viewInstance('errors::404', 'C:\\\\Users\\\\User\\\\D...', Array)
#12 C:\\Users\\User\\Desktop\\ING DAVID VEGA\\FULLSTACK\\MundoNavidenio365\\vendor\\laravel\\framework\\src\\Illuminate\\Routing\\ResponseFactory.php(88): Illuminate\\View\\Factory->make('errors::404', Array)
#13 C:\\Users\\User\\Desktop\\ING DAVID VEGA\\FULLSTACK\\MundoNavidenio365\\vendor\\laravel\\framework\\src\\Illuminate\\Foundation\\Exceptions\\Handler.php(723): Illuminate\\Routing\\ResponseFactory->view('errors::404', Array, 404, Array)
#14 C:\\Users\\User\\Desktop\\ING DAVID VEGA\\FULLSTACK\\MundoNavidenio365\\vendor\\laravel\\framework\\src\\Illuminate\\Foundation\\Exceptions\\Handler.php(650): Illuminate\\Foundation\\Exceptions\\Handler->renderHttpException(Object(Symfony\\Component\\HttpKernel\\Exception\\NotFoundHttpException))
#15 C:\\Users\\User\\Desktop\\ING DAVID VEGA\\FULLSTACK\\MundoNavidenio365\\vendor\\laravel\\framework\\src\\Illuminate\\Foundation\\Exceptions\\Handler.php(556): Illuminate\\Foundation\\Exceptions\\Handler->prepareResponse(Object(Illuminate\\Http\\Request), Object(Symfony\\Component\\HttpKernel\\Exception\\NotFoundHttpException))
#16 C:\\Users\\User\\Desktop\\ING DAVID VEGA\\FULLSTACK\\MundoNavidenio365\\vendor\\laravel\\framework\\src\\Illuminate\\Foundation\\Exceptions\\Handler.php(473): Illuminate\\Foundation\\Exceptions\\Handler->renderExceptionResponse(Object(Illuminate\\Http\\Request), Object(Symfony\\Component\\HttpKernel\\Exception\\NotFoundHttpException))
#17 C:\\Users\\User\\Desktop\\ING DAVID VEGA\\FULLSTACK\\MundoNavidenio365\\vendor\\laravel\\framework\\src\\Illuminate\\Routing\\Pipeline.php(51): Illuminate\\Foundation\\Exceptions\\Handler->render(Object(Illuminate\\Http\\Request), Object(Symfony\\Component\\HttpKernel\\Exception\\NotFoundHttpException))
#18 C:\\Users\\User\\Desktop\\ING DAVID VEGA\\FULLSTACK\\MundoNavidenio365\\vendor\\laravel\\framework\\src\\Illuminate\\Pipeline\\Pipeline.php(146): Illuminate\\Routing\\Pipeline->handleException(Object(Illuminate\\Http\\Request), Object(Symfony\\Component\\HttpKernel\\Exception\\NotFoundHttpException))
#19 C:\\Users\\User\\Desktop\\ING DAVID VEGA\\FULLSTACK\\MundoNavidenio365\\vendor\\laravel\\framework\\src\\Illuminate\\Foundation\\Http\\Middleware\\TransformsRequest.php(21): Illuminate\\Pipeline\\Pipeline->Illuminate\\Pipeline\\{closure}(Object(Illuminate\\Http\\Request))
#20 C:\\Users\\User\\Desktop\\ING DAVID VEGA\\FULLSTACK\\MundoNavidenio365\\vendor\\laravel\\framework\\src\\Illuminate\\Foundation\\Http\\Middleware\\ConvertEmptyStringsToNull.php(31): Illuminate\\Foundation\\Http\\Middleware\\TransformsRequest->handle(Object(Illuminate\\Http\\Request), Object(Closure))
#21 C:\\Users\\User\\Desktop\\ING DAVID VEGA\\FULLSTACK\\MundoNavidenio365\\vendor\\laravel\\framework\\src\\Illuminate\\Pipeline\\Pipeline.php(183): Illuminate\\Foundation\\Http\\Middleware\\ConvertEmptyStringsToNull->handle(Object(Illuminate\\Http\\Request), Object(Closure))
#22 C:\\Users\\User\\Desktop\\ING DAVID VEGA\\FULLSTACK\\MundoNavidenio365\\vendor\\laravel\\framework\\src\\Illuminate\\Foundation\\Http\\Middleware\\TransformsRequest.php(21): Illuminate\\Pipeline\\Pipeline->Illuminate\\Pipeline\\{closure}(Object(Illuminate\\Http\\Request))
#23 C:\\Users\\User\\Desktop\\ING DAVID VEGA\\FULLSTACK\\MundoNavidenio365\\vendor\\laravel\\framework\\src\\Illuminate\\Foundation\\Http\\Middleware\\TrimStrings.php(40): Illuminate\\Foundation\\Http\\Middleware\\TransformsRequest->handle(Object(Illuminate\\Http\\Request), Object(Closure))
#24 C:\\Users\\User\\Desktop\\ING DAVID VEGA\\FULLSTACK\\MundoNavidenio365\\vendor\\laravel\\framework\\src\\Illuminate\\Pipeline\\Pipeline.php(183): Illuminate\\Foundation\\Http\\Middleware\\TrimStrings->handle(Object(Illuminate\\Http\\Request), Object(Closure))
#25 C:\\Users\\User\\Desktop\\ING DAVID VEGA\\FULLSTACK\\MundoNavidenio365\\vendor\\laravel\\framework\\src\\Illuminate\\Foundation\\Http\\Middleware\\ValidatePostSize.php(27): Illuminate\\Pipeline\\Pipeline->Illuminate\\Pipeline\\{closure}(Object(Illuminate\\Http\\Request))
#26 C:\\Users\\User\\Desktop\\ING DAVID VEGA\\FULLSTACK\\MundoNavidenio365\\vendor\\laravel\\framework\\src\\Illuminate\\Pipeline\\Pipeline.php(183): Illuminate\\Foundation\\Http\\Middleware\\ValidatePostSize->handle(Object(Illuminate\\Http\\Request), Object(Closure))
#27 C:\\Users\\User\\Desktop\\ING DAVID VEGA\\FULLSTACK\\MundoNavidenio365\\vendor\\laravel\\framework\\src\\Illuminate\\Foundation\\Http\\Middleware\\PreventRequestsDuringMaintenance.php(99): Illuminate\\Pipeline\\Pipeline->Illuminate\\Pipeline\\{closure}(Object(Illuminate\\Http\\Request))
#28 C:\\Users\\User\\Desktop\\ING DAVID VEGA\\FULLSTACK\\MundoNavidenio365\\vendor\\laravel\\framework\\src\\Illuminate\\Pipeline\\Pipeline.php(183): Illuminate\\Foundation\\Http\\Middleware\\PreventRequestsDuringMaintenance->handle(Object(Illuminate\\Http\\Request), Object(Closure))
#29 C:\\Users\\User\\Desktop\\ING DAVID VEGA\\FULLSTACK\\MundoNavidenio365\\vendor\\laravel\\framework\\src\\Illuminate\\Http\\Middleware\\HandleCors.php(49): Illuminate\\Pipeline\\Pipeline->Illuminate\\Pipeline\\{closure}(Object(Illuminate\\Http\\Request))
#30 C:\\Users\\User\\Desktop\\ING DAVID VEGA\\FULLSTACK\\MundoNavidenio365\\vendor\\laravel\\framework\\src\\Illuminate\\Pipeline\\Pipeline.php(183): Illuminate\\Http\\Middleware\\HandleCors->handle(Object(Illuminate\\Http\\Request), Object(Closure))
#31 C:\\Users\\User\\Desktop\\ING DAVID VEGA\\FULLSTACK\\MundoNavidenio365\\vendor\\laravel\\framework\\src\\Illuminate\\Http\\Middleware\\TrustProxies.php(39): Illuminate\\Pipeline\\Pipeline->Illuminate\\Pipeline\\{closure}(Object(Illuminate\\Http\\Request))
#32 C:\\Users\\User\\Desktop\\ING DAVID VEGA\\FULLSTACK\\MundoNavidenio365\\vendor\\laravel\\framework\\src\\Illuminate\\Pipeline\\Pipeline.php(183): Illuminate\\Http\\Middleware\\TrustProxies->handle(Object(Illuminate\\Http\\Request), Object(Closure))
#33 C:\\Users\\User\\Desktop\\ING DAVID VEGA\\FULLSTACK\\MundoNavidenio365\\vendor\\laravel\\framework\\src\\Illuminate\\Pipeline\\Pipeline.php(119): Illuminate\\Pipeline\\Pipeline->Illuminate\\Pipeline\\{closure}(Object(Illuminate\\Http\\Request))
#34 C:\\Users\\User\\Desktop\\ING DAVID VEGA\\FULLSTACK\\MundoNavidenio365\\vendor\\laravel\\framework\\src\\Illuminate\\Foundation\\Http\\Kernel.php(175): Illuminate\\Pipeline\\Pipeline->then(Object(Closure))
#35 C:\\Users\\User\\Desktop\\ING DAVID VEGA\\FULLSTACK\\MundoNavidenio365\\vendor\\laravel\\framework\\src\\Illuminate\\Foundation\\Http\\Kernel.php(144): Illuminate\\Foundation\\Http\\Kernel->sendRequestThroughRouter(Object(Illuminate\\Http\\Request))
#36 C:\\Users\\User\\Desktop\\ING DAVID VEGA\\FULLSTACK\\MundoNavidenio365\\public\\index.php(51): Illuminate\\Foundation\\Http\\Kernel->handle(Object(Illuminate\\Http\\Request))
#37 C:\\Users\\User\\Desktop\\ING DAVID VEGA\\FULLSTACK\\MundoNavidenio365\\vendor\\laravel\\framework\\src\\Illuminate\\Foundation\\resources\\server.php(16): require_once('C:\\\\Users\\\\User\\\\D...')
#38 {main}
"} 
[2026-01-25 06:03:24] local.ERROR: SQLSTATE[HY000] [1045] Access denied for user 'mundonav_navidad'@'localhost' (using password: YES) (Connection: mysql, SQL: select `id`, `nombre_comercial`, `razon_social`, `ruc`, `correo`, `telefono`, `direccion`, `tipo_contribuyente`, `regimen`, `created_by`, `updated_by`, `created_at`, `updated_at` from `empresas` limit 1) {"exception":"[object] (Illuminate\\Database\\QueryException(code: 1045): SQLSTATE[HY000] [1045] Access denied for user 'mundonav_navidad'@'localhost' (using password: YES) (Connection: mysql, SQL: select `id`, `nombre_comercial`, `razon_social`, `ruc`, `correo`, `telefono`, `direccion`, `tipo_contribuyente`, `regimen`, `created_by`, `updated_by`, `created_at`, `updated_at` from `empresas` limit 1) at C:\\Users\\User\\Desktop\\ING DAVID VEGA\\FULLSTACK\\MundoNavidenio365\\vendor\\laravel\\framework\\src\\Illuminate\\Database\\Connection.php:829)
[stacktrace]
#0 C:\\Users\\User\\Desktop\\ING DAVID VEGA\\FULLSTACK\\MundoNavidenio365\\vendor\\laravel\\framework\\src\\Illuminate\\Database\\Connection.php(783): Illuminate\\Database\\Connection->runQueryCallback('select `id`, `n...', Array, Object(Closure))
#1 C:\\Users\\User\\Desktop\\ING DAVID VEGA\\FULLSTACK\\MundoNavidenio365\\vendor\\laravel\\framework\\src\\Illuminate\\Database\\Connection.php(414): Illuminate\\Database\\Connection->run('select `id`, `n...', Array, Object(Closure))
#2 C:\\Users\\User\\Desktop\\ING DAVID VEGA\\FULLSTACK\\MundoNavidenio365\\vendor\\laravel\\framework\\src\\Illuminate\\Database\\Query\\Builder.php(2913): Illuminate\\Database\\Connection->select('select `id`, `n...', Array, true)
#3 C:\\Users\\User\\Desktop\\ING DAVID VEGA\\FULLSTACK\\MundoNavidenio365\\vendor\\laravel\\framework\\src\\Illuminate\\Database\\Query\\Builder.php(2902): Illuminate\\Database\\Query\\Builder->runSelect()
#4 C:\\Users\\User\\Desktop\\ING DAVID VEGA\\FULLSTACK\\MundoNavidenio365\\vendor\\laravel\\framework\\src\\Illuminate\\Database\\Query\\Builder.php(3456): Illuminate\\Database\\Query\\Builder->Illuminate\\Database\\Query\\{closure}()
#5 C:\\Users\\User\\Desktop\\ING DAVID VEGA\\FULLSTACK\\MundoNavidenio365\\vendor\\laravel\\framework\\src\\Illuminate\\Database\\Query\\Builder.php(2901): Illuminate\\Database\\Query\\Builder->onceWithColumns(Array, Object(Closure))
#6 C:\\Users\\User\\Desktop\\ING DAVID VEGA\\FULLSTACK\\MundoNavidenio365\\vendor\\laravel\\framework\\src\\Illuminate\\Database\\Eloquent\\Builder.php(739): Illuminate\\Database\\Query\\Builder->get(Array)
#7 C:\\Users\\User\\Desktop\\ING DAVID VEGA\\FULLSTACK\\MundoNavidenio365\\vendor\\laravel\\framework\\src\\Illuminate\\Database\\Eloquent\\Builder.php(723): Illuminate\\Database\\Eloquent\\Builder->getModels(Array)
#8 C:\\Users\\User\\Desktop\\ING DAVID VEGA\\FULLSTACK\\MundoNavidenio365\\vendor\\laravel\\framework\\src\\Illuminate\\Database\\Concerns\\BuildsQueries.php(333): Illuminate\\Database\\Eloquent\\Builder->get(Array)
#9 C:\\Users\\User\\Desktop\\ING DAVID VEGA\\FULLSTACK\\MundoNavidenio365\\app\\Http\\Middleware\\HandleInertiaRequests.php(36): Illuminate\\Database\\Eloquent\\Builder->first()
#10 C:\\Users\\User\\Desktop\\ING DAVID VEGA\\FULLSTACK\\MundoNavidenio365\\vendor\\inertiajs\\inertia-laravel\\src\\Middleware.php(84): App\\Http\\Middleware\\HandleInertiaRequests->share(Object(Illuminate\\Http\\Request))
#11 C:\\Users\\User\\Desktop\\ING DAVID VEGA\\FULLSTACK\\MundoNavidenio365\\vendor\\laravel\\framework\\src\\Illuminate\\Pipeline\\Pipeline.php(183): Inertia\\Middleware->handle(Object(Illuminate\\Http\\Request), Object(Closure))
#12 C:\\Users\\User\\Desktop\\ING DAVID VEGA\\FULLSTACK\\MundoNavidenio365\\vendor\\laravel\\framework\\src\\Illuminate\\Routing\\Middleware\\SubstituteBindings.php(50): Illuminate\\Pipeline\\Pipeline->Illuminate\\Pipeline\\{closure}(Object(Illuminate\\Http\\Request))
#13 C:\\Users\\User\\Desktop\\ING DAVID VEGA\\FULLSTACK\\MundoNavidenio365\\vendor\\laravel\\framework\\src\\Illuminate\\Pipeline\\Pipeline.php(183): Illuminate\\Routing\\Middleware\\SubstituteBindings->handle(Object(Illuminate\\Http\\Request), Object(Closure))
#14 C:\\Users\\User\\Desktop\\ING DAVID VEGA\\FULLSTACK\\MundoNavidenio365\\vendor\\laravel\\framework\\src\\Illuminate\\Foundation\\Http\\Middleware\\VerifyCsrfToken.php(78): Illuminate\\Pipeline\\Pipeline->Illuminate\\Pipeline\\{closure}(Object(Illuminate\\Http\\Request))
#15 C:\\Users\\User\\Desktop\\ING DAVID VEGA\\FULLSTACK\\MundoNavidenio365\\vendor\\laravel\\framework\\src\\Illuminate\\Pipeline\\Pipeline.php(183): Illuminate\\Foundation\\Http\\Middleware\\VerifyCsrfToken->handle(Object(Illuminate\\Http\\Request), Object(Closure))
#16 C:\\Users\\User\\Desktop\\ING DAVID VEGA\\FULLSTACK\\MundoNavidenio365\\vendor\\laravel\\framework\\src\\Illuminate\\View\\Middleware\\ShareErrorsFromSession.php(49): Illuminate\\Pipeline\\Pipeline->Illuminate\\Pipeline\\{closure}(Object(Illuminate\\Http\\Request))
#17 C:\\Users\\User\\Desktop\\ING DAVID VEGA\\FULLSTACK\\MundoNavidenio365\\vendor\\laravel\\framework\\src\\Illuminate\\Pipeline\\Pipeline.php(183): Illuminate\\View\\Middleware\\ShareErrorsFromSession->handle(Object(Illuminate\\Http\\Request), Object(Closure))
#18 C:\\Users\\User\\Desktop\\ING DAVID VEGA\\FULLSTACK\\MundoNavidenio365\\vendor\\laravel\\framework\\src\\Illuminate\\Session\\Middleware\\StartSession.php(121): Illuminate\\Pipeline\\Pipeline->Illuminate\\Pipeline\\{closure}(Object(Illuminate\\Http\\Request))
#19 C:\\Users\\User\\Desktop\\ING DAVID VEGA\\FULLSTACK\\MundoNavidenio365\\vendor\\laravel\\framework\\src\\Illuminate\\Session\\Middleware\\StartSession.php(64): Illuminate\\Session\\Middleware\\StartSession->handleStatefulRequest(Object(Illuminate\\Http\\Request), Object(Illuminate\\Session\\Store), Object(Closure))
#20 C:\\Users\\User\\Desktop\\ING DAVID VEGA\\FULLSTACK\\MundoNavidenio365\\vendor\\laravel\\framework\\src\\Illuminate\\Pipeline\\Pipeline.php(183): Illuminate\\Session\\Middleware\\StartSession->handle(Object(Illuminate\\Http\\Request), Object(Closure))
#21 C:\\Users\\User\\Desktop\\ING DAVID VEGA\\FULLSTACK\\MundoNavidenio365\\vendor\\laravel\\framework\\src\\Illuminate\\Cookie\\Middleware\\AddQueuedCookiesToResponse.php(37): Illuminate\\Pipeline\\Pipeline->Illuminate\\Pipeline\\{closure}(Object(Illuminate\\Http\\Request))
#22 C:\\Users\\User\\Desktop\\ING DAVID VEGA\\FULLSTACK\\MundoNavidenio365\\vendor\\laravel\\framework\\src\\Illuminate\\Pipeline\\Pipeline.php(183): Illuminate\\Cookie\\Middleware\\AddQueuedCookiesToResponse->handle(Object(Illuminate\\Http\\Request), Object(Closure))
#23 C:\\Users\\User\\Desktop\\ING DAVID VEGA\\FULLSTACK\\MundoNavidenio365\\vendor\\laravel\\framework\\src\\Illuminate\\Cookie\\Middleware\\EncryptCookies.php(67): Illuminate\\Pipeline\\Pipeline->Illuminate\\Pipeline\\{closure}(Object(Illuminate\\Http\\Request))
#24 C:\\Users\\User\\Desktop\\ING DAVID VEGA\\FULLSTACK\\MundoNavidenio365\\vendor\\laravel\\framework\\src\\Illuminate\\Pipeline\\Pipeline.php(183): Illuminate\\Cookie\\Middleware\\EncryptCookies->handle(Object(Illuminate\\Http\\Request), Object(Closure))
#25 C:\\Users\\User\\Desktop\\ING DAVID VEGA\\FULLSTACK\\MundoNavidenio365\\vendor\\laravel\\framework\\src\\Illuminate\\Pipeline\\Pipeline.php(119): Illuminate\\Pipeline\\Pipeline->Illuminate\\Pipeline\\{closure}(Object(Illuminate\\Http\\Request))
#26 C:\\Users\\User\\Desktop\\ING DAVID VEGA\\FULLSTACK\\MundoNavidenio365\\vendor\\laravel\\framework\\src\\Illuminate\\Routing\\Router.php(805): Illuminate\\Pipeline\\Pipeline->then(Object(Closure))
#27 C:\\Users\\User\\Desktop\\ING DAVID VEGA\\FULLSTACK\\MundoNavidenio365\\vendor\\laravel\\framework\\src\\Illuminate\\Routing\\Router.php(784): Illuminate\\Routing\\Router->runRouteWithinStack(Object(Illuminate\\Routing\\Route), Object(Illuminate\\Http\\Request))
#28 C:\\Users\\User\\Desktop\\ING DAVID VEGA\\FULLSTACK\\MundoNavidenio365\\vendor\\laravel\\framework\\src\\Illuminate\\Routing\\Router.php(748): Illuminate\\Routing\\Router->runRoute(Object(Illuminate\\Http\\Request), Object(Illuminate\\Routing\\Route))
#29 C:\\Users\\User\\Desktop\\ING DAVID VEGA\\FULLSTACK\\MundoNavidenio365\\vendor\\laravel\\framework\\src\\Illuminate\\Routing\\Router.php(737): Illuminate\\Routing\\Router->dispatchToRoute(Object(Illuminate\\Http\\Request))
#30 C:\\Users\\User\\Desktop\\ING DAVID VEGA\\FULLSTACK\\MundoNavidenio365\\vendor\\laravel\\framework\\src\\Illuminate\\Foundation\\Http\\Kernel.php(200): Illuminate\\Routing\\Router->dispatch(Object(Illuminate\\Http\\Request))
#31 C:\\Users\\User\\Desktop\\ING DAVID VEGA\\FULLSTACK\\MundoNavidenio365\\vendor\\laravel\\framework\\src\\Illuminate\\Pipeline\\Pipeline.php(144): Illuminate\\Foundation\\Http\\Kernel->Illuminate\\Foundation\\Http\\{closure}(Object(Illuminate\\Http\\Request))
#32 C:\\Users\\User\\Desktop\\ING DAVID VEGA\\FULLSTACK\\MundoNavidenio365\\vendor\\laravel\\framework\\src\\Illuminate\\Foundation\\Http\\Middleware\\TransformsRequest.php(21): Illuminate\\Pipeline\\Pipeline->Illuminate\\Pipeline\\{closure}(Object(Illuminate\\Http\\Request))
#33 C:\\Users\\User\\Desktop\\ING DAVID VEGA\\FULLSTACK\\MundoNavidenio365\\vendor\\laravel\\framework\\src\\Illuminate\\Foundation\\Http\\Middleware\\ConvertEmptyStringsToNull.php(31): Illuminate\\Foundation\\Http\\Middleware\\TransformsRequest->handle(Object(Illuminate\\Http\\Request), Object(Closure))
#34 C:\\Users\\User\\Desktop\\ING DAVID VEGA\\FULLSTACK\\MundoNavidenio365\\vendor\\laravel\\framework\\src\\Illuminate\\Pipeline\\Pipeline.php(183): Illuminate\\Foundation\\Http\\Middleware\\ConvertEmptyStringsToNull->handle(Object(Illuminate\\Http\\Request), Object(Closure))
#35 C:\\Users\\User\\Desktop\\ING DAVID VEGA\\FULLSTACK\\MundoNavidenio365\\vendor\\laravel\\framework\\src\\Illuminate\\Foundation\\Http\\Middleware\\TransformsRequest.php(21): Illuminate\\Pipeline\\Pipeline->Illuminate\\Pipeline\\{closure}(Object(Illuminate\\Http\\Request))
#36 C:\\Users\\User\\Desktop\\ING DAVID VEGA\\FULLSTACK\\MundoNavidenio365\\vendor\\laravel\\framework\\src\\Illuminate\\Foundation\\Http\\Middleware\\TrimStrings.php(40): Illuminate\\Foundation\\Http\\Middleware\\TransformsRequest->handle(Object(Illuminate\\Http\\Request), Object(Closure))
#37 C:\\Users\\User\\Desktop\\ING DAVID VEGA\\FULLSTACK\\MundoNavidenio365\\vendor\\laravel\\framework\\src\\Illuminate\\Pipeline\\Pipeline.php(183): Illuminate\\Foundation\\Http\\Middleware\\TrimStrings->handle(Object(Illuminate\\Http\\Request), Object(Closure))
#38 C:\\Users\\User\\Desktop\\ING DAVID VEGA\\FULLSTACK\\MundoNavidenio365\\vendor\\laravel\\framework\\src\\Illuminate\\Foundation\\Http\\Middleware\\ValidatePostSize.php(27): Illuminate\\Pipeline\\Pipeline->Illuminate\\Pipeline\\{closure}(Object(Illuminate\\Http\\Request))
#39 C:\\Users\\User\\Desktop\\ING DAVID VEGA\\FULLSTACK\\MundoNavidenio365\\vendor\\laravel\\framework\\src\\Illuminate\\Pipeline\\Pipeline.php(183): Illuminate\\Foundation\\Http\\Middleware\\ValidatePostSize->handle(Object(Illuminate\\Http\\Request), Object(Closure))
#40 C:\\Users\\User\\Desktop\\ING DAVID VEGA\\FULLSTACK\\MundoNavidenio365\\vendor\\laravel\\framework\\src\\Illuminate\\Foundation\\Http\\Middleware\\PreventRequestsDuringMaintenance.php(99): Illuminate\\Pipeline\\Pipeline->Illuminate\\Pipeline\\{closure}(Object(Illuminate\\Http\\Request))
#41 C:\\Users\\User\\Desktop\\ING DAVID VEGA\\FULLSTACK\\MundoNavidenio365\\vendor\\laravel\\framework\\src\\Illuminate\\Pipeline\\Pipeline.php(183): Illuminate\\Foundation\\Http\\Middleware\\PreventRequestsDuringMaintenance->handle(Object(Illuminate\\Http\\Request), Object(Closure))
#42 C:\\Users\\User\\Desktop\\ING DAVID VEGA\\FULLSTACK\\MundoNavidenio365\\vendor\\laravel\\framework\\src\\Illuminate\\Http\\Middleware\\HandleCors.php(49): Illuminate\\Pipeline\\Pipeline->Illuminate\\Pipeline\\{closure}(Object(Illuminate\\Http\\Request))
#43 C:\\Users\\User\\Desktop\\ING DAVID VEGA\\FULLSTACK\\MundoNavidenio365\\vendor\\laravel\\framework\\src\\Illuminate\\Pipeline\\Pipeline.php(183): Illuminate\\Http\\Middleware\\HandleCors->handle(Object(Illuminate\\Http\\Request), Object(Closure))
#44 C:\\Users\\User\\Desktop\\ING DAVID VEGA\\FULLSTACK\\MundoNavidenio365\\vendor\\laravel\\framework\\src\\Illuminate\\Http\\Middleware\\TrustProxies.php(39): Illuminate\\Pipeline\\Pipeline->Illuminate\\Pipeline\\{closure}(Object(Illuminate\\Http\\Request))
#45 C:\\Users\\User\\Desktop\\ING DAVID VEGA\\FULLSTACK\\MundoNavidenio365\\vendor\\laravel\\framework\\src\\Illuminate\\Pipeline\\Pipeline.php(183): Illuminate\\Http\\Middleware\\TrustProxies->handle(Object(Illuminate\\Http\\Request), Object(Closure))
#46 C:\\Users\\User\\Desktop\\ING DAVID VEGA\\FULLSTACK\\MundoNavidenio365\\vendor\\laravel\\framework\\src\\Illuminate\\Pipeline\\Pipeline.php(119): Illuminate\\Pipeline\\Pipeline->Illuminate\\Pipeline\\{closure}(Object(Illuminate\\Http\\Request))
#47 C:\\Users\\User\\Desktop\\ING DAVID VEGA\\FULLSTACK\\MundoNavidenio365\\vendor\\laravel\\framework\\src\\Illuminate\\Foundation\\Http\\Kernel.php(175): Illuminate\\Pipeline\\Pipeline->then(Object(Closure))
#48 C:\\Users\\User\\Desktop\\ING DAVID VEGA\\FULLSTACK\\MundoNavidenio365\\vendor\\laravel\\framework\\src\\Illuminate\\Foundation\\Http\\Kernel.php(144): Illuminate\\Foundation\\Http\\Kernel->sendRequestThroughRouter(Object(Illuminate\\Http\\Request))
#49 C:\\Users\\User\\Desktop\\ING DAVID VEGA\\FULLSTACK\\MundoNavidenio365\\public\\index.php(51): Illuminate\\Foundation\\Http\\Kernel->handle(Object(Illuminate\\Http\\Request))
#50 C:\\Users\\User\\Desktop\\ING DAVID VEGA\\FULLSTACK\\MundoNavidenio365\\vendor\\laravel\\framework\\src\\Illuminate\\Foundation\\resources\\server.php(16): require_once('C:\\\\Users\\\\User\\\\D...')
#51 {main}

[previous exception] [object] (PDOException(code: 1045): SQLSTATE[HY000] [1045] Access denied for user 'mundonav_navidad'@'localhost' (using password: YES) at C:\\Users\\User\\Desktop\\ING DAVID VEGA\\FULLSTACK\\MundoNavidenio365\\vendor\\laravel\\framework\\src\\Illuminate\\Database\\Connectors\\Connector.php:65)
[stacktrace]
#0 C:\\Users\\User\\Desktop\\ING DAVID VEGA\\FULLSTACK\\MundoNavidenio365\\vendor\\laravel\\framework\\src\\Illuminate\\Database\\Connectors\\Connector.php(65): PDO->__construct('mysql:host=127....', 'mundonav_navida...', Object(SensitiveParameterValue), Array)
#1 C:\\Users\\User\\Desktop\\ING DAVID VEGA\\FULLSTACK\\MundoNavidenio365\\vendor\\laravel\\framework\\src\\Illuminate\\Database\\Connectors\\Connector.php(44): Illuminate\\Database\\Connectors\\Connector->createPdoConnection('mysql:host=127....', 'mundonav_navida...', 'Pablito_0508', Array)
#2 C:\\Users\\User\\Desktop\\ING DAVID VEGA\\FULLSTACK\\MundoNavidenio365\\vendor\\laravel\\framework\\src\\Illuminate\\Database\\Connectors\\MySqlConnector.php(24): Illuminate\\Database\\Connectors\\Connector->createConnection('mysql:host=127....', Array, Array)
#3 C:\\Users\\User\\Desktop\\ING DAVID VEGA\\FULLSTACK\\MundoNavidenio365\\vendor\\laravel\\framework\\src\\Illuminate\\Database\\Connectors\\ConnectionFactory.php(184): Illuminate\\Database\\Connectors\\MySqlConnector->connect(Array)
#4 [internal function]: Illuminate\\Database\\Connectors\\ConnectionFactory->Illuminate\\Database\\Connectors\\{closure}()
#5 C:\\Users\\User\\Desktop\\ING DAVID VEGA\\FULLSTACK\\MundoNavidenio365\\vendor\\laravel\\framework\\src\\Illuminate\\Database\\Connection.php(1339): call_user_func(Object(Closure))
#6 C:\\Users\\User\\Desktop\\ING DAVID VEGA\\FULLSTACK\\MundoNavidenio365\\vendor\\laravel\\framework\\src\\Illuminate\\Database\\Connection.php(1375): Illuminate\\Database\\Connection->getPdo()
#7 C:\\Users\\User\\Desktop\\ING DAVID VEGA\\FULLSTACK\\MundoNavidenio365\\vendor\\laravel\\framework\\src\\Illuminate\\Database\\Connection.php(528): Illuminate\\Database\\Connection->getReadPdo()
#8 C:\\Users\\User\\Desktop\\ING DAVID VEGA\\FULLSTACK\\MundoNavidenio365\\vendor\\laravel\\framework\\src\\Illuminate\\Database\\Connection.php(423): Illuminate\\Database\\Connection->getPdoForSelect(true)
#9 C:\\Users\\User\\Desktop\\ING DAVID VEGA\\FULLSTACK\\MundoNavidenio365\\vendor\\laravel\\framework\\src\\Illuminate\\Database\\Connection.php(816): Illuminate\\Database\\Connection->Illuminate\\Database\\{closure}('select `id`, `n...', Array)
#10 C:\\Users\\User\\Desktop\\ING DAVID VEGA\\FULLSTACK\\MundoNavidenio365\\vendor\\laravel\\framework\\src\\Illuminate\\Database\\Connection.php(783): Illuminate\\Database\\Connection->runQueryCallback('select `id`, `n...', Array, Object(Closure))
#11 C:\\Users\\User\\Desktop\\ING DAVID VEGA\\FULLSTACK\\MundoNavidenio365\\vendor\\laravel\\framework\\src\\Illuminate\\Database\\Connection.php(414): Illuminate\\Database\\Connection->run('select `id`, `n...', Array, Object(Closure))
#12 C:\\Users\\User\\Desktop\\ING DAVID VEGA\\FULLSTACK\\MundoNavidenio365\\vendor\\laravel\\framework\\src\\Illuminate\\Database\\Query\\Builder.php(2913): Illuminate\\Database\\Connection->select('select `id`, `n...', Array, true)
#13 C:\\Users\\User\\Desktop\\ING DAVID VEGA\\FULLSTACK\\MundoNavidenio365\\vendor\\laravel\\framework\\src\\Illuminate\\Database\\Query\\Builder.php(2902): Illuminate\\Database\\Query\\Builder->runSelect()
#14 C:\\Users\\User\\Desktop\\ING DAVID VEGA\\FULLSTACK\\MundoNavidenio365\\vendor\\laravel\\framework\\src\\Illuminate\\Database\\Query\\Builder.php(3456): Illuminate\\Database\\Query\\Builder->Illuminate\\Database\\Query\\{closure}()
#15 C:\\Users\\User\\Desktop\\ING DAVID VEGA\\FULLSTACK\\MundoNavidenio365\\vendor\\laravel\\framework\\src\\Illuminate\\Database\\Query\\Builder.php(2901): Illuminate\\Database\\Query\\Builder->onceWithColumns(Array, Object(Closure))
#16 C:\\Users\\User\\Desktop\\ING DAVID VEGA\\FULLSTACK\\MundoNavidenio365\\vendor\\laravel\\framework\\src\\Illuminate\\Database\\Eloquent\\Builder.php(739): Illuminate\\Database\\Query\\Builder->get(Array)
#17 C:\\Users\\User\\Desktop\\ING DAVID VEGA\\FULLSTACK\\MundoNavidenio365\\vendor\\laravel\\framework\\src\\Illuminate\\Database\\Eloquent\\Builder.php(723): Illuminate\\Database\\Eloquent\\Builder->getModels(Array)
#18 C:\\Users\\User\\Desktop\\ING DAVID VEGA\\FULLSTACK\\MundoNavidenio365\\vendor\\laravel\\framework\\src\\Illuminate\\Database\\Concerns\\BuildsQueries.php(333): Illuminate\\Database\\Eloquent\\Builder->get(Array)
#19 C:\\Users\\User\\Desktop\\ING DAVID VEGA\\FULLSTACK\\MundoNavidenio365\\app\\Http\\Middleware\\HandleInertiaRequests.php(36): Illuminate\\Database\\Eloquent\\Builder->first()
#20 C:\\Users\\User\\Desktop\\ING DAVID VEGA\\FULLSTACK\\MundoNavidenio365\\vendor\\inertiajs\\inertia-laravel\\src\\Middleware.php(84): App\\Http\\Middleware\\HandleInertiaRequests->share(Object(Illuminate\\Http\\Request))
#21 C:\\Users\\User\\Desktop\\ING DAVID VEGA\\FULLSTACK\\MundoNavidenio365\\vendor\\laravel\\framework\\src\\Illuminate\\Pipeline\\Pipeline.php(183): Inertia\\Middleware->handle(Object(Illuminate\\Http\\Request), Object(Closure))
#22 C:\\Users\\User\\Desktop\\ING DAVID VEGA\\FULLSTACK\\MundoNavidenio365\\vendor\\laravel\\framework\\src\\Illuminate\\Routing\\Middleware\\SubstituteBindings.php(50): Illuminate\\Pipeline\\Pipeline->Illuminate\\Pipeline\\{closure}(Object(Illuminate\\Http\\Request))
#23 C:\\Users\\User\\Desktop\\ING DAVID VEGA\\FULLSTACK\\MundoNavidenio365\\vendor\\laravel\\framework\\src\\Illuminate\\Pipeline\\Pipeline.php(183): Illuminate\\Routing\\Middleware\\SubstituteBindings->handle(Object(Illuminate\\Http\\Request), Object(Closure))
#24 C:\\Users\\User\\Desktop\\ING DAVID VEGA\\FULLSTACK\\MundoNavidenio365\\vendor\\laravel\\framework\\src\\Illuminate\\Foundation\\Http\\Middleware\\VerifyCsrfToken.php(78): Illuminate\\Pipeline\\Pipeline->Illuminate\\Pipeline\\{closure}(Object(Illuminate\\Http\\Request))
#25 C:\\Users\\User\\Desktop\\ING DAVID VEGA\\FULLSTACK\\MundoNavidenio365\\vendor\\laravel\\framework\\src\\Illuminate\\Pipeline\\Pipeline.php(183): Illuminate\\Foundation\\Http\\Middleware\\VerifyCsrfToken->handle(Object(Illuminate\\Http\\Request), Object(Closure))
#26 C:\\Users\\User\\Desktop\\ING DAVID VEGA\\FULLSTACK\\MundoNavidenio365\\vendor\\laravel\\framework\\src\\Illuminate\\View\\Middleware\\ShareErrorsFromSession.php(49): Illuminate\\Pipeline\\Pipeline->Illuminate\\Pipeline\\{closure}(Object(Illuminate\\Http\\Request))
#27 C:\\Users\\User\\Desktop\\ING DAVID VEGA\\FULLSTACK\\MundoNavidenio365\\vendor\\laravel\\framework\\src\\Illuminate\\Pipeline\\Pipeline.php(183): Illuminate\\View\\Middleware\\ShareErrorsFromSession->handle(Object(Illuminate\\Http\\Request), Object(Closure))
#28 C:\\Users\\User\\Desktop\\ING DAVID VEGA\\FULLSTACK\\MundoNavidenio365\\vendor\\laravel\\framework\\src\\Illuminate\\Session\\Middleware\\StartSession.php(121): Illuminate\\Pipeline\\Pipeline->Illuminate\\Pipeline\\{closure}(Object(Illuminate\\Http\\Request))
#29 C:\\Users\\User\\Desktop\\ING DAVID VEGA\\FULLSTACK\\MundoNavidenio365\\vendor\\laravel\\framework\\src\\Illuminate\\Session\\Middleware\\StartSession.php(64): Illuminate\\Session\\Middleware\\StartSession->handleStatefulRequest(Object(Illuminate\\Http\\Request), Object(Illuminate\\Session\\Store), Object(Closure))
#30 C:\\Users\\User\\Desktop\\ING DAVID VEGA\\FULLSTACK\\MundoNavidenio365\\vendor\\laravel\\framework\\src\\Illuminate\\Pipeline\\Pipeline.php(183): Illuminate\\Session\\Middleware\\StartSession->handle(Object(Illuminate\\Http\\Request), Object(Closure))
#31 C:\\Users\\User\\Desktop\\ING DAVID VEGA\\FULLSTACK\\MundoNavidenio365\\vendor\\laravel\\framework\\src\\Illuminate\\Cookie\\Middleware\\AddQueuedCookiesToResponse.php(37): Illuminate\\Pipeline\\Pipeline->Illuminate\\Pipeline\\{closure}(Object(Illuminate\\Http\\Request))
#32 C:\\Users\\User\\Desktop\\ING DAVID VEGA\\FULLSTACK\\MundoNavidenio365\\vendor\\laravel\\framework\\src\\Illuminate\\Pipeline\\Pipeline.php(183): Illuminate\\Cookie\\Middleware\\AddQueuedCookiesToResponse->handle(Object(Illuminate\\Http\\Request), Object(Closure))
#33 C:\\Users\\User\\Desktop\\ING DAVID VEGA\\FULLSTACK\\MundoNavidenio365\\vendor\\laravel\\framework\\src\\Illuminate\\Cookie\\Middleware\\EncryptCookies.php(67): Illuminate\\Pipeline\\Pipeline->Illuminate\\Pipeline\\{closure}(Object(Illuminate\\Http\\Request))
#34 C:\\Users\\User\\Desktop\\ING DAVID VEGA\\FULLSTACK\\MundoNavidenio365\\vendor\\laravel\\framework\\src\\Illuminate\\Pipeline\\Pipeline.php(183): Illuminate\\Cookie\\Middleware\\EncryptCookies->handle(Object(Illuminate\\Http\\Request), Object(Closure))
#35 C:\\Users\\User\\Desktop\\ING DAVID VEGA\\FULLSTACK\\MundoNavidenio365\\vendor\\laravel\\framework\\src\\Illuminate\\Pipeline\\Pipeline.php(119): Illuminate\\Pipeline\\Pipeline->Illuminate\\Pipeline\\{closure}(Object(Illuminate\\Http\\Request))
#36 C:\\Users\\User\\Desktop\\ING DAVID VEGA\\FULLSTACK\\MundoNavidenio365\\vendor\\laravel\\framework\\src\\Illuminate\\Routing\\Router.php(805): Illuminate\\Pipeline\\Pipeline->then(Object(Closure))
#37 C:\\Users\\User\\Desktop\\ING DAVID VEGA\\FULLSTACK\\MundoNavidenio365\\vendor\\laravel\\framework\\src\\Illuminate\\Routing\\Router.php(784): Illuminate\\Routing\\Router->runRouteWithinStack(Object(Illuminate\\Routing\\Route), Object(Illuminate\\Http\\Request))
#38 C:\\Users\\User\\Desktop\\ING DAVID VEGA\\FULLSTACK\\MundoNavidenio365\\vendor\\laravel\\framework\\src\\Illuminate\\Routing\\Router.php(748): Illuminate\\Routing\\Router->runRoute(Object(Illuminate\\Http\\Request), Object(Illuminate\\Routing\\Route))
#39 C:\\Users\\User\\Desktop\\ING DAVID VEGA\\FULLSTACK\\MundoNavidenio365\\vendor\\laravel\\framework\\src\\Illuminate\\Routing\\Router.php(737): Illuminate\\Routing\\Router->dispatchToRoute(Object(Illuminate\\Http\\Request))
#40 C:\\Users\\User\\Desktop\\ING DAVID VEGA\\FULLSTACK\\MundoNavidenio365\\vendor\\laravel\\framework\\src\\Illuminate\\Foundation\\Http\\Kernel.php(200): Illuminate\\Routing\\Router->dispatch(Object(Illuminate\\Http\\Request))
#41 C:\\Users\\User\\Desktop\\ING DAVID VEGA\\FULLSTACK\\MundoNavidenio365\\vendor\\laravel\\framework\\src\\Illuminate\\Pipeline\\Pipeline.php(144): Illuminate\\Foundation\\Http\\Kernel->Illuminate\\Foundation\\Http\\{closure}(Object(Illuminate\\Http\\Request))
#42 C:\\Users\\User\\Desktop\\ING DAVID VEGA\\FULLSTACK\\MundoNavidenio365\\vendor\\laravel\\framework\\src\\Illuminate\\Foundation\\Http\\Middleware\\TransformsRequest.php(21): Illuminate\\Pipeline\\Pipeline->Illuminate\\Pipeline\\{closure}(Object(Illuminate\\Http\\Request))
#43 C:\\Users\\User\\Desktop\\ING DAVID VEGA\\FULLSTACK\\MundoNavidenio365\\vendor\\laravel\\framework\\src\\Illuminate\\Foundation\\Http\\Middleware\\ConvertEmptyStringsToNull.php(31): Illuminate\\Foundation\\Http\\Middleware\\TransformsRequest->handle(Object(Illuminate\\Http\\Request), Object(Closure))
#44 C:\\Users\\User\\Desktop\\ING DAVID VEGA\\FULLSTACK\\MundoNavidenio365\\vendor\\laravel\\framework\\src\\Illuminate\\Pipeline\\Pipeline.php(183): Illuminate\\Foundation\\Http\\Middleware\\ConvertEmptyStringsToNull->handle(Object(Illuminate\\Http\\Request), Object(Closure))
#45 C:\\Users\\User\\Desktop\\ING DAVID VEGA\\FULLSTACK\\MundoNavidenio365\\vendor\\laravel\\framework\\src\\Illuminate\\Foundation\\Http\\Middleware\\TransformsRequest.php(21): Illuminate\\Pipeline\\Pipeline->Illuminate\\Pipeline\\{closure}(Object(Illuminate\\Http\\Request))
#46 C:\\Users\\User\\Desktop\\ING DAVID VEGA\\FULLSTACK\\MundoNavidenio365\\vendor\\laravel\\framework\\src\\Illuminate\\Foundation\\Http\\Middleware\\TrimStrings.php(40): Illuminate\\Foundation\\Http\\Middleware\\TransformsRequest->handle(Object(Illuminate\\Http\\Request), Object(Closure))
#47 C:\\Users\\User\\Desktop\\ING DAVID VEGA\\FULLSTACK\\MundoNavidenio365\\vendor\\laravel\\framework\\src\\Illuminate\\Pipeline\\Pipeline.php(183): Illuminate\\Foundation\\Http\\Middleware\\TrimStrings->handle(Object(Illuminate\\Http\\Request), Object(Closure))
#48 C:\\Users\\User\\Desktop\\ING DAVID VEGA\\FULLSTACK\\MundoNavidenio365\\vendor\\laravel\\framework\\src\\Illuminate\\Foundation\\Http\\Middleware\\ValidatePostSize.php(27): Illuminate\\Pipeline\\Pipeline->Illuminate\\Pipeline\\{closure}(Object(Illuminate\\Http\\Request))
#49 C:\\Users\\User\\Desktop\\ING DAVID VEGA\\FULLSTACK\\MundoNavidenio365\\vendor\\laravel\\framework\\src\\Illuminate\\Pipeline\\Pipeline.php(183): Illuminate\\Foundation\\Http\\Middleware\\ValidatePostSize->handle(Object(Illuminate\\Http\\Request), Object(Closure))
#50 C:\\Users\\User\\Desktop\\ING DAVID VEGA\\FULLSTACK\\MundoNavidenio365\\vendor\\laravel\\framework\\src\\Illuminate\\Foundation\\Http\\Middleware\\PreventRequestsDuringMaintenance.php(99): Illuminate\\Pipeline\\Pipeline->Illuminate\\Pipeline\\{closure}(Object(Illuminate\\Http\\Request))
#51 C:\\Users\\User\\Desktop\\ING DAVID VEGA\\FULLSTACK\\MundoNavidenio365\\vendor\\laravel\\framework\\src\\Illuminate\\Pipeline\\Pipeline.php(183): Illuminate\\Foundation\\Http\\Middleware\\PreventRequestsDuringMaintenance->handle(Object(Illuminate\\Http\\Request), Object(Closure))
#52 C:\\Users\\User\\Desktop\\ING DAVID VEGA\\FULLSTACK\\MundoNavidenio365\\vendor\\laravel\\framework\\src\\Illuminate\\Http\\Middleware\\HandleCors.php(49): Illuminate\\Pipeline\\Pipeline->Illuminate\\Pipeline\\{closure}(Object(Illuminate\\Http\\Request))
#53 C:\\Users\\User\\Desktop\\ING DAVID VEGA\\FULLSTACK\\MundoNavidenio365\\vendor\\laravel\\framework\\src\\Illuminate\\Pipeline\\Pipeline.php(183): Illuminate\\Http\\Middleware\\HandleCors->handle(Object(Illuminate\\Http\\Request), Object(Closure))
#54 C:\\Users\\User\\Desktop\\ING DAVID VEGA\\FULLSTACK\\MundoNavidenio365\\vendor\\laravel\\framework\\src\\Illuminate\\Http\\Middleware\\TrustProxies.php(39): Illuminate\\Pipeline\\Pipeline->Illuminate\\Pipeline\\{closure}(Object(Illuminate\\Http\\Request))
#55 C:\\Users\\User\\Desktop\\ING DAVID VEGA\\FULLSTACK\\MundoNavidenio365\\vendor\\laravel\\framework\\src\\Illuminate\\Pipeline\\Pipeline.php(183): Illuminate\\Http\\Middleware\\TrustProxies->handle(Object(Illuminate\\Http\\Request), Object(Closure))
#56 C:\\Users\\User\\Desktop\\ING DAVID VEGA\\FULLSTACK\\MundoNavidenio365\\vendor\\laravel\\framework\\src\\Illuminate\\Pipeline\\Pipeline.php(119): Illuminate\\Pipeline\\Pipeline->Illuminate\\Pipeline\\{closure}(Object(Illuminate\\Http\\Request))
#57 C:\\Users\\User\\Desktop\\ING DAVID VEGA\\FULLSTACK\\MundoNavidenio365\\vendor\\laravel\\framework\\src\\Illuminate\\Foundation\\Http\\Kernel.php(175): Illuminate\\Pipeline\\Pipeline->then(Object(Closure))
#58 C:\\Users\\User\\Desktop\\ING DAVID VEGA\\FULLSTACK\\MundoNavidenio365\\vendor\\laravel\\framework\\src\\Illuminate\\Foundation\\Http\\Kernel.php(144): Illuminate\\Foundation\\Http\\Kernel->sendRequestThroughRouter(Object(Illuminate\\Http\\Request))
#59 C:\\Users\\User\\Desktop\\ING DAVID VEGA\\FULLSTACK\\MundoNavidenio365\\public\\index.php(51): Illuminate\\Foundation\\Http\\Kernel->handle(Object(Illuminate\\Http\\Request))
#60 C:\\Users\\User\\Desktop\\ING DAVID VEGA\\FULLSTACK\\MundoNavidenio365\\vendor\\laravel\\framework\\src\\Illuminate\\Foundation\\resources\\server.php(16): require_once('C:\\\\Users\\\\User\\\\D...')
#61 {main}
"} 
[2026-01-25 06:03:33] local.ERROR: file_put_contents(C:\Users\User\Desktop\ING DAVID VEGA\FULLSTACK\MundoNavidenio365\storage\framework/sessions/xNsyHQrXo9CJKVZo6VTxVRzRXJ0IJPSZ7AHa0xbA): Failed to open stream: No such file or directory {"exception":"[object] (ErrorException(code: 0): file_put_contents(C:\\Users\\User\\Desktop\\ING DAVID VEGA\\FULLSTACK\\MundoNavidenio365\\storage\\framework/sessions/xNsyHQrXo9CJKVZo6VTxVRzRXJ0IJPSZ7AHa0xbA): Failed to open stream: No such file or directory at C:\\Users\\User\\Desktop\\ING DAVID VEGA\\FULLSTACK\\MundoNavidenio365\\vendor\\laravel\\framework\\src\\Illuminate\\Filesystem\\Filesystem.php:204)
[stacktrace]
#0 C:\\Users\\User\\Desktop\\ING DAVID VEGA\\FULLSTACK\\MundoNavidenio365\\vendor\\laravel\\framework\\src\\Illuminate\\Foundation\\Bootstrap\\HandleExceptions.php(255): Illuminate\\Foundation\\Bootstrap\\HandleExceptions->handleError(2, 'file_put_conten...', 'C:\\\\Users\\\\User\\\\D...', 204)
#1 [internal function]: Illuminate\\Foundation\\Bootstrap\\HandleExceptions->Illuminate\\Foundation\\Bootstrap\\{closure}(2, 'file_put_conten...', 'C:\\\\Users\\\\User\\\\D...', 204)
#2 C:\\Users\\User\\Desktop\\ING DAVID VEGA\\FULLSTACK\\MundoNavidenio365\\vendor\\laravel\\framework\\src\\Illuminate\\Filesystem\\Filesystem.php(204): file_put_contents('C:\\\\Users\\\\User\\\\D...', 'a:3:{s:6:\"_toke...', 2)
#3 C:\\Users\\User\\Desktop\\ING DAVID VEGA\\FULLSTACK\\MundoNavidenio365\\vendor\\laravel\\framework\\src\\Illuminate\\Session\\FileSessionHandler.php(90): Illuminate\\Filesystem\\Filesystem->put('C:\\\\Users\\\\User\\\\D...', 'a:3:{s:6:\"_toke...', true)
#4 C:\\Users\\User\\Desktop\\ING DAVID VEGA\\FULLSTACK\\MundoNavidenio365\\vendor\\laravel\\framework\\src\\Illuminate\\Session\\Store.php(172): Illuminate\\Session\\FileSessionHandler->write('xNsyHQrXo9CJKVZ...', 'a:3:{s:6:\"_toke...')
#5 C:\\Users\\User\\Desktop\\ING DAVID VEGA\\FULLSTACK\\MundoNavidenio365\\vendor\\laravel\\framework\\src\\Illuminate\\Session\\Middleware\\StartSession.php(245): Illuminate\\Session\\Store->save()
#6 C:\\Users\\User\\Desktop\\ING DAVID VEGA\\FULLSTACK\\MundoNavidenio365\\vendor\\laravel\\framework\\src\\Illuminate\\Session\\Middleware\\StartSession.php(130): Illuminate\\Session\\Middleware\\StartSession->saveSession(Object(Illuminate\\Http\\Request))
#7 C:\\Users\\User\\Desktop\\ING DAVID VEGA\\FULLSTACK\\MundoNavidenio365\\vendor\\laravel\\framework\\src\\Illuminate\\Session\\Middleware\\StartSession.php(64): Illuminate\\Session\\Middleware\\StartSession->handleStatefulRequest(Object(Illuminate\\Http\\Request), Object(Illuminate\\Session\\Store), Object(Closure))
#8 C:\\Users\\User\\Desktop\\ING DAVID VEGA\\FULLSTACK\\MundoNavidenio365\\vendor\\laravel\\framework\\src\\Illuminate\\Pipeline\\Pipeline.php(183): Illuminate\\Session\\Middleware\\StartSession->handle(Object(Illuminate\\Http\\Request), Object(Closure))
#9 C:\\Users\\User\\Desktop\\ING DAVID VEGA\\FULLSTACK\\MundoNavidenio365\\vendor\\laravel\\framework\\src\\Illuminate\\Cookie\\Middleware\\AddQueuedCookiesToResponse.php(37): Illuminate\\Pipeline\\Pipeline->Illuminate\\Pipeline\\{closure}(Object(Illuminate\\Http\\Request))
#10 C:\\Users\\User\\Desktop\\ING DAVID VEGA\\FULLSTACK\\MundoNavidenio365\\vendor\\laravel\\framework\\src\\Illuminate\\Pipeline\\Pipeline.php(183): Illuminate\\Cookie\\Middleware\\AddQueuedCookiesToResponse->handle(Object(Illuminate\\Http\\Request), Object(Closure))
#11 C:\\Users\\User\\Desktop\\ING DAVID VEGA\\FULLSTACK\\MundoNavidenio365\\vendor\\laravel\\framework\\src\\Illuminate\\Cookie\\Middleware\\EncryptCookies.php(67): Illuminate\\Pipeline\\Pipeline->Illuminate\\Pipeline\\{closure}(Object(Illuminate\\Http\\Request))
#12 C:\\Users\\User\\Desktop\\ING DAVID VEGA\\FULLSTACK\\MundoNavidenio365\\vendor\\laravel\\framework\\src\\Illuminate\\Pipeline\\Pipeline.php(183): Illuminate\\Cookie\\Middleware\\EncryptCookies->handle(Object(Illuminate\\Http\\Request), Object(Closure))
#13 C:\\Users\\User\\Desktop\\ING DAVID VEGA\\FULLSTACK\\MundoNavidenio365\\vendor\\laravel\\framework\\src\\Illuminate\\Pipeline\\Pipeline.php(119): Illuminate\\Pipeline\\Pipeline->Illuminate\\Pipeline\\{closure}(Object(Illuminate\\Http\\Request))
#14 C:\\Users\\User\\Desktop\\ING DAVID VEGA\\FULLSTACK\\MundoNavidenio365\\vendor\\laravel\\framework\\src\\Illuminate\\Routing\\Router.php(805): Illuminate\\Pipeline\\Pipeline->then(Object(Closure))
#15 C:\\Users\\User\\Desktop\\ING DAVID VEGA\\FULLSTACK\\MundoNavidenio365\\vendor\\laravel\\framework\\src\\Illuminate\\Routing\\Router.php(784): Illuminate\\Routing\\Router->runRouteWithinStack(Object(Illuminate\\Routing\\Route), Object(Illuminate\\Http\\Request))
#16 C:\\Users\\User\\Desktop\\ING DAVID VEGA\\FULLSTACK\\MundoNavidenio365\\vendor\\laravel\\framework\\src\\Illuminate\\Routing\\Router.php(748): Illuminate\\Routing\\Router->runRoute(Object(Illuminate\\Http\\Request), Object(Illuminate\\Routing\\Route))
#17 C:\\Users\\User\\Desktop\\ING DAVID VEGA\\FULLSTACK\\MundoNavidenio365\\vendor\\laravel\\framework\\src\\Illuminate\\Routing\\Router.php(737): Illuminate\\Routing\\Router->dispatchToRoute(Object(Illuminate\\Http\\Request))
#18 C:\\Users\\User\\Desktop\\ING DAVID VEGA\\FULLSTACK\\MundoNavidenio365\\vendor\\laravel\\framework\\src\\Illuminate\\Foundation\\Http\\Kernel.php(200): Illuminate\\Routing\\Router->dispatch(Object(Illuminate\\Http\\Request))
#19 C:\\Users\\User\\Desktop\\ING DAVID VEGA\\FULLSTACK\\MundoNavidenio365\\vendor\\laravel\\framework\\src\\Illuminate\\Pipeline\\Pipeline.php(144): Illuminate\\Foundation\\Http\\Kernel->Illuminate\\Foundation\\Http\\{closure}(Object(Illuminate\\Http\\Request))
#20 C:\\Users\\User\\Desktop\\ING DAVID VEGA\\FULLSTACK\\MundoNavidenio365\\vendor\\laravel\\framework\\src\\Illuminate\\Foundation\\Http\\Middleware\\TransformsRequest.php(21): Illuminate\\Pipeline\\Pipeline->Illuminate\\Pipeline\\{closure}(Object(Illuminate\\Http\\Request))
#21 C:\\Users\\User\\Desktop\\ING DAVID VEGA\\FULLSTACK\\MundoNavidenio365\\vendor\\laravel\\framework\\src\\Illuminate\\Foundation\\Http\\Middleware\\ConvertEmptyStringsToNull.php(31): Illuminate\\Foundation\\Http\\Middleware\\TransformsRequest->handle(Object(Illuminate\\Http\\Request), Object(Closure))
#22 C:\\Users\\User\\Desktop\\ING DAVID VEGA\\FULLSTACK\\MundoNavidenio365\\vendor\\laravel\\framework\\src\\Illuminate\\Pipeline\\Pipeline.php(183): Illuminate\\Foundation\\Http\\Middleware\\ConvertEmptyStringsToNull->handle(Object(Illuminate\\Http\\Request), Object(Closure))
#23 C:\\Users\\User\\Desktop\\ING DAVID VEGA\\FULLSTACK\\MundoNavidenio365\\vendor\\laravel\\framework\\src\\Illuminate\\Foundation\\Http\\Middleware\\TransformsRequest.php(21): Illuminate\\Pipeline\\Pipeline->Illuminate\\Pipeline\\{closure}(Object(Illuminate\\Http\\Request))
#24 C:\\Users\\User\\Desktop\\ING DAVID VEGA\\FULLSTACK\\MundoNavidenio365\\vendor\\laravel\\framework\\src\\Illuminate\\Foundation\\Http\\Middleware\\TrimStrings.php(40): Illuminate\\Foundation\\Http\\Middleware\\TransformsRequest->handle(Object(Illuminate\\Http\\Request), Object(Closure))
#25 C:\\Users\\User\\Desktop\\ING DAVID VEGA\\FULLSTACK\\MundoNavidenio365\\vendor\\laravel\\framework\\src\\Illuminate\\Pipeline\\Pipeline.php(183): Illuminate\\Foundation\\Http\\Middleware\\TrimStrings->handle(Object(Illuminate\\Http\\Request), Object(Closure))
#26 C:\\Users\\User\\Desktop\\ING DAVID VEGA\\FULLSTACK\\MundoNavidenio365\\vendor\\laravel\\framework\\src\\Illuminate\\Foundation\\Http\\Middleware\\ValidatePostSize.php(27): Illuminate\\Pipeline\\Pipeline->Illuminate\\Pipeline\\{closure}(Object(Illuminate\\Http\\Request))
#27 C:\\Users\\User\\Desktop\\ING DAVID VEGA\\FULLSTACK\\MundoNavidenio365\\vendor\\laravel\\framework\\src\\Illuminate\\Pipeline\\Pipeline.php(183): Illuminate\\Foundation\\Http\\Middleware\\ValidatePostSize->handle(Object(Illuminate\\Http\\Request), Object(Closure))
#28 C:\\Users\\User\\Desktop\\ING DAVID VEGA\\FULLSTACK\\MundoNavidenio365\\vendor\\laravel\\framework\\src\\Illuminate\\Foundation\\Http\\Middleware\\PreventRequestsDuringMaintenance.php(99): Illuminate\\Pipeline\\Pipeline->Illuminate\\Pipeline\\{closure}(Object(Illuminate\\Http\\Request))
#29 C:\\Users\\User\\Desktop\\ING DAVID VEGA\\FULLSTACK\\MundoNavidenio365\\vendor\\laravel\\framework\\src\\Illuminate\\Pipeline\\Pipeline.php(183): Illuminate\\Foundation\\Http\\Middleware\\PreventRequestsDuringMaintenance->handle(Object(Illuminate\\Http\\Request), Object(Closure))
#30 C:\\Users\\User\\Desktop\\ING DAVID VEGA\\FULLSTACK\\MundoNavidenio365\\vendor\\laravel\\framework\\src\\Illuminate\\Http\\Middleware\\HandleCors.php(49): Illuminate\\Pipeline\\Pipeline->Illuminate\\Pipeline\\{closure}(Object(Illuminate\\Http\\Request))
#31 C:\\Users\\User\\Desktop\\ING DAVID VEGA\\FULLSTACK\\MundoNavidenio365\\vendor\\laravel\\framework\\src\\Illuminate\\Pipeline\\Pipeline.php(183): Illuminate\\Http\\Middleware\\HandleCors->handle(Object(Illuminate\\Http\\Request), Object(Closure))
#32 C:\\Users\\User\\Desktop\\ING DAVID VEGA\\FULLSTACK\\MundoNavidenio365\\vendor\\laravel\\framework\\src\\Illuminate\\Http\\Middleware\\TrustProxies.php(39): Illuminate\\Pipeline\\Pipeline->Illuminate\\Pipeline\\{closure}(Object(Illuminate\\Http\\Request))
#33 C:\\Users\\User\\Desktop\\ING DAVID VEGA\\FULLSTACK\\MundoNavidenio365\\vendor\\laravel\\framework\\src\\Illuminate\\Pipeline\\Pipeline.php(183): Illuminate\\Http\\Middleware\\TrustProxies->handle(Object(Illuminate\\Http\\Request), Object(Closure))
#34 C:\\Users\\User\\Desktop\\ING DAVID VEGA\\FULLSTACK\\MundoNavidenio365\\vendor\\laravel\\framework\\src\\Illuminate\\Pipeline\\Pipeline.php(119): Illuminate\\Pipeline\\Pipeline->Illuminate\\Pipeline\\{closure}(Object(Illuminate\\Http\\Request))
#35 C:\\Users\\User\\Desktop\\ING DAVID VEGA\\FULLSTACK\\MundoNavidenio365\\vendor\\laravel\\framework\\src\\Illuminate\\Foundation\\Http\\Kernel.php(175): Illuminate\\Pipeline\\Pipeline->then(Object(Closure))
#36 C:\\Users\\User\\Desktop\\ING DAVID VEGA\\FULLSTACK\\MundoNavidenio365\\vendor\\laravel\\framework\\src\\Illuminate\\Foundation\\Http\\Kernel.php(144): Illuminate\\Foundation\\Http\\Kernel->sendRequestThroughRouter(Object(Illuminate\\Http\\Request))
#37 C:\\Users\\User\\Desktop\\ING DAVID VEGA\\FULLSTACK\\MundoNavidenio365\\public\\index.php(51): Illuminate\\Foundation\\Http\\Kernel->handle(Object(Illuminate\\Http\\Request))
#38 C:\\Users\\User\\Desktop\\ING DAVID VEGA\\FULLSTACK\\MundoNavidenio365\\vendor\\laravel\\framework\\src\\Illuminate\\Foundation\\resources\\server.php(16): require_once('C:\\\\Users\\\\User\\\\D...')
#39 {main}
"} 
[2026-01-25 06:04:22] local.ERROR: SQLSTATE[HY000] [1045] Access denied for user 'mundonav_navidad'@'localhost' (using password: YES) (Connection: mysql, SQL: select `id`, `nombre_comercial`, `razon_social`, `ruc`, `correo`, `telefono`, `direccion`, `tipo_contribuyente`, `regimen`, `created_by`, `updated_by`, `created_at`, `updated_at` from `empresas` limit 1) {"exception":"[object] (Illuminate\\Database\\QueryException(code: 1045): SQLSTATE[HY000] [1045] Access denied for user 'mundonav_navidad'@'localhost' (using password: YES) (Connection: mysql, SQL: select `id`, `nombre_comercial`, `razon_social`, `ruc`, `correo`, `telefono`, `direccion`, `tipo_contribuyente`, `regimen`, `created_by`, `updated_by`, `created_at`, `updated_at` from `empresas` limit 1) at C:\\Users\\User\\Desktop\\ING DAVID VEGA\\FULLSTACK\\MundoNavidenio365\\vendor\\laravel\\framework\\src\\Illuminate\\Database\\Connection.php:829)
[stacktrace]
#0 C:\\Users\\User\\Desktop\\ING DAVID VEGA\\FULLSTACK\\MundoNavidenio365\\vendor\\laravel\\framework\\src\\Illuminate\\Database\\Connection.php(783): Illuminate\\Database\\Connection->runQueryCallback('select `id`, `n...', Array, Object(Closure))
#1 C:\\Users\\User\\Desktop\\ING DAVID VEGA\\FULLSTACK\\MundoNavidenio365\\vendor\\laravel\\framework\\src\\Illuminate\\Database\\Connection.php(414): Illuminate\\Database\\Connection->run('select `id`, `n...', Array, Object(Closure))
#2 C:\\Users\\User\\Desktop\\ING DAVID VEGA\\FULLSTACK\\MundoNavidenio365\\vendor\\laravel\\framework\\src\\Illuminate\\Database\\Query\\Builder.php(2913): Illuminate\\Database\\Connection->select('select `id`, `n...', Array, true)
#3 C:\\Users\\User\\Desktop\\ING DAVID VEGA\\FULLSTACK\\MundoNavidenio365\\vendor\\laravel\\framework\\src\\Illuminate\\Database\\Query\\Builder.php(2902): Illuminate\\Database\\Query\\Builder->runSelect()
#4 C:\\Users\\User\\Desktop\\ING DAVID VEGA\\FULLSTACK\\MundoNavidenio365\\vendor\\laravel\\framework\\src\\Illuminate\\Database\\Query\\Builder.php(3456): Illuminate\\Database\\Query\\Builder->Illuminate\\Database\\Query\\{closure}()
#5 C:\\Users\\User\\Desktop\\ING DAVID VEGA\\FULLSTACK\\MundoNavidenio365\\vendor\\laravel\\framework\\src\\Illuminate\\Database\\Query\\Builder.php(2901): Illuminate\\Database\\Query\\Builder->onceWithColumns(Array, Object(Closure))
#6 C:\\Users\\User\\Desktop\\ING DAVID VEGA\\FULLSTACK\\MundoNavidenio365\\vendor\\laravel\\framework\\src\\Illuminate\\Database\\Eloquent\\Builder.php(739): Illuminate\\Database\\Query\\Builder->get(Array)
#7 C:\\Users\\User\\Desktop\\ING DAVID VEGA\\FULLSTACK\\MundoNavidenio365\\vendor\\laravel\\framework\\src\\Illuminate\\Database\\Eloquent\\Builder.php(723): Illuminate\\Database\\Eloquent\\Builder->getModels(Array)
#8 C:\\Users\\User\\Desktop\\ING DAVID VEGA\\FULLSTACK\\MundoNavidenio365\\vendor\\laravel\\framework\\src\\Illuminate\\Database\\Concerns\\BuildsQueries.php(333): Illuminate\\Database\\Eloquent\\Builder->get(Array)
#9 C:\\Users\\User\\Desktop\\ING DAVID VEGA\\FULLSTACK\\MundoNavidenio365\\app\\Http\\Middleware\\HandleInertiaRequests.php(36): Illuminate\\Database\\Eloquent\\Builder->first()
#10 C:\\Users\\User\\Desktop\\ING DAVID VEGA\\FULLSTACK\\MundoNavidenio365\\vendor\\inertiajs\\inertia-laravel\\src\\Middleware.php(84): App\\Http\\Middleware\\HandleInertiaRequests->share(Object(Illuminate\\Http\\Request))
#11 C:\\Users\\User\\Desktop\\ING DAVID VEGA\\FULLSTACK\\MundoNavidenio365\\vendor\\laravel\\framework\\src\\Illuminate\\Pipeline\\Pipeline.php(183): Inertia\\Middleware->handle(Object(Illuminate\\Http\\Request), Object(Closure))
#12 C:\\Users\\User\\Desktop\\ING DAVID VEGA\\FULLSTACK\\MundoNavidenio365\\vendor\\laravel\\framework\\src\\Illuminate\\Routing\\Middleware\\SubstituteBindings.php(50): Illuminate\\Pipeline\\Pipeline->Illuminate\\Pipeline\\{closure}(Object(Illuminate\\Http\\Request))
#13 C:\\Users\\User\\Desktop\\ING DAVID VEGA\\FULLSTACK\\MundoNavidenio365\\vendor\\laravel\\framework\\src\\Illuminate\\Pipeline\\Pipeline.php(183): Illuminate\\Routing\\Middleware\\SubstituteBindings->handle(Object(Illuminate\\Http\\Request), Object(Closure))
#14 C:\\Users\\User\\Desktop\\ING DAVID VEGA\\FULLSTACK\\MundoNavidenio365\\vendor\\laravel\\framework\\src\\Illuminate\\Foundation\\Http\\Middleware\\VerifyCsrfToken.php(78): Illuminate\\Pipeline\\Pipeline->Illuminate\\Pipeline\\{closure}(Object(Illuminate\\Http\\Request))
#15 C:\\Users\\User\\Desktop\\ING DAVID VEGA\\FULLSTACK\\MundoNavidenio365\\vendor\\laravel\\framework\\src\\Illuminate\\Pipeline\\Pipeline.php(183): Illuminate\\Foundation\\Http\\Middleware\\VerifyCsrfToken->handle(Object(Illuminate\\Http\\Request), Object(Closure))
#16 C:\\Users\\User\\Desktop\\ING DAVID VEGA\\FULLSTACK\\MundoNavidenio365\\vendor\\laravel\\framework\\src\\Illuminate\\View\\Middleware\\ShareErrorsFromSession.php(49): Illuminate\\Pipeline\\Pipeline->Illuminate\\Pipeline\\{closure}(Object(Illuminate\\Http\\Request))
#17 C:\\Users\\User\\Desktop\\ING DAVID VEGA\\FULLSTACK\\MundoNavidenio365\\vendor\\laravel\\framework\\src\\Illuminate\\Pipeline\\Pipeline.php(183): Illuminate\\View\\Middleware\\ShareErrorsFromSession->handle(Object(Illuminate\\Http\\Request), Object(Closure))
#18 C:\\Users\\User\\Desktop\\ING DAVID VEGA\\FULLSTACK\\MundoNavidenio365\\vendor\\laravel\\framework\\src\\Illuminate\\Session\\Middleware\\StartSession.php(121): Illuminate\\Pipeline\\Pipeline->Illuminate\\Pipeline\\{closure}(Object(Illuminate\\Http\\Request))
#19 C:\\Users\\User\\Desktop\\ING DAVID VEGA\\FULLSTACK\\MundoNavidenio365\\vendor\\laravel\\framework\\src\\Illuminate\\Session\\Middleware\\StartSession.php(64): Illuminate\\Session\\Middleware\\StartSession->handleStatefulRequest(Object(Illuminate\\Http\\Request), Object(Illuminate\\Session\\Store), Object(Closure))
#20 C:\\Users\\User\\Desktop\\ING DAVID VEGA\\FULLSTACK\\MundoNavidenio365\\vendor\\laravel\\framework\\src\\Illuminate\\Pipeline\\Pipeline.php(183): Illuminate\\Session\\Middleware\\StartSession->handle(Object(Illuminate\\Http\\Request), Object(Closure))
#21 C:\\Users\\User\\Desktop\\ING DAVID VEGA\\FULLSTACK\\MundoNavidenio365\\vendor\\laravel\\framework\\src\\Illuminate\\Cookie\\Middleware\\AddQueuedCookiesToResponse.php(37): Illuminate\\Pipeline\\Pipeline->Illuminate\\Pipeline\\{closure}(Object(Illuminate\\Http\\Request))
#22 C:\\Users\\User\\Desktop\\ING DAVID VEGA\\FULLSTACK\\MundoNavidenio365\\vendor\\laravel\\framework\\src\\Illuminate\\Pipeline\\Pipeline.php(183): Illuminate\\Cookie\\Middleware\\AddQueuedCookiesToResponse->handle(Object(Illuminate\\Http\\Request), Object(Closure))
#23 C:\\Users\\User\\Desktop\\ING DAVID VEGA\\FULLSTACK\\MundoNavidenio365\\vendor\\laravel\\framework\\src\\Illuminate\\Cookie\\Middleware\\EncryptCookies.php(67): Illuminate\\Pipeline\\Pipeline->Illuminate\\Pipeline\\{closure}(Object(Illuminate\\Http\\Request))
#24 C:\\Users\\User\\Desktop\\ING DAVID VEGA\\FULLSTACK\\MundoNavidenio365\\vendor\\laravel\\framework\\src\\Illuminate\\Pipeline\\Pipeline.php(183): Illuminate\\Cookie\\Middleware\\EncryptCookies->handle(Object(Illuminate\\Http\\Request), Object(Closure))
#25 C:\\Users\\User\\Desktop\\ING DAVID VEGA\\FULLSTACK\\MundoNavidenio365\\vendor\\laravel\\framework\\src\\Illuminate\\Pipeline\\Pipeline.php(119): Illuminate\\Pipeline\\Pipeline->Illuminate\\Pipeline\\{closure}(Object(Illuminate\\Http\\Request))
#26 C:\\Users\\User\\Desktop\\ING DAVID VEGA\\FULLSTACK\\MundoNavidenio365\\vendor\\laravel\\framework\\src\\Illuminate\\Routing\\Router.php(805): Illuminate\\Pipeline\\Pipeline->then(Object(Closure))
#27 C:\\Users\\User\\Desktop\\ING DAVID VEGA\\FULLSTACK\\MundoNavidenio365\\vendor\\laravel\\framework\\src\\Illuminate\\Routing\\Router.php(784): Illuminate\\Routing\\Router->runRouteWithinStack(Object(Illuminate\\Routing\\Route), Object(Illuminate\\Http\\Request))
#28 C:\\Users\\User\\Desktop\\ING DAVID VEGA\\FULLSTACK\\MundoNavidenio365\\vendor\\laravel\\framework\\src\\Illuminate\\Routing\\Router.php(748): Illuminate\\Routing\\Router->runRoute(Object(Illuminate\\Http\\Request), Object(Illuminate\\Routing\\Route))
#29 C:\\Users\\User\\Desktop\\ING DAVID VEGA\\FULLSTACK\\MundoNavidenio365\\vendor\\laravel\\framework\\src\\Illuminate\\Routing\\Router.php(737): Illuminate\\Routing\\Router->dispatchToRoute(Object(Illuminate\\Http\\Request))
#30 C:\\Users\\User\\Desktop\\ING DAVID VEGA\\FULLSTACK\\MundoNavidenio365\\vendor\\laravel\\framework\\src\\Illuminate\\Foundation\\Http\\Kernel.php(200): Illuminate\\Routing\\Router->dispatch(Object(Illuminate\\Http\\Request))
#31 C:\\Users\\User\\Desktop\\ING DAVID VEGA\\FULLSTACK\\MundoNavidenio365\\vendor\\laravel\\framework\\src\\Illuminate\\Pipeline\\Pipeline.php(144): Illuminate\\Foundation\\Http\\Kernel->Illuminate\\Foundation\\Http\\{closure}(Object(Illuminate\\Http\\Request))
#32 C:\\Users\\User\\Desktop\\ING DAVID VEGA\\FULLSTACK\\MundoNavidenio365\\vendor\\laravel\\framework\\src\\Illuminate\\Foundation\\Http\\Middleware\\TransformsRequest.php(21): Illuminate\\Pipeline\\Pipeline->Illuminate\\Pipeline\\{closure}(Object(Illuminate\\Http\\Request))
#33 C:\\Users\\User\\Desktop\\ING DAVID VEGA\\FULLSTACK\\MundoNavidenio365\\vendor\\laravel\\framework\\src\\Illuminate\\Foundation\\Http\\Middleware\\ConvertEmptyStringsToNull.php(31): Illuminate\\Foundation\\Http\\Middleware\\TransformsRequest->handle(Object(Illuminate\\Http\\Request), Object(Closure))
#34 C:\\Users\\User\\Desktop\\ING DAVID VEGA\\FULLSTACK\\MundoNavidenio365\\vendor\\laravel\\framework\\src\\Illuminate\\Pipeline\\Pipeline.php(183): Illuminate\\Foundation\\Http\\Middleware\\ConvertEmptyStringsToNull->handle(Object(Illuminate\\Http\\Request), Object(Closure))
#35 C:\\Users\\User\\Desktop\\ING DAVID VEGA\\FULLSTACK\\MundoNavidenio365\\vendor\\laravel\\framework\\src\\Illuminate\\Foundation\\Http\\Middleware\\TransformsRequest.php(21): Illuminate\\Pipeline\\Pipeline->Illuminate\\Pipeline\\{closure}(Object(Illuminate\\Http\\Request))
#36 C:\\Users\\User\\Desktop\\ING DAVID VEGA\\FULLSTACK\\MundoNavidenio365\\vendor\\laravel\\framework\\src\\Illuminate\\Foundation\\Http\\Middleware\\TrimStrings.php(40): Illuminate\\Foundation\\Http\\Middleware\\TransformsRequest->handle(Object(Illuminate\\Http\\Request), Object(Closure))
#37 C:\\Users\\User\\Desktop\\ING DAVID VEGA\\FULLSTACK\\MundoNavidenio365\\vendor\\laravel\\framework\\src\\Illuminate\\Pipeline\\Pipeline.php(183): Illuminate\\Foundation\\Http\\Middleware\\TrimStrings->handle(Object(Illuminate\\Http\\Request), Object(Closure))
#38 C:\\Users\\User\\Desktop\\ING DAVID VEGA\\FULLSTACK\\MundoNavidenio365\\vendor\\laravel\\framework\\src\\Illuminate\\Foundation\\Http\\Middleware\\ValidatePostSize.php(27): Illuminate\\Pipeline\\Pipeline->Illuminate\\Pipeline\\{closure}(Object(Illuminate\\Http\\Request))
#39 C:\\Users\\User\\Desktop\\ING DAVID VEGA\\FULLSTACK\\MundoNavidenio365\\vendor\\laravel\\framework\\src\\Illuminate\\Pipeline\\Pipeline.php(183): Illuminate\\Foundation\\Http\\Middleware\\ValidatePostSize->handle(Object(Illuminate\\Http\\Request), Object(Closure))
#40 C:\\Users\\User\\Desktop\\ING DAVID VEGA\\FULLSTACK\\MundoNavidenio365\\vendor\\laravel\\framework\\src\\Illuminate\\Foundation\\Http\\Middleware\\PreventRequestsDuringMaintenance.php(99): Illuminate\\Pipeline\\Pipeline->Illuminate\\Pipeline\\{closure}(Object(Illuminate\\Http\\Request))
#41 C:\\Users\\User\\Desktop\\ING DAVID VEGA\\FULLSTACK\\MundoNavidenio365\\vendor\\laravel\\framework\\src\\Illuminate\\Pipeline\\Pipeline.php(183): Illuminate\\Foundation\\Http\\Middleware\\PreventRequestsDuringMaintenance->handle(Object(Illuminate\\Http\\Request), Object(Closure))
#42 C:\\Users\\User\\Desktop\\ING DAVID VEGA\\FULLSTACK\\MundoNavidenio365\\vendor\\laravel\\framework\\src\\Illuminate\\Http\\Middleware\\HandleCors.php(49): Illuminate\\Pipeline\\Pipeline->Illuminate\\Pipeline\\{closure}(Object(Illuminate\\Http\\Request))
#43 C:\\Users\\User\\Desktop\\ING DAVID VEGA\\FULLSTACK\\MundoNavidenio365\\vendor\\laravel\\framework\\src\\Illuminate\\Pipeline\\Pipeline.php(183): Illuminate\\Http\\Middleware\\HandleCors->handle(Object(Illuminate\\Http\\Request), Object(Closure))
#44 C:\\Users\\User\\Desktop\\ING DAVID VEGA\\FULLSTACK\\MundoNavidenio365\\vendor\\laravel\\framework\\src\\Illuminate\\Http\\Middleware\\TrustProxies.php(39): Illuminate\\Pipeline\\Pipeline->Illuminate\\Pipeline\\{closure}(Object(Illuminate\\Http\\Request))
#45 C:\\Users\\User\\Desktop\\ING DAVID VEGA\\FULLSTACK\\MundoNavidenio365\\vendor\\laravel\\framework\\src\\Illuminate\\Pipeline\\Pipeline.php(183): Illuminate\\Http\\Middleware\\TrustProxies->handle(Object(Illuminate\\Http\\Request), Object(Closure))
#46 C:\\Users\\User\\Desktop\\ING DAVID VEGA\\FULLSTACK\\MundoNavidenio365\\vendor\\laravel\\framework\\src\\Illuminate\\Pipeline\\Pipeline.php(119): Illuminate\\Pipeline\\Pipeline->Illuminate\\Pipeline\\{closure}(Object(Illuminate\\Http\\Request))
#47 C:\\Users\\User\\Desktop\\ING DAVID VEGA\\FULLSTACK\\MundoNavidenio365\\vendor\\laravel\\framework\\src\\Illuminate\\Foundation\\Http\\Kernel.php(175): Illuminate\\Pipeline\\Pipeline->then(Object(Closure))
#48 C:\\Users\\User\\Desktop\\ING DAVID VEGA\\FULLSTACK\\MundoNavidenio365\\vendor\\laravel\\framework\\src\\Illuminate\\Foundation\\Http\\Kernel.php(144): Illuminate\\Foundation\\Http\\Kernel->sendRequestThroughRouter(Object(Illuminate\\Http\\Request))
#49 C:\\Users\\User\\Desktop\\ING DAVID VEGA\\FULLSTACK\\MundoNavidenio365\\public\\index.php(51): Illuminate\\Foundation\\Http\\Kernel->handle(Object(Illuminate\\Http\\Request))
#50 C:\\Users\\User\\Desktop\\ING DAVID VEGA\\FULLSTACK\\MundoNavidenio365\\vendor\\laravel\\framework\\src\\Illuminate\\Foundation\\resources\\server.php(16): require_once('C:\\\\Users\\\\User\\\\D...')
#51 {main}

[previous exception] [object] (PDOException(code: 1045): SQLSTATE[HY000] [1045] Access denied for user 'mundonav_navidad'@'localhost' (using password: YES) at C:\\Users\\User\\Desktop\\ING DAVID VEGA\\FULLSTACK\\MundoNavidenio365\\vendor\\laravel\\framework\\src\\Illuminate\\Database\\Connectors\\Connector.php:65)
[stacktrace]
#0 C:\\Users\\User\\Desktop\\ING DAVID VEGA\\FULLSTACK\\MundoNavidenio365\\vendor\\laravel\\framework\\src\\Illuminate\\Database\\Connectors\\Connector.php(65): PDO->__construct('mysql:host=127....', 'mundonav_navida...', Object(SensitiveParameterValue), Array)
#1 C:\\Users\\User\\Desktop\\ING DAVID VEGA\\FULLSTACK\\MundoNavidenio365\\vendor\\laravel\\framework\\src\\Illuminate\\Database\\Connectors\\Connector.php(44): Illuminate\\Database\\Connectors\\Connector->createPdoConnection('mysql:host=127....', 'mundonav_navida...', 'Pablito_0508', Array)
#2 C:\\Users\\User\\Desktop\\ING DAVID VEGA\\FULLSTACK\\MundoNavidenio365\\vendor\\laravel\\framework\\src\\Illuminate\\Database\\Connectors\\MySqlConnector.php(24): Illuminate\\Database\\Connectors\\Connector->createConnection('mysql:host=127....', Array, Array)
#3 C:\\Users\\User\\Desktop\\ING DAVID VEGA\\FULLSTACK\\MundoNavidenio365\\vendor\\laravel\\framework\\src\\Illuminate\\Database\\Connectors\\ConnectionFactory.php(184): Illuminate\\Database\\Connectors\\MySqlConnector->connect(Array)
#4 [internal function]: Illuminate\\Database\\Connectors\\ConnectionFactory->Illuminate\\Database\\Connectors\\{closure}()
#5 C:\\Users\\User\\Desktop\\ING DAVID VEGA\\FULLSTACK\\MundoNavidenio365\\vendor\\laravel\\framework\\src\\Illuminate\\Database\\Connection.php(1339): call_user_func(Object(Closure))
#6 C:\\Users\\User\\Desktop\\ING DAVID VEGA\\FULLSTACK\\MundoNavidenio365\\vendor\\laravel\\framework\\src\\Illuminate\\Database\\Connection.php(1375): Illuminate\\Database\\Connection->getPdo()
#7 C:\\Users\\User\\Desktop\\ING DAVID VEGA\\FULLSTACK\\MundoNavidenio365\\vendor\\laravel\\framework\\src\\Illuminate\\Database\\Connection.php(528): Illuminate\\Database\\Connection->getReadPdo()
#8 C:\\Users\\User\\Desktop\\ING DAVID VEGA\\FULLSTACK\\MundoNavidenio365\\vendor\\laravel\\framework\\src\\Illuminate\\Database\\Connection.php(423): Illuminate\\Database\\Connection->getPdoForSelect(true)
#9 C:\\Users\\User\\Desktop\\ING DAVID VEGA\\FULLSTACK\\MundoNavidenio365\\vendor\\laravel\\framework\\src\\Illuminate\\Database\\Connection.php(816): Illuminate\\Database\\Connection->Illuminate\\Database\\{closure}('select `id`, `n...', Array)
#10 C:\\Users\\User\\Desktop\\ING DAVID VEGA\\FULLSTACK\\MundoNavidenio365\\vendor\\laravel\\framework\\src\\Illuminate\\Database\\Connection.php(783): Illuminate\\Database\\Connection->runQueryCallback('select `id`, `n...', Array, Object(Closure))
#11 C:\\Users\\User\\Desktop\\ING DAVID VEGA\\FULLSTACK\\MundoNavidenio365\\vendor\\laravel\\framework\\src\\Illuminate\\Database\\Connection.php(414): Illuminate\\Database\\Connection->run('select `id`, `n...', Array, Object(Closure))
#12 C:\\Users\\User\\Desktop\\ING DAVID VEGA\\FULLSTACK\\MundoNavidenio365\\vendor\\laravel\\framework\\src\\Illuminate\\Database\\Query\\Builder.php(2913): Illuminate\\Database\\Connection->select('select `id`, `n...', Array, true)
#13 C:\\Users\\User\\Desktop\\ING DAVID VEGA\\FULLSTACK\\MundoNavidenio365\\vendor\\laravel\\framework\\src\\Illuminate\\Database\\Query\\Builder.php(2902): Illuminate\\Database\\Query\\Builder->runSelect()
#14 C:\\Users\\User\\Desktop\\ING DAVID VEGA\\FULLSTACK\\MundoNavidenio365\\vendor\\laravel\\framework\\src\\Illuminate\\Database\\Query\\Builder.php(3456): Illuminate\\Database\\Query\\Builder->Illuminate\\Database\\Query\\{closure}()
#15 C:\\Users\\User\\Desktop\\ING DAVID VEGA\\FULLSTACK\\MundoNavidenio365\\vendor\\laravel\\framework\\src\\Illuminate\\Database\\Query\\Builder.php(2901): Illuminate\\Database\\Query\\Builder->onceWithColumns(Array, Object(Closure))
#16 C:\\Users\\User\\Desktop\\ING DAVID VEGA\\FULLSTACK\\MundoNavidenio365\\vendor\\laravel\\framework\\src\\Illuminate\\Database\\Eloquent\\Builder.php(739): Illuminate\\Database\\Query\\Builder->get(Array)
#17 C:\\Users\\User\\Desktop\\ING DAVID VEGA\\FULLSTACK\\MundoNavidenio365\\vendor\\laravel\\framework\\src\\Illuminate\\Database\\Eloquent\\Builder.php(723): Illuminate\\Database\\Eloquent\\Builder->getModels(Array)
#18 C:\\Users\\User\\Desktop\\ING DAVID VEGA\\FULLSTACK\\MundoNavidenio365\\vendor\\laravel\\framework\\src\\Illuminate\\Database\\Concerns\\BuildsQueries.php(333): Illuminate\\Database\\Eloquent\\Builder->get(Array)
#19 C:\\Users\\User\\Desktop\\ING DAVID VEGA\\FULLSTACK\\MundoNavidenio365\\app\\Http\\Middleware\\HandleInertiaRequests.php(36): Illuminate\\Database\\Eloquent\\Builder->first()
#20 C:\\Users\\User\\Desktop\\ING DAVID VEGA\\FULLSTACK\\MundoNavidenio365\\vendor\\inertiajs\\inertia-laravel\\src\\Middleware.php(84): App\\Http\\Middleware\\HandleInertiaRequests->share(Object(Illuminate\\Http\\Request))
#21 C:\\Users\\User\\Desktop\\ING DAVID VEGA\\FULLSTACK\\MundoNavidenio365\\vendor\\laravel\\framework\\src\\Illuminate\\Pipeline\\Pipeline.php(183): Inertia\\Middleware->handle(Object(Illuminate\\Http\\Request), Object(Closure))
#22 C:\\Users\\User\\Desktop\\ING DAVID VEGA\\FULLSTACK\\MundoNavidenio365\\vendor\\laravel\\framework\\src\\Illuminate\\Routing\\Middleware\\SubstituteBindings.php(50): Illuminate\\Pipeline\\Pipeline->Illuminate\\Pipeline\\{closure}(Object(Illuminate\\Http\\Request))
#23 C:\\Users\\User\\Desktop\\ING DAVID VEGA\\FULLSTACK\\MundoNavidenio365\\vendor\\laravel\\framework\\src\\Illuminate\\Pipeline\\Pipeline.php(183): Illuminate\\Routing\\Middleware\\SubstituteBindings->handle(Object(Illuminate\\Http\\Request), Object(Closure))
#24 C:\\Users\\User\\Desktop\\ING DAVID VEGA\\FULLSTACK\\MundoNavidenio365\\vendor\\laravel\\framework\\src\\Illuminate\\Foundation\\Http\\Middleware\\VerifyCsrfToken.php(78): Illuminate\\Pipeline\\Pipeline->Illuminate\\Pipeline\\{closure}(Object(Illuminate\\Http\\Request))
#25 C:\\Users\\User\\Desktop\\ING DAVID VEGA\\FULLSTACK\\MundoNavidenio365\\vendor\\laravel\\framework\\src\\Illuminate\\Pipeline\\Pipeline.php(183): Illuminate\\Foundation\\Http\\Middleware\\VerifyCsrfToken->handle(Object(Illuminate\\Http\\Request), Object(Closure))
#26 C:\\Users\\User\\Desktop\\ING DAVID VEGA\\FULLSTACK\\MundoNavidenio365\\vendor\\laravel\\framework\\src\\Illuminate\\View\\Middleware\\ShareErrorsFromSession.php(49): Illuminate\\Pipeline\\Pipeline->Illuminate\\Pipeline\\{closure}(Object(Illuminate\\Http\\Request))
#27 C:\\Users\\User\\Desktop\\ING DAVID VEGA\\FULLSTACK\\MundoNavidenio365\\vendor\\laravel\\framework\\src\\Illuminate\\Pipeline\\Pipeline.php(183): Illuminate\\View\\Middleware\\ShareErrorsFromSession->handle(Object(Illuminate\\Http\\Request), Object(Closure))
#28 C:\\Users\\User\\Desktop\\ING DAVID VEGA\\FULLSTACK\\MundoNavidenio365\\vendor\\laravel\\framework\\src\\Illuminate\\Session\\Middleware\\StartSession.php(121): Illuminate\\Pipeline\\Pipeline->Illuminate\\Pipeline\\{closure}(Object(Illuminate\\Http\\Request))
#29 C:\\Users\\User\\Desktop\\ING DAVID VEGA\\FULLSTACK\\MundoNavidenio365\\vendor\\laravel\\framework\\src\\Illuminate\\Session\\Middleware\\StartSession.php(64): Illuminate\\Session\\Middleware\\StartSession->handleStatefulRequest(Object(Illuminate\\Http\\Request), Object(Illuminate\\Session\\Store), Object(Closure))
#30 C:\\Users\\User\\Desktop\\ING DAVID VEGA\\FULLSTACK\\MundoNavidenio365\\vendor\\laravel\\framework\\src\\Illuminate\\Pipeline\\Pipeline.php(183): Illuminate\\Session\\Middleware\\StartSession->handle(Object(Illuminate\\Http\\Request), Object(Closure))
#31 C:\\Users\\User\\Desktop\\ING DAVID VEGA\\FULLSTACK\\MundoNavidenio365\\vendor\\laravel\\framework\\src\\Illuminate\\Cookie\\Middleware\\AddQueuedCookiesToResponse.php(37): Illuminate\\Pipeline\\Pipeline->Illuminate\\Pipeline\\{closure}(Object(Illuminate\\Http\\Request))
#32 C:\\Users\\User\\Desktop\\ING DAVID VEGA\\FULLSTACK\\MundoNavidenio365\\vendor\\laravel\\framework\\src\\Illuminate\\Pipeline\\Pipeline.php(183): Illuminate\\Cookie\\Middleware\\AddQueuedCookiesToResponse->handle(Object(Illuminate\\Http\\Request), Object(Closure))
#33 C:\\Users\\User\\Desktop\\ING DAVID VEGA\\FULLSTACK\\MundoNavidenio365\\vendor\\laravel\\framework\\src\\Illuminate\\Cookie\\Middleware\\EncryptCookies.php(67): Illuminate\\Pipeline\\Pipeline->Illuminate\\Pipeline\\{closure}(Object(Illuminate\\Http\\Request))
#34 C:\\Users\\User\\Desktop\\ING DAVID VEGA\\FULLSTACK\\MundoNavidenio365\\vendor\\laravel\\framework\\src\\Illuminate\\Pipeline\\Pipeline.php(183): Illuminate\\Cookie\\Middleware\\EncryptCookies->handle(Object(Illuminate\\Http\\Request), Object(Closure))
#35 C:\\Users\\User\\Desktop\\ING DAVID VEGA\\FULLSTACK\\MundoNavidenio365\\vendor\\laravel\\framework\\src\\Illuminate\\Pipeline\\Pipeline.php(119): Illuminate\\Pipeline\\Pipeline->Illuminate\\Pipeline\\{closure}(Object(Illuminate\\Http\\Request))
#36 C:\\Users\\User\\Desktop\\ING DAVID VEGA\\FULLSTACK\\MundoNavidenio365\\vendor\\laravel\\framework\\src\\Illuminate\\Routing\\Router.php(805): Illuminate\\Pipeline\\Pipeline->then(Object(Closure))
#37 C:\\Users\\User\\Desktop\\ING DAVID VEGA\\FULLSTACK\\MundoNavidenio365\\vendor\\laravel\\framework\\src\\Illuminate\\Routing\\Router.php(784): Illuminate\\Routing\\Router->runRouteWithinStack(Object(Illuminate\\Routing\\Route), Object(Illuminate\\Http\\Request))
#38 C:\\Users\\User\\Desktop\\ING DAVID VEGA\\FULLSTACK\\MundoNavidenio365\\vendor\\laravel\\framework\\src\\Illuminate\\Routing\\Router.php(748): Illuminate\\Routing\\Router->runRoute(Object(Illuminate\\Http\\Request), Object(Illuminate\\Routing\\Route))
#39 C:\\Users\\User\\Desktop\\ING DAVID VEGA\\FULLSTACK\\MundoNavidenio365\\vendor\\laravel\\framework\\src\\Illuminate\\Routing\\Router.php(737): Illuminate\\Routing\\Router->dispatchToRoute(Object(Illuminate\\Http\\Request))
#40 C:\\Users\\User\\Desktop\\ING DAVID VEGA\\FULLSTACK\\MundoNavidenio365\\vendor\\laravel\\framework\\src\\Illuminate\\Foundation\\Http\\Kernel.php(200): Illuminate\\Routing\\Router->dispatch(Object(Illuminate\\Http\\Request))
#41 C:\\Users\\User\\Desktop\\ING DAVID VEGA\\FULLSTACK\\MundoNavidenio365\\vendor\\laravel\\framework\\src\\Illuminate\\Pipeline\\Pipeline.php(144): Illuminate\\Foundation\\Http\\Kernel->Illuminate\\Foundation\\Http\\{closure}(Object(Illuminate\\Http\\Request))
#42 C:\\Users\\User\\Desktop\\ING DAVID VEGA\\FULLSTACK\\MundoNavidenio365\\vendor\\laravel\\framework\\src\\Illuminate\\Foundation\\Http\\Middleware\\TransformsRequest.php(21): Illuminate\\Pipeline\\Pipeline->Illuminate\\Pipeline\\{closure}(Object(Illuminate\\Http\\Request))
#43 C:\\Users\\User\\Desktop\\ING DAVID VEGA\\FULLSTACK\\MundoNavidenio365\\vendor\\laravel\\framework\\src\\Illuminate\\Foundation\\Http\\Middleware\\ConvertEmptyStringsToNull.php(31): Illuminate\\Foundation\\Http\\Middleware\\TransformsRequest->handle(Object(Illuminate\\Http\\Request), Object(Closure))
#44 C:\\Users\\User\\Desktop\\ING DAVID VEGA\\FULLSTACK\\MundoNavidenio365\\vendor\\laravel\\framework\\src\\Illuminate\\Pipeline\\Pipeline.php(183): Illuminate\\Foundation\\Http\\Middleware\\ConvertEmptyStringsToNull->handle(Object(Illuminate\\Http\\Request), Object(Closure))
#45 C:\\Users\\User\\Desktop\\ING DAVID VEGA\\FULLSTACK\\MundoNavidenio365\\vendor\\laravel\\framework\\src\\Illuminate\\Foundation\\Http\\Middleware\\TransformsRequest.php(21): Illuminate\\Pipeline\\Pipeline->Illuminate\\Pipeline\\{closure}(Object(Illuminate\\Http\\Request))
#46 C:\\Users\\User\\Desktop\\ING DAVID VEGA\\FULLSTACK\\MundoNavidenio365\\vendor\\laravel\\framework\\src\\Illuminate\\Foundation\\Http\\Middleware\\TrimStrings.php(40): Illuminate\\Foundation\\Http\\Middleware\\TransformsRequest->handle(Object(Illuminate\\Http\\Request), Object(Closure))
#47 C:\\Users\\User\\Desktop\\ING DAVID VEGA\\FULLSTACK\\MundoNavidenio365\\vendor\\laravel\\framework\\src\\Illuminate\\Pipeline\\Pipeline.php(183): Illuminate\\Foundation\\Http\\Middleware\\TrimStrings->handle(Object(Illuminate\\Http\\Request), Object(Closure))
#48 C:\\Users\\User\\Desktop\\ING DAVID VEGA\\FULLSTACK\\MundoNavidenio365\\vendor\\laravel\\framework\\src\\Illuminate\\Foundation\\Http\\Middleware\\ValidatePostSize.php(27): Illuminate\\Pipeline\\Pipeline->Illuminate\\Pipeline\\{closure}(Object(Illuminate\\Http\\Request))
#49 C:\\Users\\User\\Desktop\\ING DAVID VEGA\\FULLSTACK\\MundoNavidenio365\\vendor\\laravel\\framework\\src\\Illuminate\\Pipeline\\Pipeline.php(183): Illuminate\\Foundation\\Http\\Middleware\\ValidatePostSize->handle(Object(Illuminate\\Http\\Request), Object(Closure))
#50 C:\\Users\\User\\Desktop\\ING DAVID VEGA\\FULLSTACK\\MundoNavidenio365\\vendor\\laravel\\framework\\src\\Illuminate\\Foundation\\Http\\Middleware\\PreventRequestsDuringMaintenance.php(99): Illuminate\\Pipeline\\Pipeline->Illuminate\\Pipeline\\{closure}(Object(Illuminate\\Http\\Request))
#51 C:\\Users\\User\\Desktop\\ING DAVID VEGA\\FULLSTACK\\MundoNavidenio365\\vendor\\laravel\\framework\\src\\Illuminate\\Pipeline\\Pipeline.php(183): Illuminate\\Foundation\\Http\\Middleware\\PreventRequestsDuringMaintenance->handle(Object(Illuminate\\Http\\Request), Object(Closure))
#52 C:\\Users\\User\\Desktop\\ING DAVID VEGA\\FULLSTACK\\MundoNavidenio365\\vendor\\laravel\\framework\\src\\Illuminate\\Http\\Middleware\\HandleCors.php(49): Illuminate\\Pipeline\\Pipeline->Illuminate\\Pipeline\\{closure}(Object(Illuminate\\Http\\Request))
#53 C:\\Users\\User\\Desktop\\ING DAVID VEGA\\FULLSTACK\\MundoNavidenio365\\vendor\\laravel\\framework\\src\\Illuminate\\Pipeline\\Pipeline.php(183): Illuminate\\Http\\Middleware\\HandleCors->handle(Object(Illuminate\\Http\\Request), Object(Closure))
#54 C:\\Users\\User\\Desktop\\ING DAVID VEGA\\FULLSTACK\\MundoNavidenio365\\vendor\\laravel\\framework\\src\\Illuminate\\Http\\Middleware\\TrustProxies.php(39): Illuminate\\Pipeline\\Pipeline->Illuminate\\Pipeline\\{closure}(Object(Illuminate\\Http\\Request))
#55 C:\\Users\\User\\Desktop\\ING DAVID VEGA\\FULLSTACK\\MundoNavidenio365\\vendor\\laravel\\framework\\src\\Illuminate\\Pipeline\\Pipeline.php(183): Illuminate\\Http\\Middleware\\TrustProxies->handle(Object(Illuminate\\Http\\Request), Object(Closure))
#56 C:\\Users\\User\\Desktop\\ING DAVID VEGA\\FULLSTACK\\MundoNavidenio365\\vendor\\laravel\\framework\\src\\Illuminate\\Pipeline\\Pipeline.php(119): Illuminate\\Pipeline\\Pipeline->Illuminate\\Pipeline\\{closure}(Object(Illuminate\\Http\\Request))
#57 C:\\Users\\User\\Desktop\\ING DAVID VEGA\\FULLSTACK\\MundoNavidenio365\\vendor\\laravel\\framework\\src\\Illuminate\\Foundation\\Http\\Kernel.php(175): Illuminate\\Pipeline\\Pipeline->then(Object(Closure))
#58 C:\\Users\\User\\Desktop\\ING DAVID VEGA\\FULLSTACK\\MundoNavidenio365\\vendor\\laravel\\framework\\src\\Illuminate\\Foundation\\Http\\Kernel.php(144): Illuminate\\Foundation\\Http\\Kernel->sendRequestThroughRouter(Object(Illuminate\\Http\\Request))
#59 C:\\Users\\User\\Desktop\\ING DAVID VEGA\\FULLSTACK\\MundoNavidenio365\\public\\index.php(51): Illuminate\\Foundation\\Http\\Kernel->handle(Object(Illuminate\\Http\\Request))
#60 C:\\Users\\User\\Desktop\\ING DAVID VEGA\\FULLSTACK\\MundoNavidenio365\\vendor\\laravel\\framework\\src\\Illuminate\\Foundation\\resources\\server.php(16): require_once('C:\\\\Users\\\\User\\\\D...')
#61 {main}
"} 
[2026-01-25 06:12:39] local.ERROR: SQLSTATE[HY000] [1045] Access denied for user 'mundonav_navidad'@'localhost' (using password: YES) (Connection: mysql, SQL: select table_name as `name`, (data_length + index_length) as `size`, table_comment as `comment`, engine as `engine`, table_collation as `collation` from information_schema.tables where table_schema = 'mundonav_navidad' and table_type in ('BASE TABLE', 'SYSTEM VERSIONED') order by table_name) {"exception":"[object] (Illuminate\\Database\\QueryException(code: 1045): SQLSTATE[HY000] [1045] Access denied for user 'mundonav_navidad'@'localhost' (using password: YES) (Connection: mysql, SQL: select table_name as `name`, (data_length + index_length) as `size`, table_comment as `comment`, engine as `engine`, table_collation as `collation` from information_schema.tables where table_schema = 'mundonav_navidad' and table_type in ('BASE TABLE', 'SYSTEM VERSIONED') order by table_name) at C:\\Users\\User\\Desktop\\ING DAVID VEGA\\FULLSTACK\\MundoNavidenio365\\vendor\\laravel\\framework\\src\\Illuminate\\Database\\Connection.php:829)
[stacktrace]
#0 C:\\Users\\User\\Desktop\\ING DAVID VEGA\\FULLSTACK\\MundoNavidenio365\\vendor\\laravel\\framework\\src\\Illuminate\\Database\\Connection.php(783): Illuminate\\Database\\Connection->runQueryCallback('select table_na...', Array, Object(Closure))
#1 C:\\Users\\User\\Desktop\\ING DAVID VEGA\\FULLSTACK\\MundoNavidenio365\\vendor\\laravel\\framework\\src\\Illuminate\\Database\\Connection.php(414): Illuminate\\Database\\Connection->run('select table_na...', Array, Object(Closure))
#2 C:\\Users\\User\\Desktop\\ING DAVID VEGA\\FULLSTACK\\MundoNavidenio365\\vendor\\laravel\\framework\\src\\Illuminate\\Database\\Connection.php(401): Illuminate\\Database\\Connection->select('select table_na...', Array, false)
#3 C:\\Users\\User\\Desktop\\ING DAVID VEGA\\FULLSTACK\\MundoNavidenio365\\vendor\\laravel\\framework\\src\\Illuminate\\Database\\Schema\\MySqlBuilder.php(41): Illuminate\\Database\\Connection->selectFromWriteConnection('select table_na...')
#4 C:\\Users\\User\\Desktop\\ING DAVID VEGA\\FULLSTACK\\MundoNavidenio365\\vendor\\laravel\\framework\\src\\Illuminate\\Database\\Schema\\Builder.php(165): Illuminate\\Database\\Schema\\MySqlBuilder->getTables(false)
#5 C:\\Users\\User\\Desktop\\ING DAVID VEGA\\FULLSTACK\\MundoNavidenio365\\vendor\\laravel\\framework\\src\\Illuminate\\Database\\Migrations\\DatabaseMigrationRepository.php(184): Illuminate\\Database\\Schema\\Builder->hasTable('migrations')
#6 C:\\Users\\User\\Desktop\\ING DAVID VEGA\\FULLSTACK\\MundoNavidenio365\\vendor\\laravel\\framework\\src\\Illuminate\\Database\\Migrations\\Migrator.php(727): Illuminate\\Database\\Migrations\\DatabaseMigrationRepository->repositoryExists()
#7 C:\\Users\\User\\Desktop\\ING DAVID VEGA\\FULLSTACK\\MundoNavidenio365\\vendor\\laravel\\framework\\src\\Illuminate\\Database\\Console\\Migrations\\MigrateCommand.php(140): Illuminate\\Database\\Migrations\\Migrator->repositoryExists()
#8 C:\\Users\\User\\Desktop\\ING DAVID VEGA\\FULLSTACK\\MundoNavidenio365\\vendor\\laravel\\framework\\src\\Illuminate\\Support\\helpers.php(261): Illuminate\\Database\\Console\\Migrations\\MigrateCommand->Illuminate\\Database\\Console\\Migrations\\{closure}(1)
#9 C:\\Users\\User\\Desktop\\ING DAVID VEGA\\FULLSTACK\\MundoNavidenio365\\vendor\\laravel\\framework\\src\\Illuminate\\Database\\Console\\Migrations\\MigrateCommand.php(140): retry(1, Object(Closure), 0, Object(Closure))
#10 C:\\Users\\User\\Desktop\\ING DAVID VEGA\\FULLSTACK\\MundoNavidenio365\\vendor\\laravel\\framework\\src\\Illuminate\\Database\\Console\\Migrations\\MigrateCommand.php(116): Illuminate\\Database\\Console\\Migrations\\MigrateCommand->repositoryExists()
#11 C:\\Users\\User\\Desktop\\ING DAVID VEGA\\FULLSTACK\\MundoNavidenio365\\vendor\\laravel\\framework\\src\\Illuminate\\Database\\Console\\Migrations\\MigrateCommand.php(84): Illuminate\\Database\\Console\\Migrations\\MigrateCommand->prepareDatabase()
#12 C:\\Users\\User\\Desktop\\ING DAVID VEGA\\FULLSTACK\\MundoNavidenio365\\vendor\\laravel\\framework\\src\\Illuminate\\Database\\Migrations\\Migrator.php(641): Illuminate\\Database\\Console\\Migrations\\MigrateCommand->Illuminate\\Database\\Console\\Migrations\\{closure}()
#13 C:\\Users\\User\\Desktop\\ING DAVID VEGA\\FULLSTACK\\MundoNavidenio365\\vendor\\laravel\\framework\\src\\Illuminate\\Database\\Console\\Migrations\\MigrateCommand.php(83): Illuminate\\Database\\Migrations\\Migrator->usingConnection(NULL, Object(Closure))
#14 C:\\Users\\User\\Desktop\\ING DAVID VEGA\\FULLSTACK\\MundoNavidenio365\\vendor\\laravel\\framework\\src\\Illuminate\\Container\\BoundMethod.php(36): Illuminate\\Database\\Console\\Migrations\\MigrateCommand->handle()
#15 C:\\Users\\User\\Desktop\\ING DAVID VEGA\\FULLSTACK\\MundoNavidenio365\\vendor\\laravel\\framework\\src\\Illuminate\\Container\\Util.php(41): Illuminate\\Container\\BoundMethod::Illuminate\\Container\\{closure}()
#16 C:\\Users\\User\\Desktop\\ING DAVID VEGA\\FULLSTACK\\MundoNavidenio365\\vendor\\laravel\\framework\\src\\Illuminate\\Container\\BoundMethod.php(93): Illuminate\\Container\\Util::unwrapIfClosure(Object(Closure))
#17 C:\\Users\\User\\Desktop\\ING DAVID VEGA\\FULLSTACK\\MundoNavidenio365\\vendor\\laravel\\framework\\src\\Illuminate\\Container\\BoundMethod.php(35): Illuminate\\Container\\BoundMethod::callBoundMethod(Object(Illuminate\\Foundation\\Application), Array, Object(Closure))
#18 C:\\Users\\User\\Desktop\\ING DAVID VEGA\\FULLSTACK\\MundoNavidenio365\\vendor\\laravel\\framework\\src\\Illuminate\\Container\\Container.php(662): Illuminate\\Container\\BoundMethod::call(Object(Illuminate\\Foundation\\Application), Array, Array, NULL)
#19 C:\\Users\\User\\Desktop\\ING DAVID VEGA\\FULLSTACK\\MundoNavidenio365\\vendor\\laravel\\framework\\src\\Illuminate\\Console\\Command.php(211): Illuminate\\Container\\Container->call(Array)
#20 C:\\Users\\User\\Desktop\\ING DAVID VEGA\\FULLSTACK\\MundoNavidenio365\\vendor\\symfony\\console\\Command\\Command.php(326): Illuminate\\Console\\Command->execute(Object(Symfony\\Component\\Console\\Input\\ArgvInput), Object(Illuminate\\Console\\OutputStyle))
#21 C:\\Users\\User\\Desktop\\ING DAVID VEGA\\FULLSTACK\\MundoNavidenio365\\vendor\\laravel\\framework\\src\\Illuminate\\Console\\Command.php(180): Symfony\\Component\\Console\\Command\\Command->run(Object(Symfony\\Component\\Console\\Input\\ArgvInput), Object(Illuminate\\Console\\OutputStyle))
#22 C:\\Users\\User\\Desktop\\ING DAVID VEGA\\FULLSTACK\\MundoNavidenio365\\vendor\\symfony\\console\\Application.php(1096): Illuminate\\Console\\Command->run(Object(Symfony\\Component\\Console\\Input\\ArgvInput), Object(Symfony\\Component\\Console\\Output\\ConsoleOutput))
#23 C:\\Users\\User\\Desktop\\ING DAVID VEGA\\FULLSTACK\\MundoNavidenio365\\vendor\\symfony\\console\\Application.php(324): Symfony\\Component\\Console\\Application->doRunCommand(Object(Illuminate\\Database\\Console\\Migrations\\MigrateCommand), Object(Symfony\\Component\\Console\\Input\\ArgvInput), Object(Symfony\\Component\\Console\\Output\\ConsoleOutput))
#24 C:\\Users\\User\\Desktop\\ING DAVID VEGA\\FULLSTACK\\MundoNavidenio365\\vendor\\symfony\\console\\Application.php(175): Symfony\\Component\\Console\\Application->doRun(Object(Symfony\\Component\\Console\\Input\\ArgvInput), Object(Symfony\\Component\\Console\\Output\\ConsoleOutput))
#25 C:\\Users\\User\\Desktop\\ING DAVID VEGA\\FULLSTACK\\MundoNavidenio365\\vendor\\laravel\\framework\\src\\Illuminate\\Foundation\\Console\\Kernel.php(201): Symfony\\Component\\Console\\Application->run(Object(Symfony\\Component\\Console\\Input\\ArgvInput), Object(Symfony\\Component\\Console\\Output\\ConsoleOutput))
#26 C:\\Users\\User\\Desktop\\ING DAVID VEGA\\FULLSTACK\\MundoNavidenio365\\artisan(35): Illuminate\\Foundation\\Console\\Kernel->handle(Object(Symfony\\Component\\Console\\Input\\ArgvInput), Object(Symfony\\Component\\Console\\Output\\ConsoleOutput))
#27 {main}

[previous exception] [object] (PDOException(code: 1045): SQLSTATE[HY000] [1045] Access denied for user 'mundonav_navidad'@'localhost' (using password: YES) at C:\\Users\\User\\Desktop\\ING DAVID VEGA\\FULLSTACK\\MundoNavidenio365\\vendor\\laravel\\framework\\src\\Illuminate\\Database\\Connectors\\Connector.php:65)
[stacktrace]
#0 C:\\Users\\User\\Desktop\\ING DAVID VEGA\\FULLSTACK\\MundoNavidenio365\\vendor\\laravel\\framework\\src\\Illuminate\\Database\\Connectors\\Connector.php(65): PDO->__construct('mysql:host=127....', 'mundonav_navida...', Object(SensitiveParameterValue), Array)
#1 C:\\Users\\User\\Desktop\\ING DAVID VEGA\\FULLSTACK\\MundoNavidenio365\\vendor\\laravel\\framework\\src\\Illuminate\\Database\\Connectors\\Connector.php(44): Illuminate\\Database\\Connectors\\Connector->createPdoConnection('mysql:host=127....', 'mundonav_navida...', 'Pablito_0508', Array)
#2 C:\\Users\\User\\Desktop\\ING DAVID VEGA\\FULLSTACK\\MundoNavidenio365\\vendor\\laravel\\framework\\src\\Illuminate\\Database\\Connectors\\MySqlConnector.php(24): Illuminate\\Database\\Connectors\\Connector->createConnection('mysql:host=127....', Array, Array)
#3 C:\\Users\\User\\Desktop\\ING DAVID VEGA\\FULLSTACK\\MundoNavidenio365\\vendor\\laravel\\framework\\src\\Illuminate\\Database\\Connectors\\ConnectionFactory.php(184): Illuminate\\Database\\Connectors\\MySqlConnector->connect(Array)
#4 [internal function]: Illuminate\\Database\\Connectors\\ConnectionFactory->Illuminate\\Database\\Connectors\\{closure}()
#5 C:\\Users\\User\\Desktop\\ING DAVID VEGA\\FULLSTACK\\MundoNavidenio365\\vendor\\laravel\\framework\\src\\Illuminate\\Database\\Connection.php(1339): call_user_func(Object(Closure))
#6 C:\\Users\\User\\Desktop\\ING DAVID VEGA\\FULLSTACK\\MundoNavidenio365\\vendor\\laravel\\framework\\src\\Illuminate\\Database\\Connection.php(528): Illuminate\\Database\\Connection->getPdo()
#7 C:\\Users\\User\\Desktop\\ING DAVID VEGA\\FULLSTACK\\MundoNavidenio365\\vendor\\laravel\\framework\\src\\Illuminate\\Database\\Connection.php(423): Illuminate\\Database\\Connection->getPdoForSelect(false)
#8 C:\\Users\\User\\Desktop\\ING DAVID VEGA\\FULLSTACK\\MundoNavidenio365\\vendor\\laravel\\framework\\src\\Illuminate\\Database\\Connection.php(816): Illuminate\\Database\\Connection->Illuminate\\Database\\{closure}('select table_na...', Array)
#9 C:\\Users\\User\\Desktop\\ING DAVID VEGA\\FULLSTACK\\MundoNavidenio365\\vendor\\laravel\\framework\\src\\Illuminate\\Database\\Connection.php(783): Illuminate\\Database\\Connection->runQueryCallback('select table_na...', Array, Object(Closure))
#10 C:\\Users\\User\\Desktop\\ING DAVID VEGA\\FULLSTACK\\MundoNavidenio365\\vendor\\laravel\\framework\\src\\Illuminate\\Database\\Connection.php(414): Illuminate\\Database\\Connection->run('select table_na...', Array, Object(Closure))
#11 C:\\Users\\User\\Desktop\\ING DAVID VEGA\\FULLSTACK\\MundoNavidenio365\\vendor\\laravel\\framework\\src\\Illuminate\\Database\\Connection.php(401): Illuminate\\Database\\Connection->select('select table_na...', Array, false)
#12 C:\\Users\\User\\Desktop\\ING DAVID VEGA\\FULLSTACK\\MundoNavidenio365\\vendor\\laravel\\framework\\src\\Illuminate\\Database\\Schema\\MySqlBuilder.php(41): Illuminate\\Database\\Connection->selectFromWriteConnection('select table_na...')
#13 C:\\Users\\User\\Desktop\\ING DAVID VEGA\\FULLSTACK\\MundoNavidenio365\\vendor\\laravel\\framework\\src\\Illuminate\\Database\\Schema\\Builder.php(165): Illuminate\\Database\\Schema\\MySqlBuilder->getTables(false)
#14 C:\\Users\\User\\Desktop\\ING DAVID VEGA\\FULLSTACK\\MundoNavidenio365\\vendor\\laravel\\framework\\src\\Illuminate\\Database\\Migrations\\DatabaseMigrationRepository.php(184): Illuminate\\Database\\Schema\\Builder->hasTable('migrations')
#15 C:\\Users\\User\\Desktop\\ING DAVID VEGA\\FULLSTACK\\MundoNavidenio365\\vendor\\laravel\\framework\\src\\Illuminate\\Database\\Migrations\\Migrator.php(727): Illuminate\\Database\\Migrations\\DatabaseMigrationRepository->repositoryExists()
#16 C:\\Users\\User\\Desktop\\ING DAVID VEGA\\FULLSTACK\\MundoNavidenio365\\vendor\\laravel\\framework\\src\\Illuminate\\Database\\Console\\Migrations\\MigrateCommand.php(140): Illuminate\\Database\\Migrations\\Migrator->repositoryExists()
#17 C:\\Users\\User\\Desktop\\ING DAVID VEGA\\FULLSTACK\\MundoNavidenio365\\vendor\\laravel\\framework\\src\\Illuminate\\Support\\helpers.php(261): Illuminate\\Database\\Console\\Migrations\\MigrateCommand->Illuminate\\Database\\Console\\Migrations\\{closure}(1)
#18 C:\\Users\\User\\Desktop\\ING DAVID VEGA\\FULLSTACK\\MundoNavidenio365\\vendor\\laravel\\framework\\src\\Illuminate\\Database\\Console\\Migrations\\MigrateCommand.php(140): retry(1, Object(Closure), 0, Object(Closure))
#19 C:\\Users\\User\\Desktop\\ING DAVID VEGA\\FULLSTACK\\MundoNavidenio365\\vendor\\laravel\\framework\\src\\Illuminate\\Database\\Console\\Migrations\\MigrateCommand.php(116): Illuminate\\Database\\Console\\Migrations\\MigrateCommand->repositoryExists()
#20 C:\\Users\\User\\Desktop\\ING DAVID VEGA\\FULLSTACK\\MundoNavidenio365\\vendor\\laravel\\framework\\src\\Illuminate\\Database\\Console\\Migrations\\MigrateCommand.php(84): Illuminate\\Database\\Console\\Migrations\\MigrateCommand->prepareDatabase()
#21 C:\\Users\\User\\Desktop\\ING DAVID VEGA\\FULLSTACK\\MundoNavidenio365\\vendor\\laravel\\framework\\src\\Illuminate\\Database\\Migrations\\Migrator.php(641): Illuminate\\Database\\Console\\Migrations\\MigrateCommand->Illuminate\\Database\\Console\\Migrations\\{closure}()
#22 C:\\Users\\User\\Desktop\\ING DAVID VEGA\\FULLSTACK\\MundoNavidenio365\\vendor\\laravel\\framework\\src\\Illuminate\\Database\\Console\\Migrations\\MigrateCommand.php(83): Illuminate\\Database\\Migrations\\Migrator->usingConnection(NULL, Object(Closure))
#23 C:\\Users\\User\\Desktop\\ING DAVID VEGA\\FULLSTACK\\MundoNavidenio365\\vendor\\laravel\\framework\\src\\Illuminate\\Container\\BoundMethod.php(36): Illuminate\\Database\\Console\\Migrations\\MigrateCommand->handle()
#24 C:\\Users\\User\\Desktop\\ING DAVID VEGA\\FULLSTACK\\MundoNavidenio365\\vendor\\laravel\\framework\\src\\Illuminate\\Container\\Util.php(41): Illuminate\\Container\\BoundMethod::Illuminate\\Container\\{closure}()
#25 C:\\Users\\User\\Desktop\\ING DAVID VEGA\\FULLSTACK\\MundoNavidenio365\\vendor\\laravel\\framework\\src\\Illuminate\\Container\\BoundMethod.php(93): Illuminate\\Container\\Util::unwrapIfClosure(Object(Closure))
#26 C:\\Users\\User\\Desktop\\ING DAVID VEGA\\FULLSTACK\\MundoNavidenio365\\vendor\\laravel\\framework\\src\\Illuminate\\Container\\BoundMethod.php(35): Illuminate\\Container\\BoundMethod::callBoundMethod(Object(Illuminate\\Foundation\\Application), Array, Object(Closure))
#27 C:\\Users\\User\\Desktop\\ING DAVID VEGA\\FULLSTACK\\MundoNavidenio365\\vendor\\laravel\\framework\\src\\Illuminate\\Container\\Container.php(662): Illuminate\\Container\\BoundMethod::call(Object(Illuminate\\Foundation\\Application), Array, Array, NULL)
#28 C:\\Users\\User\\Desktop\\ING DAVID VEGA\\FULLSTACK\\MundoNavidenio365\\vendor\\laravel\\framework\\src\\Illuminate\\Console\\Command.php(211): Illuminate\\Container\\Container->call(Array)
#29 C:\\Users\\User\\Desktop\\ING DAVID VEGA\\FULLSTACK\\MundoNavidenio365\\vendor\\symfony\\console\\Command\\Command.php(326): Illuminate\\Console\\Command->execute(Object(Symfony\\Component\\Console\\Input\\ArgvInput), Object(Illuminate\\Console\\OutputStyle))
#30 C:\\Users\\User\\Desktop\\ING DAVID VEGA\\FULLSTACK\\MundoNavidenio365\\vendor\\laravel\\framework\\src\\Illuminate\\Console\\Command.php(180): Symfony\\Component\\Console\\Command\\Command->run(Object(Symfony\\Component\\Console\\Input\\ArgvInput), Object(Illuminate\\Console\\OutputStyle))
#31 C:\\Users\\User\\Desktop\\ING DAVID VEGA\\FULLSTACK\\MundoNavidenio365\\vendor\\symfony\\console\\Application.php(1096): Illuminate\\Console\\Command->run(Object(Symfony\\Component\\Console\\Input\\ArgvInput), Object(Symfony\\Component\\Console\\Output\\ConsoleOutput))
#32 C:\\Users\\User\\Desktop\\ING DAVID VEGA\\FULLSTACK\\MundoNavidenio365\\vendor\\symfony\\console\\Application.php(324): Symfony\\Component\\Console\\Application->doRunCommand(Object(Illuminate\\Database\\Console\\Migrations\\MigrateCommand), Object(Symfony\\Component\\Console\\Input\\ArgvInput), Object(Symfony\\Component\\Console\\Output\\ConsoleOutput))
#33 C:\\Users\\User\\Desktop\\ING DAVID VEGA\\FULLSTACK\\MundoNavidenio365\\vendor\\symfony\\console\\Application.php(175): Symfony\\Component\\Console\\Application->doRun(Object(Symfony\\Component\\Console\\Input\\ArgvInput), Object(Symfony\\Component\\Console\\Output\\ConsoleOutput))
#34 C:\\Users\\User\\Desktop\\ING DAVID VEGA\\FULLSTACK\\MundoNavidenio365\\vendor\\laravel\\framework\\src\\Illuminate\\Foundation\\Console\\Kernel.php(201): Symfony\\Component\\Console\\Application->run(Object(Symfony\\Component\\Console\\Input\\ArgvInput), Object(Symfony\\Component\\Console\\Output\\ConsoleOutput))
#35 C:\\Users\\User\\Desktop\\ING DAVID VEGA\\FULLSTACK\\MundoNavidenio365\\artisan(35): Illuminate\\Foundation\\Console\\Kernel->handle(Object(Symfony\\Component\\Console\\Input\\ArgvInput), Object(Symfony\\Component\\Console\\Output\\ConsoleOutput))
#36 {main}
"} 
[2026-01-25 06:14:01] local.ERROR: SQLSTATE[HY000] [1045] Access denied for user 'mundonav_navidad'@'localhost' (using password: YES) (Connection: mysql, SQL: select `id`, `nombre_comercial`, `razon_social`, `ruc`, `correo`, `telefono`, `direccion`, `tipo_contribuyente`, `regimen`, `created_by`, `updated_by`, `created_at`, `updated_at` from `empresas` limit 1) {"exception":"[object] (Illuminate\\Database\\QueryException(code: 1045): SQLSTATE[HY000] [1045] Access denied for user 'mundonav_navidad'@'localhost' (using password: YES) (Connection: mysql, SQL: select `id`, `nombre_comercial`, `razon_social`, `ruc`, `correo`, `telefono`, `direccion`, `tipo_contribuyente`, `regimen`, `created_by`, `updated_by`, `created_at`, `updated_at` from `empresas` limit 1) at C:\\Users\\User\\Desktop\\ING DAVID VEGA\\FULLSTACK\\MundoNavidenio365\\vendor\\laravel\\framework\\src\\Illuminate\\Database\\Connection.php:829)
[stacktrace]
#0 C:\\Users\\User\\Desktop\\ING DAVID VEGA\\FULLSTACK\\MundoNavidenio365\\vendor\\laravel\\framework\\src\\Illuminate\\Database\\Connection.php(783): Illuminate\\Database\\Connection->runQueryCallback('select `id`, `n...', Array, Object(Closure))
#1 C:\\Users\\User\\Desktop\\ING DAVID VEGA\\FULLSTACK\\MundoNavidenio365\\vendor\\laravel\\framework\\src\\Illuminate\\Database\\Connection.php(414): Illuminate\\Database\\Connection->run('select `id`, `n...', Array, Object(Closure))
#2 C:\\Users\\User\\Desktop\\ING DAVID VEGA\\FULLSTACK\\MundoNavidenio365\\vendor\\laravel\\framework\\src\\Illuminate\\Database\\Query\\Builder.php(2913): Illuminate\\Database\\Connection->select('select `id`, `n...', Array, true)
#3 C:\\Users\\User\\Desktop\\ING DAVID VEGA\\FULLSTACK\\MundoNavidenio365\\vendor\\laravel\\framework\\src\\Illuminate\\Database\\Query\\Builder.php(2902): Illuminate\\Database\\Query\\Builder->runSelect()
#4 C:\\Users\\User\\Desktop\\ING DAVID VEGA\\FULLSTACK\\MundoNavidenio365\\vendor\\laravel\\framework\\src\\Illuminate\\Database\\Query\\Builder.php(3456): Illuminate\\Database\\Query\\Builder->Illuminate\\Database\\Query\\{closure}()
#5 C:\\Users\\User\\Desktop\\ING DAVID VEGA\\FULLSTACK\\MundoNavidenio365\\vendor\\laravel\\framework\\src\\Illuminate\\Database\\Query\\Builder.php(2901): Illuminate\\Database\\Query\\Builder->onceWithColumns(Array, Object(Closure))
#6 C:\\Users\\User\\Desktop\\ING DAVID VEGA\\FULLSTACK\\MundoNavidenio365\\vendor\\laravel\\framework\\src\\Illuminate\\Database\\Eloquent\\Builder.php(739): Illuminate\\Database\\Query\\Builder->get(Array)
#7 C:\\Users\\User\\Desktop\\ING DAVID VEGA\\FULLSTACK\\MundoNavidenio365\\vendor\\laravel\\framework\\src\\Illuminate\\Database\\Eloquent\\Builder.php(723): Illuminate\\Database\\Eloquent\\Builder->getModels(Array)
#8 C:\\Users\\User\\Desktop\\ING DAVID VEGA\\FULLSTACK\\MundoNavidenio365\\vendor\\laravel\\framework\\src\\Illuminate\\Database\\Concerns\\BuildsQueries.php(333): Illuminate\\Database\\Eloquent\\Builder->get(Array)
#9 C:\\Users\\User\\Desktop\\ING DAVID VEGA\\FULLSTACK\\MundoNavidenio365\\app\\Http\\Middleware\\HandleInertiaRequests.php(36): Illuminate\\Database\\Eloquent\\Builder->first()
#10 C:\\Users\\User\\Desktop\\ING DAVID VEGA\\FULLSTACK\\MundoNavidenio365\\vendor\\inertiajs\\inertia-laravel\\src\\Middleware.php(84): App\\Http\\Middleware\\HandleInertiaRequests->share(Object(Illuminate\\Http\\Request))
#11 C:\\Users\\User\\Desktop\\ING DAVID VEGA\\FULLSTACK\\MundoNavidenio365\\vendor\\laravel\\framework\\src\\Illuminate\\Pipeline\\Pipeline.php(183): Inertia\\Middleware->handle(Object(Illuminate\\Http\\Request), Object(Closure))
#12 C:\\Users\\User\\Desktop\\ING DAVID VEGA\\FULLSTACK\\MundoNavidenio365\\vendor\\laravel\\framework\\src\\Illuminate\\Routing\\Middleware\\SubstituteBindings.php(50): Illuminate\\Pipeline\\Pipeline->Illuminate\\Pipeline\\{closure}(Object(Illuminate\\Http\\Request))
#13 C:\\Users\\User\\Desktop\\ING DAVID VEGA\\FULLSTACK\\MundoNavidenio365\\vendor\\laravel\\framework\\src\\Illuminate\\Pipeline\\Pipeline.php(183): Illuminate\\Routing\\Middleware\\SubstituteBindings->handle(Object(Illuminate\\Http\\Request), Object(Closure))
#14 C:\\Users\\User\\Desktop\\ING DAVID VEGA\\FULLSTACK\\MundoNavidenio365\\vendor\\laravel\\framework\\src\\Illuminate\\Foundation\\Http\\Middleware\\VerifyCsrfToken.php(78): Illuminate\\Pipeline\\Pipeline->Illuminate\\Pipeline\\{closure}(Object(Illuminate\\Http\\Request))
#15 C:\\Users\\User\\Desktop\\ING DAVID VEGA\\FULLSTACK\\MundoNavidenio365\\vendor\\laravel\\framework\\src\\Illuminate\\Pipeline\\Pipeline.php(183): Illuminate\\Foundation\\Http\\Middleware\\VerifyCsrfToken->handle(Object(Illuminate\\Http\\Request), Object(Closure))
#16 C:\\Users\\User\\Desktop\\ING DAVID VEGA\\FULLSTACK\\MundoNavidenio365\\vendor\\laravel\\framework\\src\\Illuminate\\View\\Middleware\\ShareErrorsFromSession.php(49): Illuminate\\Pipeline\\Pipeline->Illuminate\\Pipeline\\{closure}(Object(Illuminate\\Http\\Request))
#17 C:\\Users\\User\\Desktop\\ING DAVID VEGA\\FULLSTACK\\MundoNavidenio365\\vendor\\laravel\\framework\\src\\Illuminate\\Pipeline\\Pipeline.php(183): Illuminate\\View\\Middleware\\ShareErrorsFromSession->handle(Object(Illuminate\\Http\\Request), Object(Closure))
#18 C:\\Users\\User\\Desktop\\ING DAVID VEGA\\FULLSTACK\\MundoNavidenio365\\vendor\\laravel\\framework\\src\\Illuminate\\Session\\Middleware\\StartSession.php(121): Illuminate\\Pipeline\\Pipeline->Illuminate\\Pipeline\\{closure}(Object(Illuminate\\Http\\Request))
#19 C:\\Users\\User\\Desktop\\ING DAVID VEGA\\FULLSTACK\\MundoNavidenio365\\vendor\\laravel\\framework\\src\\Illuminate\\Session\\Middleware\\StartSession.php(64): Illuminate\\Session\\Middleware\\StartSession->handleStatefulRequest(Object(Illuminate\\Http\\Request), Object(Illuminate\\Session\\Store), Object(Closure))
#20 C:\\Users\\User\\Desktop\\ING DAVID VEGA\\FULLSTACK\\MundoNavidenio365\\vendor\\laravel\\framework\\src\\Illuminate\\Pipeline\\Pipeline.php(183): Illuminate\\Session\\Middleware\\StartSession->handle(Object(Illuminate\\Http\\Request), Object(Closure))
#21 C:\\Users\\User\\Desktop\\ING DAVID VEGA\\FULLSTACK\\MundoNavidenio365\\vendor\\laravel\\framework\\src\\Illuminate\\Cookie\\Middleware\\AddQueuedCookiesToResponse.php(37): Illuminate\\Pipeline\\Pipeline->Illuminate\\Pipeline\\{closure}(Object(Illuminate\\Http\\Request))
#22 C:\\Users\\User\\Desktop\\ING DAVID VEGA\\FULLSTACK\\MundoNavidenio365\\vendor\\laravel\\framework\\src\\Illuminate\\Pipeline\\Pipeline.php(183): Illuminate\\Cookie\\Middleware\\AddQueuedCookiesToResponse->handle(Object(Illuminate\\Http\\Request), Object(Closure))
#23 C:\\Users\\User\\Desktop\\ING DAVID VEGA\\FULLSTACK\\MundoNavidenio365\\vendor\\laravel\\framework\\src\\Illuminate\\Cookie\\Middleware\\EncryptCookies.php(67): Illuminate\\Pipeline\\Pipeline->Illuminate\\Pipeline\\{closure}(Object(Illuminate\\Http\\Request))
#24 C:\\Users\\User\\Desktop\\ING DAVID VEGA\\FULLSTACK\\MundoNavidenio365\\vendor\\laravel\\framework\\src\\Illuminate\\Pipeline\\Pipeline.php(183): Illuminate\\Cookie\\Middleware\\EncryptCookies->handle(Object(Illuminate\\Http\\Request), Object(Closure))
#25 C:\\Users\\User\\Desktop\\ING DAVID VEGA\\FULLSTACK\\MundoNavidenio365\\vendor\\laravel\\framework\\src\\Illuminate\\Pipeline\\Pipeline.php(119): Illuminate\\Pipeline\\Pipeline->Illuminate\\Pipeline\\{closure}(Object(Illuminate\\Http\\Request))
#26 C:\\Users\\User\\Desktop\\ING DAVID VEGA\\FULLSTACK\\MundoNavidenio365\\vendor\\laravel\\framework\\src\\Illuminate\\Routing\\Router.php(805): Illuminate\\Pipeline\\Pipeline->then(Object(Closure))
#27 C:\\Users\\User\\Desktop\\ING DAVID VEGA\\FULLSTACK\\MundoNavidenio365\\vendor\\laravel\\framework\\src\\Illuminate\\Routing\\Router.php(784): Illuminate\\Routing\\Router->runRouteWithinStack(Object(Illuminate\\Routing\\Route), Object(Illuminate\\Http\\Request))
#28 C:\\Users\\User\\Desktop\\ING DAVID VEGA\\FULLSTACK\\MundoNavidenio365\\vendor\\laravel\\framework\\src\\Illuminate\\Routing\\Router.php(748): Illuminate\\Routing\\Router->runRoute(Object(Illuminate\\Http\\Request), Object(Illuminate\\Routing\\Route))
#29 C:\\Users\\User\\Desktop\\ING DAVID VEGA\\FULLSTACK\\MundoNavidenio365\\vendor\\laravel\\framework\\src\\Illuminate\\Routing\\Router.php(737): Illuminate\\Routing\\Router->dispatchToRoute(Object(Illuminate\\Http\\Request))
#30 C:\\Users\\User\\Desktop\\ING DAVID VEGA\\FULLSTACK\\MundoNavidenio365\\vendor\\laravel\\framework\\src\\Illuminate\\Foundation\\Http\\Kernel.php(200): Illuminate\\Routing\\Router->dispatch(Object(Illuminate\\Http\\Request))
#31 C:\\Users\\User\\Desktop\\ING DAVID VEGA\\FULLSTACK\\MundoNavidenio365\\vendor\\laravel\\framework\\src\\Illuminate\\Pipeline\\Pipeline.php(144): Illuminate\\Foundation\\Http\\Kernel->Illuminate\\Foundation\\Http\\{closure}(Object(Illuminate\\Http\\Request))
#32 C:\\Users\\User\\Desktop\\ING DAVID VEGA\\FULLSTACK\\MundoNavidenio365\\vendor\\laravel\\framework\\src\\Illuminate\\Foundation\\Http\\Middleware\\TransformsRequest.php(21): Illuminate\\Pipeline\\Pipeline->Illuminate\\Pipeline\\{closure}(Object(Illuminate\\Http\\Request))
#33 C:\\Users\\User\\Desktop\\ING DAVID VEGA\\FULLSTACK\\MundoNavidenio365\\vendor\\laravel\\framework\\src\\Illuminate\\Foundation\\Http\\Middleware\\ConvertEmptyStringsToNull.php(31): Illuminate\\Foundation\\Http\\Middleware\\TransformsRequest->handle(Object(Illuminate\\Http\\Request), Object(Closure))
#34 C:\\Users\\User\\Desktop\\ING DAVID VEGA\\FULLSTACK\\MundoNavidenio365\\vendor\\laravel\\framework\\src\\Illuminate\\Pipeline\\Pipeline.php(183): Illuminate\\Foundation\\Http\\Middleware\\ConvertEmptyStringsToNull->handle(Object(Illuminate\\Http\\Request), Object(Closure))
#35 C:\\Users\\User\\Desktop\\ING DAVID VEGA\\FULLSTACK\\MundoNavidenio365\\vendor\\laravel\\framework\\src\\Illuminate\\Foundation\\Http\\Middleware\\TransformsRequest.php(21): Illuminate\\Pipeline\\Pipeline->Illuminate\\Pipeline\\{closure}(Object(Illuminate\\Http\\Request))
#36 C:\\Users\\User\\Desktop\\ING DAVID VEGA\\FULLSTACK\\MundoNavidenio365\\vendor\\laravel\\framework\\src\\Illuminate\\Foundation\\Http\\Middleware\\TrimStrings.php(40): Illuminate\\Foundation\\Http\\Middleware\\TransformsRequest->handle(Object(Illuminate\\Http\\Request), Object(Closure))
#37 C:\\Users\\User\\Desktop\\ING DAVID VEGA\\FULLSTACK\\MundoNavidenio365\\vendor\\laravel\\framework\\src\\Illuminate\\Pipeline\\Pipeline.php(183): Illuminate\\Foundation\\Http\\Middleware\\TrimStrings->handle(Object(Illuminate\\Http\\Request), Object(Closure))
#38 C:\\Users\\User\\Desktop\\ING DAVID VEGA\\FULLSTACK\\MundoNavidenio365\\vendor\\laravel\\framework\\src\\Illuminate\\Foundation\\Http\\Middleware\\ValidatePostSize.php(27): Illuminate\\Pipeline\\Pipeline->Illuminate\\Pipeline\\{closure}(Object(Illuminate\\Http\\Request))
#39 C:\\Users\\User\\Desktop\\ING DAVID VEGA\\FULLSTACK\\MundoNavidenio365\\vendor\\laravel\\framework\\src\\Illuminate\\Pipeline\\Pipeline.php(183): Illuminate\\Foundation\\Http\\Middleware\\ValidatePostSize->handle(Object(Illuminate\\Http\\Request), Object(Closure))
#40 C:\\Users\\User\\Desktop\\ING DAVID VEGA\\FULLSTACK\\MundoNavidenio365\\vendor\\laravel\\framework\\src\\Illuminate\\Foundation\\Http\\Middleware\\PreventRequestsDuringMaintenance.php(99): Illuminate\\Pipeline\\Pipeline->Illuminate\\Pipeline\\{closure}(Object(Illuminate\\Http\\Request))
#41 C:\\Users\\User\\Desktop\\ING DAVID VEGA\\FULLSTACK\\MundoNavidenio365\\vendor\\laravel\\framework\\src\\Illuminate\\Pipeline\\Pipeline.php(183): Illuminate\\Foundation\\Http\\Middleware\\PreventRequestsDuringMaintenance->handle(Object(Illuminate\\Http\\Request), Object(Closure))
#42 C:\\Users\\User\\Desktop\\ING DAVID VEGA\\FULLSTACK\\MundoNavidenio365\\vendor\\laravel\\framework\\src\\Illuminate\\Http\\Middleware\\HandleCors.php(49): Illuminate\\Pipeline\\Pipeline->Illuminate\\Pipeline\\{closure}(Object(Illuminate\\Http\\Request))
#43 C:\\Users\\User\\Desktop\\ING DAVID VEGA\\FULLSTACK\\MundoNavidenio365\\vendor\\laravel\\framework\\src\\Illuminate\\Pipeline\\Pipeline.php(183): Illuminate\\Http\\Middleware\\HandleCors->handle(Object(Illuminate\\Http\\Request), Object(Closure))
#44 C:\\Users\\User\\Desktop\\ING DAVID VEGA\\FULLSTACK\\MundoNavidenio365\\vendor\\laravel\\framework\\src\\Illuminate\\Http\\Middleware\\TrustProxies.php(39): Illuminate\\Pipeline\\Pipeline->Illuminate\\Pipeline\\{closure}(Object(Illuminate\\Http\\Request))
#45 C:\\Users\\User\\Desktop\\ING DAVID VEGA\\FULLSTACK\\MundoNavidenio365\\vendor\\laravel\\framework\\src\\Illuminate\\Pipeline\\Pipeline.php(183): Illuminate\\Http\\Middleware\\TrustProxies->handle(Object(Illuminate\\Http\\Request), Object(Closure))
#46 C:\\Users\\User\\Desktop\\ING DAVID VEGA\\FULLSTACK\\MundoNavidenio365\\vendor\\laravel\\framework\\src\\Illuminate\\Pipeline\\Pipeline.php(119): Illuminate\\Pipeline\\Pipeline->Illuminate\\Pipeline\\{closure}(Object(Illuminate\\Http\\Request))
#47 C:\\Users\\User\\Desktop\\ING DAVID VEGA\\FULLSTACK\\MundoNavidenio365\\vendor\\laravel\\framework\\src\\Illuminate\\Foundation\\Http\\Kernel.php(175): Illuminate\\Pipeline\\Pipeline->then(Object(Closure))
#48 C:\\Users\\User\\Desktop\\ING DAVID VEGA\\FULLSTACK\\MundoNavidenio365\\vendor\\laravel\\framework\\src\\Illuminate\\Foundation\\Http\\Kernel.php(144): Illuminate\\Foundation\\Http\\Kernel->sendRequestThroughRouter(Object(Illuminate\\Http\\Request))
#49 C:\\Users\\User\\Desktop\\ING DAVID VEGA\\FULLSTACK\\MundoNavidenio365\\public\\index.php(51): Illuminate\\Foundation\\Http\\Kernel->handle(Object(Illuminate\\Http\\Request))
#50 C:\\Users\\User\\Desktop\\ING DAVID VEGA\\FULLSTACK\\MundoNavidenio365\\vendor\\laravel\\framework\\src\\Illuminate\\Foundation\\resources\\server.php(16): require_once('C:\\\\Users\\\\User\\\\D...')
#51 {main}

[previous exception] [object] (PDOException(code: 1045): SQLSTATE[HY000] [1045] Access denied for user 'mundonav_navidad'@'localhost' (using password: YES) at C:\\Users\\User\\Desktop\\ING DAVID VEGA\\FULLSTACK\\MundoNavidenio365\\vendor\\laravel\\framework\\src\\Illuminate\\Database\\Connectors\\Connector.php:65)
[stacktrace]
#0 C:\\Users\\User\\Desktop\\ING DAVID VEGA\\FULLSTACK\\MundoNavidenio365\\vendor\\laravel\\framework\\src\\Illuminate\\Database\\Connectors\\Connector.php(65): PDO->__construct('mysql:host=127....', 'mundonav_navida...', Object(SensitiveParameterValue), Array)
#1 C:\\Users\\User\\Desktop\\ING DAVID VEGA\\FULLSTACK\\MundoNavidenio365\\vendor\\laravel\\framework\\src\\Illuminate\\Database\\Connectors\\Connector.php(44): Illuminate\\Database\\Connectors\\Connector->createPdoConnection('mysql:host=127....', 'mundonav_navida...', 'Pablito_0508', Array)
#2 C:\\Users\\User\\Desktop\\ING DAVID VEGA\\FULLSTACK\\MundoNavidenio365\\vendor\\laravel\\framework\\src\\Illuminate\\Database\\Connectors\\MySqlConnector.php(24): Illuminate\\Database\\Connectors\\Connector->createConnection('mysql:host=127....', Array, Array)
#3 C:\\Users\\User\\Desktop\\ING DAVID VEGA\\FULLSTACK\\MundoNavidenio365\\vendor\\laravel\\framework\\src\\Illuminate\\Database\\Connectors\\ConnectionFactory.php(184): Illuminate\\Database\\Connectors\\MySqlConnector->connect(Array)
#4 [internal function]: Illuminate\\Database\\Connectors\\ConnectionFactory->Illuminate\\Database\\Connectors\\{closure}()
#5 C:\\Users\\User\\Desktop\\ING DAVID VEGA\\FULLSTACK\\MundoNavidenio365\\vendor\\laravel\\framework\\src\\Illuminate\\Database\\Connection.php(1339): call_user_func(Object(Closure))
#6 C:\\Users\\User\\Desktop\\ING DAVID VEGA\\FULLSTACK\\MundoNavidenio365\\vendor\\laravel\\framework\\src\\Illuminate\\Database\\Connection.php(1375): Illuminate\\Database\\Connection->getPdo()
#7 C:\\Users\\User\\Desktop\\ING DAVID VEGA\\FULLSTACK\\MundoNavidenio365\\vendor\\laravel\\framework\\src\\Illuminate\\Database\\Connection.php(528): Illuminate\\Database\\Connection->getReadPdo()
#8 C:\\Users\\User\\Desktop\\ING DAVID VEGA\\FULLSTACK\\MundoNavidenio365\\vendor\\laravel\\framework\\src\\Illuminate\\Database\\Connection.php(423): Illuminate\\Database\\Connection->getPdoForSelect(true)
#9 C:\\Users\\User\\Desktop\\ING DAVID VEGA\\FULLSTACK\\MundoNavidenio365\\vendor\\laravel\\framework\\src\\Illuminate\\Database\\Connection.php(816): Illuminate\\Database\\Connection->Illuminate\\Database\\{closure}('select `id`, `n...', Array)
#10 C:\\Users\\User\\Desktop\\ING DAVID VEGA\\FULLSTACK\\MundoNavidenio365\\vendor\\laravel\\framework\\src\\Illuminate\\Database\\Connection.php(783): Illuminate\\Database\\Connection->runQueryCallback('select `id`, `n...', Array, Object(Closure))
#11 C:\\Users\\User\\Desktop\\ING DAVID VEGA\\FULLSTACK\\MundoNavidenio365\\vendor\\laravel\\framework\\src\\Illuminate\\Database\\Connection.php(414): Illuminate\\Database\\Connection->run('select `id`, `n...', Array, Object(Closure))
#12 C:\\Users\\User\\Desktop\\ING DAVID VEGA\\FULLSTACK\\MundoNavidenio365\\vendor\\laravel\\framework\\src\\Illuminate\\Database\\Query\\Builder.php(2913): Illuminate\\Database\\Connection->select('select `id`, `n...', Array, true)
#13 C:\\Users\\User\\Desktop\\ING DAVID VEGA\\FULLSTACK\\MundoNavidenio365\\vendor\\laravel\\framework\\src\\Illuminate\\Database\\Query\\Builder.php(2902): Illuminate\\Database\\Query\\Builder->runSelect()
#14 C:\\Users\\User\\Desktop\\ING DAVID VEGA\\FULLSTACK\\MundoNavidenio365\\vendor\\laravel\\framework\\src\\Illuminate\\Database\\Query\\Builder.php(3456): Illuminate\\Database\\Query\\Builder->Illuminate\\Database\\Query\\{closure}()
#15 C:\\Users\\User\\Desktop\\ING DAVID VEGA\\FULLSTACK\\MundoNavidenio365\\vendor\\laravel\\framework\\src\\Illuminate\\Database\\Query\\Builder.php(2901): Illuminate\\Database\\Query\\Builder->onceWithColumns(Array, Object(Closure))
#16 C:\\Users\\User\\Desktop\\ING DAVID VEGA\\FULLSTACK\\MundoNavidenio365\\vendor\\laravel\\framework\\src\\Illuminate\\Database\\Eloquent\\Builder.php(739): Illuminate\\Database\\Query\\Builder->get(Array)
#17 C:\\Users\\User\\Desktop\\ING DAVID VEGA\\FULLSTACK\\MundoNavidenio365\\vendor\\laravel\\framework\\src\\Illuminate\\Database\\Eloquent\\Builder.php(723): Illuminate\\Database\\Eloquent\\Builder->getModels(Array)
#18 C:\\Users\\User\\Desktop\\ING DAVID VEGA\\FULLSTACK\\MundoNavidenio365\\vendor\\laravel\\framework\\src\\Illuminate\\Database\\Concerns\\BuildsQueries.php(333): Illuminate\\Database\\Eloquent\\Builder->get(Array)
#19 C:\\Users\\User\\Desktop\\ING DAVID VEGA\\FULLSTACK\\MundoNavidenio365\\app\\Http\\Middleware\\HandleInertiaRequests.php(36): Illuminate\\Database\\Eloquent\\Builder->first()
#20 C:\\Users\\User\\Desktop\\ING DAVID VEGA\\FULLSTACK\\MundoNavidenio365\\vendor\\inertiajs\\inertia-laravel\\src\\Middleware.php(84): App\\Http\\Middleware\\HandleInertiaRequests->share(Object(Illuminate\\Http\\Request))
#21 C:\\Users\\User\\Desktop\\ING DAVID VEGA\\FULLSTACK\\MundoNavidenio365\\vendor\\laravel\\framework\\src\\Illuminate\\Pipeline\\Pipeline.php(183): Inertia\\Middleware->handle(Object(Illuminate\\Http\\Request), Object(Closure))
#22 C:\\Users\\User\\Desktop\\ING DAVID VEGA\\FULLSTACK\\MundoNavidenio365\\vendor\\laravel\\framework\\src\\Illuminate\\Routing\\Middleware\\SubstituteBindings.php(50): Illuminate\\Pipeline\\Pipeline->Illuminate\\Pipeline\\{closure}(Object(Illuminate\\Http\\Request))
#23 C:\\Users\\User\\Desktop\\ING DAVID VEGA\\FULLSTACK\\MundoNavidenio365\\vendor\\laravel\\framework\\src\\Illuminate\\Pipeline\\Pipeline.php(183): Illuminate\\Routing\\Middleware\\SubstituteBindings->handle(Object(Illuminate\\Http\\Request), Object(Closure))
#24 C:\\Users\\User\\Desktop\\ING DAVID VEGA\\FULLSTACK\\MundoNavidenio365\\vendor\\laravel\\framework\\src\\Illuminate\\Foundation\\Http\\Middleware\\VerifyCsrfToken.php(78): Illuminate\\Pipeline\\Pipeline->Illuminate\\Pipeline\\{closure}(Object(Illuminate\\Http\\Request))
#25 C:\\Users\\User\\Desktop\\ING DAVID VEGA\\FULLSTACK\\MundoNavidenio365\\vendor\\laravel\\framework\\src\\Illuminate\\Pipeline\\Pipeline.php(183): Illuminate\\Foundation\\Http\\Middleware\\VerifyCsrfToken->handle(Object(Illuminate\\Http\\Request), Object(Closure))
#26 C:\\Users\\User\\Desktop\\ING DAVID VEGA\\FULLSTACK\\MundoNavidenio365\\vendor\\laravel\\framework\\src\\Illuminate\\View\\Middleware\\ShareErrorsFromSession.php(49): Illuminate\\Pipeline\\Pipeline->Illuminate\\Pipeline\\{closure}(Object(Illuminate\\Http\\Request))
#27 C:\\Users\\User\\Desktop\\ING DAVID VEGA\\FULLSTACK\\MundoNavidenio365\\vendor\\laravel\\framework\\src\\Illuminate\\Pipeline\\Pipeline.php(183): Illuminate\\View\\Middleware\\ShareErrorsFromSession->handle(Object(Illuminate\\Http\\Request), Object(Closure))
#28 C:\\Users\\User\\Desktop\\ING DAVID VEGA\\FULLSTACK\\MundoNavidenio365\\vendor\\laravel\\framework\\src\\Illuminate\\Session\\Middleware\\StartSession.php(121): Illuminate\\Pipeline\\Pipeline->Illuminate\\Pipeline\\{closure}(Object(Illuminate\\Http\\Request))
#29 C:\\Users\\User\\Desktop\\ING DAVID VEGA\\FULLSTACK\\MundoNavidenio365\\vendor\\laravel\\framework\\src\\Illuminate\\Session\\Middleware\\StartSession.php(64): Illuminate\\Session\\Middleware\\StartSession->handleStatefulRequest(Object(Illuminate\\Http\\Request), Object(Illuminate\\Session\\Store), Object(Closure))
#30 C:\\Users\\User\\Desktop\\ING DAVID VEGA\\FULLSTACK\\MundoNavidenio365\\vendor\\laravel\\framework\\src\\Illuminate\\Pipeline\\Pipeline.php(183): Illuminate\\Session\\Middleware\\StartSession->handle(Object(Illuminate\\Http\\Request), Object(Closure))
#31 C:\\Users\\User\\Desktop\\ING DAVID VEGA\\FULLSTACK\\MundoNavidenio365\\vendor\\laravel\\framework\\src\\Illuminate\\Cookie\\Middleware\\AddQueuedCookiesToResponse.php(37): Illuminate\\Pipeline\\Pipeline->Illuminate\\Pipeline\\{closure}(Object(Illuminate\\Http\\Request))
#32 C:\\Users\\User\\Desktop\\ING DAVID VEGA\\FULLSTACK\\MundoNavidenio365\\vendor\\laravel\\framework\\src\\Illuminate\\Pipeline\\Pipeline.php(183): Illuminate\\Cookie\\Middleware\\AddQueuedCookiesToResponse->handle(Object(Illuminate\\Http\\Request), Object(Closure))
#33 C:\\Users\\User\\Desktop\\ING DAVID VEGA\\FULLSTACK\\MundoNavidenio365\\vendor\\laravel\\framework\\src\\Illuminate\\Cookie\\Middleware\\EncryptCookies.php(67): Illuminate\\Pipeline\\Pipeline->Illuminate\\Pipeline\\{closure}(Object(Illuminate\\Http\\Request))
#34 C:\\Users\\User\\Desktop\\ING DAVID VEGA\\FULLSTACK\\MundoNavidenio365\\vendor\\laravel\\framework\\src\\Illuminate\\Pipeline\\Pipeline.php(183): Illuminate\\Cookie\\Middleware\\EncryptCookies->handle(Object(Illuminate\\Http\\Request), Object(Closure))
#35 C:\\Users\\User\\Desktop\\ING DAVID VEGA\\FULLSTACK\\MundoNavidenio365\\vendor\\laravel\\framework\\src\\Illuminate\\Pipeline\\Pipeline.php(119): Illuminate\\Pipeline\\Pipeline->Illuminate\\Pipeline\\{closure}(Object(Illuminate\\Http\\Request))
#36 C:\\Users\\User\\Desktop\\ING DAVID VEGA\\FULLSTACK\\MundoNavidenio365\\vendor\\laravel\\framework\\src\\Illuminate\\Routing\\Router.php(805): Illuminate\\Pipeline\\Pipeline->then(Object(Closure))
#37 C:\\Users\\User\\Desktop\\ING DAVID VEGA\\FULLSTACK\\MundoNavidenio365\\vendor\\laravel\\framework\\src\\Illuminate\\Routing\\Router.php(784): Illuminate\\Routing\\Router->runRouteWithinStack(Object(Illuminate\\Routing\\Route), Object(Illuminate\\Http\\Request))
#38 C:\\Users\\User\\Desktop\\ING DAVID VEGA\\FULLSTACK\\MundoNavidenio365\\vendor\\laravel\\framework\\src\\Illuminate\\Routing\\Router.php(748): Illuminate\\Routing\\Router->runRoute(Object(Illuminate\\Http\\Request), Object(Illuminate\\Routing\\Route))
#39 C:\\Users\\User\\Desktop\\ING DAVID VEGA\\FULLSTACK\\MundoNavidenio365\\vendor\\laravel\\framework\\src\\Illuminate\\Routing\\Router.php(737): Illuminate\\Routing\\Router->dispatchToRoute(Object(Illuminate\\Http\\Request))
#40 C:\\Users\\User\\Desktop\\ING DAVID VEGA\\FULLSTACK\\MundoNavidenio365\\vendor\\laravel\\framework\\src\\Illuminate\\Foundation\\Http\\Kernel.php(200): Illuminate\\Routing\\Router->dispatch(Object(Illuminate\\Http\\Request))
#41 C:\\Users\\User\\Desktop\\ING DAVID VEGA\\FULLSTACK\\MundoNavidenio365\\vendor\\laravel\\framework\\src\\Illuminate\\Pipeline\\Pipeline.php(144): Illuminate\\Foundation\\Http\\Kernel->Illuminate\\Foundation\\Http\\{closure}(Object(Illuminate\\Http\\Request))
#42 C:\\Users\\User\\Desktop\\ING DAVID VEGA\\FULLSTACK\\MundoNavidenio365\\vendor\\laravel\\framework\\src\\Illuminate\\Foundation\\Http\\Middleware\\TransformsRequest.php(21): Illuminate\\Pipeline\\Pipeline->Illuminate\\Pipeline\\{closure}(Object(Illuminate\\Http\\Request))
#43 C:\\Users\\User\\Desktop\\ING DAVID VEGA\\FULLSTACK\\MundoNavidenio365\\vendor\\laravel\\framework\\src\\Illuminate\\Foundation\\Http\\Middleware\\ConvertEmptyStringsToNull.php(31): Illuminate\\Foundation\\Http\\Middleware\\TransformsRequest->handle(Object(Illuminate\\Http\\Request), Object(Closure))
#44 C:\\Users\\User\\Desktop\\ING DAVID VEGA\\FULLSTACK\\MundoNavidenio365\\vendor\\laravel\\framework\\src\\Illuminate\\Pipeline\\Pipeline.php(183): Illuminate\\Foundation\\Http\\Middleware\\ConvertEmptyStringsToNull->handle(Object(Illuminate\\Http\\Request), Object(Closure))
#45 C:\\Users\\User\\Desktop\\ING DAVID VEGA\\FULLSTACK\\MundoNavidenio365\\vendor\\laravel\\framework\\src\\Illuminate\\Foundation\\Http\\Middleware\\TransformsRequest.php(21): Illuminate\\Pipeline\\Pipeline->Illuminate\\Pipeline\\{closure}(Object(Illuminate\\Http\\Request))
#46 C:\\Users\\User\\Desktop\\ING DAVID VEGA\\FULLSTACK\\MundoNavidenio365\\vendor\\laravel\\framework\\src\\Illuminate\\Foundation\\Http\\Middleware\\TrimStrings.php(40): Illuminate\\Foundation\\Http\\Middleware\\TransformsRequest->handle(Object(Illuminate\\Http\\Request), Object(Closure))
#47 C:\\Users\\User\\Desktop\\ING DAVID VEGA\\FULLSTACK\\MundoNavidenio365\\vendor\\laravel\\framework\\src\\Illuminate\\Pipeline\\Pipeline.php(183): Illuminate\\Foundation\\Http\\Middleware\\TrimStrings->handle(Object(Illuminate\\Http\\Request), Object(Closure))
#48 C:\\Users\\User\\Desktop\\ING DAVID VEGA\\FULLSTACK\\MundoNavidenio365\\vendor\\laravel\\framework\\src\\Illuminate\\Foundation\\Http\\Middleware\\ValidatePostSize.php(27): Illuminate\\Pipeline\\Pipeline->Illuminate\\Pipeline\\{closure}(Object(Illuminate\\Http\\Request))
#49 C:\\Users\\User\\Desktop\\ING DAVID VEGA\\FULLSTACK\\MundoNavidenio365\\vendor\\laravel\\framework\\src\\Illuminate\\Pipeline\\Pipeline.php(183): Illuminate\\Foundation\\Http\\Middleware\\ValidatePostSize->handle(Object(Illuminate\\Http\\Request), Object(Closure))
#50 C:\\Users\\User\\Desktop\\ING DAVID VEGA\\FULLSTACK\\MundoNavidenio365\\vendor\\laravel\\framework\\src\\Illuminate\\Foundation\\Http\\Middleware\\PreventRequestsDuringMaintenance.php(99): Illuminate\\Pipeline\\Pipeline->Illuminate\\Pipeline\\{closure}(Object(Illuminate\\Http\\Request))
#51 C:\\Users\\User\\Desktop\\ING DAVID VEGA\\FULLSTACK\\MundoNavidenio365\\vendor\\laravel\\framework\\src\\Illuminate\\Pipeline\\Pipeline.php(183): Illuminate\\Foundation\\Http\\Middleware\\PreventRequestsDuringMaintenance->handle(Object(Illuminate\\Http\\Request), Object(Closure))
#52 C:\\Users\\User\\Desktop\\ING DAVID VEGA\\FULLSTACK\\MundoNavidenio365\\vendor\\laravel\\framework\\src\\Illuminate\\Http\\Middleware\\HandleCors.php(49): Illuminate\\Pipeline\\Pipeline->Illuminate\\Pipeline\\{closure}(Object(Illuminate\\Http\\Request))
#53 C:\\Users\\User\\Desktop\\ING DAVID VEGA\\FULLSTACK\\MundoNavidenio365\\vendor\\laravel\\framework\\src\\Illuminate\\Pipeline\\Pipeline.php(183): Illuminate\\Http\\Middleware\\HandleCors->handle(Object(Illuminate\\Http\\Request), Object(Closure))
#54 C:\\Users\\User\\Desktop\\ING DAVID VEGA\\FULLSTACK\\MundoNavidenio365\\vendor\\laravel\\framework\\src\\Illuminate\\Http\\Middleware\\TrustProxies.php(39): Illuminate\\Pipeline\\Pipeline->Illuminate\\Pipeline\\{closure}(Object(Illuminate\\Http\\Request))
#55 C:\\Users\\User\\Desktop\\ING DAVID VEGA\\FULLSTACK\\MundoNavidenio365\\vendor\\laravel\\framework\\src\\Illuminate\\Pipeline\\Pipeline.php(183): Illuminate\\Http\\Middleware\\TrustProxies->handle(Object(Illuminate\\Http\\Request), Object(Closure))
#56 C:\\Users\\User\\Desktop\\ING DAVID VEGA\\FULLSTACK\\MundoNavidenio365\\vendor\\laravel\\framework\\src\\Illuminate\\Pipeline\\Pipeline.php(119): Illuminate\\Pipeline\\Pipeline->Illuminate\\Pipeline\\{closure}(Object(Illuminate\\Http\\Request))
#57 C:\\Users\\User\\Desktop\\ING DAVID VEGA\\FULLSTACK\\MundoNavidenio365\\vendor\\laravel\\framework\\src\\Illuminate\\Foundation\\Http\\Kernel.php(175): Illuminate\\Pipeline\\Pipeline->then(Object(Closure))
#58 C:\\Users\\User\\Desktop\\ING DAVID VEGA\\FULLSTACK\\MundoNavidenio365\\vendor\\laravel\\framework\\src\\Illuminate\\Foundation\\Http\\Kernel.php(144): Illuminate\\Foundation\\Http\\Kernel->sendRequestThroughRouter(Object(Illuminate\\Http\\Request))
#59 C:\\Users\\User\\Desktop\\ING DAVID VEGA\\FULLSTACK\\MundoNavidenio365\\public\\index.php(51): Illuminate\\Foundation\\Http\\Kernel->handle(Object(Illuminate\\Http\\Request))
#60 C:\\Users\\User\\Desktop\\ING DAVID VEGA\\FULLSTACK\\MundoNavidenio365\\vendor\\laravel\\framework\\src\\Illuminate\\Foundation\\resources\\server.php(16): require_once('C:\\\\Users\\\\User\\\\D...')
#61 {main}
"} 
[2026-01-25 06:14:35] local.ERROR: SQLSTATE[HY000] [1045] Access denied for user 'mundonav_navidad'@'localhost' (using password: YES) (Connection: mysql, SQL: select `id`, `nombre_comercial`, `razon_social`, `ruc`, `correo`, `telefono`, `direccion`, `tipo_contribuyente`, `regimen`, `created_by`, `updated_by`, `created_at`, `updated_at` from `empresas` limit 1) {"exception":"[object] (Illuminate\\Database\\QueryException(code: 1045): SQLSTATE[HY000] [1045] Access denied for user 'mundonav_navidad'@'localhost' (using password: YES) (Connection: mysql, SQL: select `id`, `nombre_comercial`, `razon_social`, `ruc`, `correo`, `telefono`, `direccion`, `tipo_contribuyente`, `regimen`, `created_by`, `updated_by`, `created_at`, `updated_at` from `empresas` limit 1) at C:\\Users\\User\\Desktop\\ING DAVID VEGA\\FULLSTACK\\MundoNavidenio365\\vendor\\laravel\\framework\\src\\Illuminate\\Database\\Connection.php:829)
[stacktrace]
#0 C:\\Users\\User\\Desktop\\ING DAVID VEGA\\FULLSTACK\\MundoNavidenio365\\vendor\\laravel\\framework\\src\\Illuminate\\Database\\Connection.php(783): Illuminate\\Database\\Connection->runQueryCallback('select `id`, `n...', Array, Object(Closure))
#1 C:\\Users\\User\\Desktop\\ING DAVID VEGA\\FULLSTACK\\MundoNavidenio365\\vendor\\laravel\\framework\\src\\Illuminate\\Database\\Connection.php(414): Illuminate\\Database\\Connection->run('select `id`, `n...', Array, Object(Closure))
#2 C:\\Users\\User\\Desktop\\ING DAVID VEGA\\FULLSTACK\\MundoNavidenio365\\vendor\\laravel\\framework\\src\\Illuminate\\Database\\Query\\Builder.php(2913): Illuminate\\Database\\Connection->select('select `id`, `n...', Array, true)
#3 C:\\Users\\User\\Desktop\\ING DAVID VEGA\\FULLSTACK\\MundoNavidenio365\\vendor\\laravel\\framework\\src\\Illuminate\\Database\\Query\\Builder.php(2902): Illuminate\\Database\\Query\\Builder->runSelect()
#4 C:\\Users\\User\\Desktop\\ING DAVID VEGA\\FULLSTACK\\MundoNavidenio365\\vendor\\laravel\\framework\\src\\Illuminate\\Database\\Query\\Builder.php(3456): Illuminate\\Database\\Query\\Builder->Illuminate\\Database\\Query\\{closure}()
#5 C:\\Users\\User\\Desktop\\ING DAVID VEGA\\FULLSTACK\\MundoNavidenio365\\vendor\\laravel\\framework\\src\\Illuminate\\Database\\Query\\Builder.php(2901): Illuminate\\Database\\Query\\Builder->onceWithColumns(Array, Object(Closure))
#6 C:\\Users\\User\\Desktop\\ING DAVID VEGA\\FULLSTACK\\MundoNavidenio365\\vendor\\laravel\\framework\\src\\Illuminate\\Database\\Eloquent\\Builder.php(739): Illuminate\\Database\\Query\\Builder->get(Array)
#7 C:\\Users\\User\\Desktop\\ING DAVID VEGA\\FULLSTACK\\MundoNavidenio365\\vendor\\laravel\\framework\\src\\Illuminate\\Database\\Eloquent\\Builder.php(723): Illuminate\\Database\\Eloquent\\Builder->getModels(Array)
#8 C:\\Users\\User\\Desktop\\ING DAVID VEGA\\FULLSTACK\\MundoNavidenio365\\vendor\\laravel\\framework\\src\\Illuminate\\Database\\Concerns\\BuildsQueries.php(333): Illuminate\\Database\\Eloquent\\Builder->get(Array)
#9 C:\\Users\\User\\Desktop\\ING DAVID VEGA\\FULLSTACK\\MundoNavidenio365\\app\\Http\\Middleware\\HandleInertiaRequests.php(36): Illuminate\\Database\\Eloquent\\Builder->first()
#10 C:\\Users\\User\\Desktop\\ING DAVID VEGA\\FULLSTACK\\MundoNavidenio365\\vendor\\inertiajs\\inertia-laravel\\src\\Middleware.php(84): App\\Http\\Middleware\\HandleInertiaRequests->share(Object(Illuminate\\Http\\Request))
#11 C:\\Users\\User\\Desktop\\ING DAVID VEGA\\FULLSTACK\\MundoNavidenio365\\vendor\\laravel\\framework\\src\\Illuminate\\Pipeline\\Pipeline.php(183): Inertia\\Middleware->handle(Object(Illuminate\\Http\\Request), Object(Closure))
#12 C:\\Users\\User\\Desktop\\ING DAVID VEGA\\FULLSTACK\\MundoNavidenio365\\vendor\\laravel\\framework\\src\\Illuminate\\Routing\\Middleware\\SubstituteBindings.php(50): Illuminate\\Pipeline\\Pipeline->Illuminate\\Pipeline\\{closure}(Object(Illuminate\\Http\\Request))
#13 C:\\Users\\User\\Desktop\\ING DAVID VEGA\\FULLSTACK\\MundoNavidenio365\\vendor\\laravel\\framework\\src\\Illuminate\\Pipeline\\Pipeline.php(183): Illuminate\\Routing\\Middleware\\SubstituteBindings->handle(Object(Illuminate\\Http\\Request), Object(Closure))
#14 C:\\Users\\User\\Desktop\\ING DAVID VEGA\\FULLSTACK\\MundoNavidenio365\\vendor\\laravel\\framework\\src\\Illuminate\\Foundation\\Http\\Middleware\\VerifyCsrfToken.php(78): Illuminate\\Pipeline\\Pipeline->Illuminate\\Pipeline\\{closure}(Object(Illuminate\\Http\\Request))
#15 C:\\Users\\User\\Desktop\\ING DAVID VEGA\\FULLSTACK\\MundoNavidenio365\\vendor\\laravel\\framework\\src\\Illuminate\\Pipeline\\Pipeline.php(183): Illuminate\\Foundation\\Http\\Middleware\\VerifyCsrfToken->handle(Object(Illuminate\\Http\\Request), Object(Closure))
#16 C:\\Users\\User\\Desktop\\ING DAVID VEGA\\FULLSTACK\\MundoNavidenio365\\vendor\\laravel\\framework\\src\\Illuminate\\View\\Middleware\\ShareErrorsFromSession.php(49): Illuminate\\Pipeline\\Pipeline->Illuminate\\Pipeline\\{closure}(Object(Illuminate\\Http\\Request))
#17 C:\\Users\\User\\Desktop\\ING DAVID VEGA\\FULLSTACK\\MundoNavidenio365\\vendor\\laravel\\framework\\src\\Illuminate\\Pipeline\\Pipeline.php(183): Illuminate\\View\\Middleware\\ShareErrorsFromSession->handle(Object(Illuminate\\Http\\Request), Object(Closure))
#18 C:\\Users\\User\\Desktop\\ING DAVID VEGA\\FULLSTACK\\MundoNavidenio365\\vendor\\laravel\\framework\\src\\Illuminate\\Session\\Middleware\\StartSession.php(121): Illuminate\\Pipeline\\Pipeline->Illuminate\\Pipeline\\{closure}(Object(Illuminate\\Http\\Request))
#19 C:\\Users\\User\\Desktop\\ING DAVID VEGA\\FULLSTACK\\MundoNavidenio365\\vendor\\laravel\\framework\\src\\Illuminate\\Session\\Middleware\\StartSession.php(64): Illuminate\\Session\\Middleware\\StartSession->handleStatefulRequest(Object(Illuminate\\Http\\Request), Object(Illuminate\\Session\\Store), Object(Closure))
#20 C:\\Users\\User\\Desktop\\ING DAVID VEGA\\FULLSTACK\\MundoNavidenio365\\vendor\\laravel\\framework\\src\\Illuminate\\Pipeline\\Pipeline.php(183): Illuminate\\Session\\Middleware\\StartSession->handle(Object(Illuminate\\Http\\Request), Object(Closure))
#21 C:\\Users\\User\\Desktop\\ING DAVID VEGA\\FULLSTACK\\MundoNavidenio365\\vendor\\laravel\\framework\\src\\Illuminate\\Cookie\\Middleware\\AddQueuedCookiesToResponse.php(37): Illuminate\\Pipeline\\Pipeline->Illuminate\\Pipeline\\{closure}(Object(Illuminate\\Http\\Request))
#22 C:\\Users\\User\\Desktop\\ING DAVID VEGA\\FULLSTACK\\MundoNavidenio365\\vendor\\laravel\\framework\\src\\Illuminate\\Pipeline\\Pipeline.php(183): Illuminate\\Cookie\\Middleware\\AddQueuedCookiesToResponse->handle(Object(Illuminate\\Http\\Request), Object(Closure))
#23 C:\\Users\\User\\Desktop\\ING DAVID VEGA\\FULLSTACK\\MundoNavidenio365\\vendor\\laravel\\framework\\src\\Illuminate\\Cookie\\Middleware\\EncryptCookies.php(67): Illuminate\\Pipeline\\Pipeline->Illuminate\\Pipeline\\{closure}(Object(Illuminate\\Http\\Request))
#24 C:\\Users\\User\\Desktop\\ING DAVID VEGA\\FULLSTACK\\MundoNavidenio365\\vendor\\laravel\\framework\\src\\Illuminate\\Pipeline\\Pipeline.php(183): Illuminate\\Cookie\\Middleware\\EncryptCookies->handle(Object(Illuminate\\Http\\Request), Object(Closure))
#25 C:\\Users\\User\\Desktop\\ING DAVID VEGA\\FULLSTACK\\MundoNavidenio365\\vendor\\laravel\\framework\\src\\Illuminate\\Pipeline\\Pipeline.php(119): Illuminate\\Pipeline\\Pipeline->Illuminate\\Pipeline\\{closure}(Object(Illuminate\\Http\\Request))
#26 C:\\Users\\User\\Desktop\\ING DAVID VEGA\\FULLSTACK\\MundoNavidenio365\\vendor\\laravel\\framework\\src\\Illuminate\\Routing\\Router.php(805): Illuminate\\Pipeline\\Pipeline->then(Object(Closure))
#27 C:\\Users\\User\\Desktop\\ING DAVID VEGA\\FULLSTACK\\MundoNavidenio365\\vendor\\laravel\\framework\\src\\Illuminate\\Routing\\Router.php(784): Illuminate\\Routing\\Router->runRouteWithinStack(Object(Illuminate\\Routing\\Route), Object(Illuminate\\Http\\Request))
#28 C:\\Users\\User\\Desktop\\ING DAVID VEGA\\FULLSTACK\\MundoNavidenio365\\vendor\\laravel\\framework\\src\\Illuminate\\Routing\\Router.php(748): Illuminate\\Routing\\Router->runRoute(Object(Illuminate\\Http\\Request), Object(Illuminate\\Routing\\Route))
#29 C:\\Users\\User\\Desktop\\ING DAVID VEGA\\FULLSTACK\\MundoNavidenio365\\vendor\\laravel\\framework\\src\\Illuminate\\Routing\\Router.php(737): Illuminate\\Routing\\Router->dispatchToRoute(Object(Illuminate\\Http\\Request))
#30 C:\\Users\\User\\Desktop\\ING DAVID VEGA\\FULLSTACK\\MundoNavidenio365\\vendor\\laravel\\framework\\src\\Illuminate\\Foundation\\Http\\Kernel.php(200): Illuminate\\Routing\\Router->dispatch(Object(Illuminate\\Http\\Request))
#31 C:\\Users\\User\\Desktop\\ING DAVID VEGA\\FULLSTACK\\MundoNavidenio365\\vendor\\laravel\\framework\\src\\Illuminate\\Pipeline\\Pipeline.php(144): Illuminate\\Foundation\\Http\\Kernel->Illuminate\\Foundation\\Http\\{closure}(Object(Illuminate\\Http\\Request))
#32 C:\\Users\\User\\Desktop\\ING DAVID VEGA\\FULLSTACK\\MundoNavidenio365\\vendor\\laravel\\framework\\src\\Illuminate\\Foundation\\Http\\Middleware\\TransformsRequest.php(21): Illuminate\\Pipeline\\Pipeline->Illuminate\\Pipeline\\{closure}(Object(Illuminate\\Http\\Request))
#33 C:\\Users\\User\\Desktop\\ING DAVID VEGA\\FULLSTACK\\MundoNavidenio365\\vendor\\laravel\\framework\\src\\Illuminate\\Foundation\\Http\\Middleware\\ConvertEmptyStringsToNull.php(31): Illuminate\\Foundation\\Http\\Middleware\\TransformsRequest->handle(Object(Illuminate\\Http\\Request), Object(Closure))
#34 C:\\Users\\User\\Desktop\\ING DAVID VEGA\\FULLSTACK\\MundoNavidenio365\\vendor\\laravel\\framework\\src\\Illuminate\\Pipeline\\Pipeline.php(183): Illuminate\\Foundation\\Http\\Middleware\\ConvertEmptyStringsToNull->handle(Object(Illuminate\\Http\\Request), Object(Closure))
#35 C:\\Users\\User\\Desktop\\ING DAVID VEGA\\FULLSTACK\\MundoNavidenio365\\vendor\\laravel\\framework\\src\\Illuminate\\Foundation\\Http\\Middleware\\TransformsRequest.php(21): Illuminate\\Pipeline\\Pipeline->Illuminate\\Pipeline\\{closure}(Object(Illuminate\\Http\\Request))
#36 C:\\Users\\User\\Desktop\\ING DAVID VEGA\\FULLSTACK\\MundoNavidenio365\\vendor\\laravel\\framework\\src\\Illuminate\\Foundation\\Http\\Middleware\\TrimStrings.php(40): Illuminate\\Foundation\\Http\\Middleware\\TransformsRequest->handle(Object(Illuminate\\Http\\Request), Object(Closure))
#37 C:\\Users\\User\\Desktop\\ING DAVID VEGA\\FULLSTACK\\MundoNavidenio365\\vendor\\laravel\\framework\\src\\Illuminate\\Pipeline\\Pipeline.php(183): Illuminate\\Foundation\\Http\\Middleware\\TrimStrings->handle(Object(Illuminate\\Http\\Request), Object(Closure))
#38 C:\\Users\\User\\Desktop\\ING DAVID VEGA\\FULLSTACK\\MundoNavidenio365\\vendor\\laravel\\framework\\src\\Illuminate\\Foundation\\Http\\Middleware\\ValidatePostSize.php(27): Illuminate\\Pipeline\\Pipeline->Illuminate\\Pipeline\\{closure}(Object(Illuminate\\Http\\Request))
#39 C:\\Users\\User\\Desktop\\ING DAVID VEGA\\FULLSTACK\\MundoNavidenio365\\vendor\\laravel\\framework\\src\\Illuminate\\Pipeline\\Pipeline.php(183): Illuminate\\Foundation\\Http\\Middleware\\ValidatePostSize->handle(Object(Illuminate\\Http\\Request), Object(Closure))
#40 C:\\Users\\User\\Desktop\\ING DAVID VEGA\\FULLSTACK\\MundoNavidenio365\\vendor\\laravel\\framework\\src\\Illuminate\\Foundation\\Http\\Middleware\\PreventRequestsDuringMaintenance.php(99): Illuminate\\Pipeline\\Pipeline->Illuminate\\Pipeline\\{closure}(Object(Illuminate\\Http\\Request))
#41 C:\\Users\\User\\Desktop\\ING DAVID VEGA\\FULLSTACK\\MundoNavidenio365\\vendor\\laravel\\framework\\src\\Illuminate\\Pipeline\\Pipeline.php(183): Illuminate\\Foundation\\Http\\Middleware\\PreventRequestsDuringMaintenance->handle(Object(Illuminate\\Http\\Request), Object(Closure))
#42 C:\\Users\\User\\Desktop\\ING DAVID VEGA\\FULLSTACK\\MundoNavidenio365\\vendor\\laravel\\framework\\src\\Illuminate\\Http\\Middleware\\HandleCors.php(49): Illuminate\\Pipeline\\Pipeline->Illuminate\\Pipeline\\{closure}(Object(Illuminate\\Http\\Request))
#43 C:\\Users\\User\\Desktop\\ING DAVID VEGA\\FULLSTACK\\MundoNavidenio365\\vendor\\laravel\\framework\\src\\Illuminate\\Pipeline\\Pipeline.php(183): Illuminate\\Http\\Middleware\\HandleCors->handle(Object(Illuminate\\Http\\Request), Object(Closure))
#44 C:\\Users\\User\\Desktop\\ING DAVID VEGA\\FULLSTACK\\MundoNavidenio365\\vendor\\laravel\\framework\\src\\Illuminate\\Http\\Middleware\\TrustProxies.php(39): Illuminate\\Pipeline\\Pipeline->Illuminate\\Pipeline\\{closure}(Object(Illuminate\\Http\\Request))
#45 C:\\Users\\User\\Desktop\\ING DAVID VEGA\\FULLSTACK\\MundoNavidenio365\\vendor\\laravel\\framework\\src\\Illuminate\\Pipeline\\Pipeline.php(183): Illuminate\\Http\\Middleware\\TrustProxies->handle(Object(Illuminate\\Http\\Request), Object(Closure))
#46 C:\\Users\\User\\Desktop\\ING DAVID VEGA\\FULLSTACK\\MundoNavidenio365\\vendor\\laravel\\framework\\src\\Illuminate\\Pipeline\\Pipeline.php(119): Illuminate\\Pipeline\\Pipeline->Illuminate\\Pipeline\\{closure}(Object(Illuminate\\Http\\Request))
#47 C:\\Users\\User\\Desktop\\ING DAVID VEGA\\FULLSTACK\\MundoNavidenio365\\vendor\\laravel\\framework\\src\\Illuminate\\Foundation\\Http\\Kernel.php(175): Illuminate\\Pipeline\\Pipeline->then(Object(Closure))
#48 C:\\Users\\User\\Desktop\\ING DAVID VEGA\\FULLSTACK\\MundoNavidenio365\\vendor\\laravel\\framework\\src\\Illuminate\\Foundation\\Http\\Kernel.php(144): Illuminate\\Foundation\\Http\\Kernel->sendRequestThroughRouter(Object(Illuminate\\Http\\Request))
#49 C:\\Users\\User\\Desktop\\ING DAVID VEGA\\FULLSTACK\\MundoNavidenio365\\public\\index.php(51): Illuminate\\Foundation\\Http\\Kernel->handle(Object(Illuminate\\Http\\Request))
#50 C:\\Users\\User\\Desktop\\ING DAVID VEGA\\FULLSTACK\\MundoNavidenio365\\vendor\\laravel\\framework\\src\\Illuminate\\Foundation\\resources\\server.php(16): require_once('C:\\\\Users\\\\User\\\\D...')
#51 {main}

[previous exception] [object] (PDOException(code: 1045): SQLSTATE[HY000] [1045] Access denied for user 'mundonav_navidad'@'localhost' (using password: YES) at C:\\Users\\User\\Desktop\\ING DAVID VEGA\\FULLSTACK\\MundoNavidenio365\\vendor\\laravel\\framework\\src\\Illuminate\\Database\\Connectors\\Connector.php:65)
[stacktrace]
#0 C:\\Users\\User\\Desktop\\ING DAVID VEGA\\FULLSTACK\\MundoNavidenio365\\vendor\\laravel\\framework\\src\\Illuminate\\Database\\Connectors\\Connector.php(65): PDO->__construct('mysql:host=127....', 'mundonav_navida...', Object(SensitiveParameterValue), Array)
#1 C:\\Users\\User\\Desktop\\ING DAVID VEGA\\FULLSTACK\\MundoNavidenio365\\vendor\\laravel\\framework\\src\\Illuminate\\Database\\Connectors\\Connector.php(44): Illuminate\\Database\\Connectors\\Connector->createPdoConnection('mysql:host=127....', 'mundonav_navida...', 'admin', Array)
#2 C:\\Users\\User\\Desktop\\ING DAVID VEGA\\FULLSTACK\\MundoNavidenio365\\vendor\\laravel\\framework\\src\\Illuminate\\Database\\Connectors\\MySqlConnector.php(24): Illuminate\\Database\\Connectors\\Connector->createConnection('mysql:host=127....', Array, Array)
#3 C:\\Users\\User\\Desktop\\ING DAVID VEGA\\FULLSTACK\\MundoNavidenio365\\vendor\\laravel\\framework\\src\\Illuminate\\Database\\Connectors\\ConnectionFactory.php(184): Illuminate\\Database\\Connectors\\MySqlConnector->connect(Array)
#4 [internal function]: Illuminate\\Database\\Connectors\\ConnectionFactory->Illuminate\\Database\\Connectors\\{closure}()
#5 C:\\Users\\User\\Desktop\\ING DAVID VEGA\\FULLSTACK\\MundoNavidenio365\\vendor\\laravel\\framework\\src\\Illuminate\\Database\\Connection.php(1339): call_user_func(Object(Closure))
#6 C:\\Users\\User\\Desktop\\ING DAVID VEGA\\FULLSTACK\\MundoNavidenio365\\vendor\\laravel\\framework\\src\\Illuminate\\Database\\Connection.php(1375): Illuminate\\Database\\Connection->getPdo()
#7 C:\\Users\\User\\Desktop\\ING DAVID VEGA\\FULLSTACK\\MundoNavidenio365\\vendor\\laravel\\framework\\src\\Illuminate\\Database\\Connection.php(528): Illuminate\\Database\\Connection->getReadPdo()
#8 C:\\Users\\User\\Desktop\\ING DAVID VEGA\\FULLSTACK\\MundoNavidenio365\\vendor\\laravel\\framework\\src\\Illuminate\\Database\\Connection.php(423): Illuminate\\Database\\Connection->getPdoForSelect(true)
#9 C:\\Users\\User\\Desktop\\ING DAVID VEGA\\FULLSTACK\\MundoNavidenio365\\vendor\\laravel\\framework\\src\\Illuminate\\Database\\Connection.php(816): Illuminate\\Database\\Connection->Illuminate\\Database\\{closure}('select `id`, `n...', Array)
#10 C:\\Users\\User\\Desktop\\ING DAVID VEGA\\FULLSTACK\\MundoNavidenio365\\vendor\\laravel\\framework\\src\\Illuminate\\Database\\Connection.php(783): Illuminate\\Database\\Connection->runQueryCallback('select `id`, `n...', Array, Object(Closure))
#11 C:\\Users\\User\\Desktop\\ING DAVID VEGA\\FULLSTACK\\MundoNavidenio365\\vendor\\laravel\\framework\\src\\Illuminate\\Database\\Connection.php(414): Illuminate\\Database\\Connection->run('select `id`, `n...', Array, Object(Closure))
#12 C:\\Users\\User\\Desktop\\ING DAVID VEGA\\FULLSTACK\\MundoNavidenio365\\vendor\\laravel\\framework\\src\\Illuminate\\Database\\Query\\Builder.php(2913): Illuminate\\Database\\Connection->select('select `id`, `n...', Array, true)
#13 C:\\Users\\User\\Desktop\\ING DAVID VEGA\\FULLSTACK\\MundoNavidenio365\\vendor\\laravel\\framework\\src\\Illuminate\\Database\\Query\\Builder.php(2902): Illuminate\\Database\\Query\\Builder->runSelect()
#14 C:\\Users\\User\\Desktop\\ING DAVID VEGA\\FULLSTACK\\MundoNavidenio365\\vendor\\laravel\\framework\\src\\Illuminate\\Database\\Query\\Builder.php(3456): Illuminate\\Database\\Query\\Builder->Illuminate\\Database\\Query\\{closure}()
#15 C:\\Users\\User\\Desktop\\ING DAVID VEGA\\FULLSTACK\\MundoNavidenio365\\vendor\\laravel\\framework\\src\\Illuminate\\Database\\Query\\Builder.php(2901): Illuminate\\Database\\Query\\Builder->onceWithColumns(Array, Object(Closure))
#16 C:\\Users\\User\\Desktop\\ING DAVID VEGA\\FULLSTACK\\MundoNavidenio365\\vendor\\laravel\\framework\\src\\Illuminate\\Database\\Eloquent\\Builder.php(739): Illuminate\\Database\\Query\\Builder->get(Array)
#17 C:\\Users\\User\\Desktop\\ING DAVID VEGA\\FULLSTACK\\MundoNavidenio365\\vendor\\laravel\\framework\\src\\Illuminate\\Database\\Eloquent\\Builder.php(723): Illuminate\\Database\\Eloquent\\Builder->getModels(Array)
#18 C:\\Users\\User\\Desktop\\ING DAVID VEGA\\FULLSTACK\\MundoNavidenio365\\vendor\\laravel\\framework\\src\\Illuminate\\Database\\Concerns\\BuildsQueries.php(333): Illuminate\\Database\\Eloquent\\Builder->get(Array)
#19 C:\\Users\\User\\Desktop\\ING DAVID VEGA\\FULLSTACK\\MundoNavidenio365\\app\\Http\\Middleware\\HandleInertiaRequests.php(36): Illuminate\\Database\\Eloquent\\Builder->first()
#20 C:\\Users\\User\\Desktop\\ING DAVID VEGA\\FULLSTACK\\MundoNavidenio365\\vendor\\inertiajs\\inertia-laravel\\src\\Middleware.php(84): App\\Http\\Middleware\\HandleInertiaRequests->share(Object(Illuminate\\Http\\Request))
#21 C:\\Users\\User\\Desktop\\ING DAVID VEGA\\FULLSTACK\\MundoNavidenio365\\vendor\\laravel\\framework\\src\\Illuminate\\Pipeline\\Pipeline.php(183): Inertia\\Middleware->handle(Object(Illuminate\\Http\\Request), Object(Closure))
#22 C:\\Users\\User\\Desktop\\ING DAVID VEGA\\FULLSTACK\\MundoNavidenio365\\vendor\\laravel\\framework\\src\\Illuminate\\Routing\\Middleware\\SubstituteBindings.php(50): Illuminate\\Pipeline\\Pipeline->Illuminate\\Pipeline\\{closure}(Object(Illuminate\\Http\\Request))
#23 C:\\Users\\User\\Desktop\\ING DAVID VEGA\\FULLSTACK\\MundoNavidenio365\\vendor\\laravel\\framework\\src\\Illuminate\\Pipeline\\Pipeline.php(183): Illuminate\\Routing\\Middleware\\SubstituteBindings->handle(Object(Illuminate\\Http\\Request), Object(Closure))
#24 C:\\Users\\User\\Desktop\\ING DAVID VEGA\\FULLSTACK\\MundoNavidenio365\\vendor\\laravel\\framework\\src\\Illuminate\\Foundation\\Http\\Middleware\\VerifyCsrfToken.php(78): Illuminate\\Pipeline\\Pipeline->Illuminate\\Pipeline\\{closure}(Object(Illuminate\\Http\\Request))
#25 C:\\Users\\User\\Desktop\\ING DAVID VEGA\\FULLSTACK\\MundoNavidenio365\\vendor\\laravel\\framework\\src\\Illuminate\\Pipeline\\Pipeline.php(183): Illuminate\\Foundation\\Http\\Middleware\\VerifyCsrfToken->handle(Object(Illuminate\\Http\\Request), Object(Closure))
#26 C:\\Users\\User\\Desktop\\ING DAVID VEGA\\FULLSTACK\\MundoNavidenio365\\vendor\\laravel\\framework\\src\\Illuminate\\View\\Middleware\\ShareErrorsFromSession.php(49): Illuminate\\Pipeline\\Pipeline->Illuminate\\Pipeline\\{closure}(Object(Illuminate\\Http\\Request))
#27 C:\\Users\\User\\Desktop\\ING DAVID VEGA\\FULLSTACK\\MundoNavidenio365\\vendor\\laravel\\framework\\src\\Illuminate\\Pipeline\\Pipeline.php(183): Illuminate\\View\\Middleware\\ShareErrorsFromSession->handle(Object(Illuminate\\Http\\Request), Object(Closure))
#28 C:\\Users\\User\\Desktop\\ING DAVID VEGA\\FULLSTACK\\MundoNavidenio365\\vendor\\laravel\\framework\\src\\Illuminate\\Session\\Middleware\\StartSession.php(121): Illuminate\\Pipeline\\Pipeline->Illuminate\\Pipeline\\{closure}(Object(Illuminate\\Http\\Request))
#29 C:\\Users\\User\\Desktop\\ING DAVID VEGA\\FULLSTACK\\MundoNavidenio365\\vendor\\laravel\\framework\\src\\Illuminate\\Session\\Middleware\\StartSession.php(64): Illuminate\\Session\\Middleware\\StartSession->handleStatefulRequest(Object(Illuminate\\Http\\Request), Object(Illuminate\\Session\\Store), Object(Closure))
#30 C:\\Users\\User\\Desktop\\ING DAVID VEGA\\FULLSTACK\\MundoNavidenio365\\vendor\\laravel\\framework\\src\\Illuminate\\Pipeline\\Pipeline.php(183): Illuminate\\Session\\Middleware\\StartSession->handle(Object(Illuminate\\Http\\Request), Object(Closure))
#31 C:\\Users\\User\\Desktop\\ING DAVID VEGA\\FULLSTACK\\MundoNavidenio365\\vendor\\laravel\\framework\\src\\Illuminate\\Cookie\\Middleware\\AddQueuedCookiesToResponse.php(37): Illuminate\\Pipeline\\Pipeline->Illuminate\\Pipeline\\{closure}(Object(Illuminate\\Http\\Request))
#32 C:\\Users\\User\\Desktop\\ING DAVID VEGA\\FULLSTACK\\MundoNavidenio365\\vendor\\laravel\\framework\\src\\Illuminate\\Pipeline\\Pipeline.php(183): Illuminate\\Cookie\\Middleware\\AddQueuedCookiesToResponse->handle(Object(Illuminate\\Http\\Request), Object(Closure))
#33 C:\\Users\\User\\Desktop\\ING DAVID VEGA\\FULLSTACK\\MundoNavidenio365\\vendor\\laravel\\framework\\src\\Illuminate\\Cookie\\Middleware\\EncryptCookies.php(67): Illuminate\\Pipeline\\Pipeline->Illuminate\\Pipeline\\{closure}(Object(Illuminate\\Http\\Request))
#34 C:\\Users\\User\\Desktop\\ING DAVID VEGA\\FULLSTACK\\MundoNavidenio365\\vendor\\laravel\\framework\\src\\Illuminate\\Pipeline\\Pipeline.php(183): Illuminate\\Cookie\\Middleware\\EncryptCookies->handle(Object(Illuminate\\Http\\Request), Object(Closure))
#35 C:\\Users\\User\\Desktop\\ING DAVID VEGA\\FULLSTACK\\MundoNavidenio365\\vendor\\laravel\\framework\\src\\Illuminate\\Pipeline\\Pipeline.php(119): Illuminate\\Pipeline\\Pipeline->Illuminate\\Pipeline\\{closure}(Object(Illuminate\\Http\\Request))
#36 C:\\Users\\User\\Desktop\\ING DAVID VEGA\\FULLSTACK\\MundoNavidenio365\\vendor\\laravel\\framework\\src\\Illuminate\\Routing\\Router.php(805): Illuminate\\Pipeline\\Pipeline->then(Object(Closure))
#37 C:\\Users\\User\\Desktop\\ING DAVID VEGA\\FULLSTACK\\MundoNavidenio365\\vendor\\laravel\\framework\\src\\Illuminate\\Routing\\Router.php(784): Illuminate\\Routing\\Router->runRouteWithinStack(Object(Illuminate\\Routing\\Route), Object(Illuminate\\Http\\Request))
#38 C:\\Users\\User\\Desktop\\ING DAVID VEGA\\FULLSTACK\\MundoNavidenio365\\vendor\\laravel\\framework\\src\\Illuminate\\Routing\\Router.php(748): Illuminate\\Routing\\Router->runRoute(Object(Illuminate\\Http\\Request), Object(Illuminate\\Routing\\Route))
#39 C:\\Users\\User\\Desktop\\ING DAVID VEGA\\FULLSTACK\\MundoNavidenio365\\vendor\\laravel\\framework\\src\\Illuminate\\Routing\\Router.php(737): Illuminate\\Routing\\Router->dispatchToRoute(Object(Illuminate\\Http\\Request))
#40 C:\\Users\\User\\Desktop\\ING DAVID VEGA\\FULLSTACK\\MundoNavidenio365\\vendor\\laravel\\framework\\src\\Illuminate\\Foundation\\Http\\Kernel.php(200): Illuminate\\Routing\\Router->dispatch(Object(Illuminate\\Http\\Request))
#41 C:\\Users\\User\\Desktop\\ING DAVID VEGA\\FULLSTACK\\MundoNavidenio365\\vendor\\laravel\\framework\\src\\Illuminate\\Pipeline\\Pipeline.php(144): Illuminate\\Foundation\\Http\\Kernel->Illuminate\\Foundation\\Http\\{closure}(Object(Illuminate\\Http\\Request))
#42 C:\\Users\\User\\Desktop\\ING DAVID VEGA\\FULLSTACK\\MundoNavidenio365\\vendor\\laravel\\framework\\src\\Illuminate\\Foundation\\Http\\Middleware\\TransformsRequest.php(21): Illuminate\\Pipeline\\Pipeline->Illuminate\\Pipeline\\{closure}(Object(Illuminate\\Http\\Request))
#43 C:\\Users\\User\\Desktop\\ING DAVID VEGA\\FULLSTACK\\MundoNavidenio365\\vendor\\laravel\\framework\\src\\Illuminate\\Foundation\\Http\\Middleware\\ConvertEmptyStringsToNull.php(31): Illuminate\\Foundation\\Http\\Middleware\\TransformsRequest->handle(Object(Illuminate\\Http\\Request), Object(Closure))
#44 C:\\Users\\User\\Desktop\\ING DAVID VEGA\\FULLSTACK\\MundoNavidenio365\\vendor\\laravel\\framework\\src\\Illuminate\\Pipeline\\Pipeline.php(183): Illuminate\\Foundation\\Http\\Middleware\\ConvertEmptyStringsToNull->handle(Object(Illuminate\\Http\\Request), Object(Closure))
#45 C:\\Users\\User\\Desktop\\ING DAVID VEGA\\FULLSTACK\\MundoNavidenio365\\vendor\\laravel\\framework\\src\\Illuminate\\Foundation\\Http\\Middleware\\TransformsRequest.php(21): Illuminate\\Pipeline\\Pipeline->Illuminate\\Pipeline\\{closure}(Object(Illuminate\\Http\\Request))
#46 C:\\Users\\User\\Desktop\\ING DAVID VEGA\\FULLSTACK\\MundoNavidenio365\\vendor\\laravel\\framework\\src\\Illuminate\\Foundation\\Http\\Middleware\\TrimStrings.php(40): Illuminate\\Foundation\\Http\\Middleware\\TransformsRequest->handle(Object(Illuminate\\Http\\Request), Object(Closure))
#47 C:\\Users\\User\\Desktop\\ING DAVID VEGA\\FULLSTACK\\MundoNavidenio365\\vendor\\laravel\\framework\\src\\Illuminate\\Pipeline\\Pipeline.php(183): Illuminate\\Foundation\\Http\\Middleware\\TrimStrings->handle(Object(Illuminate\\Http\\Request), Object(Closure))
#48 C:\\Users\\User\\Desktop\\ING DAVID VEGA\\FULLSTACK\\MundoNavidenio365\\vendor\\laravel\\framework\\src\\Illuminate\\Foundation\\Http\\Middleware\\ValidatePostSize.php(27): Illuminate\\Pipeline\\Pipeline->Illuminate\\Pipeline\\{closure}(Object(Illuminate\\Http\\Request))
#49 C:\\Users\\User\\Desktop\\ING DAVID VEGA\\FULLSTACK\\MundoNavidenio365\\vendor\\laravel\\framework\\src\\Illuminate\\Pipeline\\Pipeline.php(183): Illuminate\\Foundation\\Http\\Middleware\\ValidatePostSize->handle(Object(Illuminate\\Http\\Request), Object(Closure))
#50 C:\\Users\\User\\Desktop\\ING DAVID VEGA\\FULLSTACK\\MundoNavidenio365\\vendor\\laravel\\framework\\src\\Illuminate\\Foundation\\Http\\Middleware\\PreventRequestsDuringMaintenance.php(99): Illuminate\\Pipeline\\Pipeline->Illuminate\\Pipeline\\{closure}(Object(Illuminate\\Http\\Request))
#51 C:\\Users\\User\\Desktop\\ING DAVID VEGA\\FULLSTACK\\MundoNavidenio365\\vendor\\laravel\\framework\\src\\Illuminate\\Pipeline\\Pipeline.php(183): Illuminate\\Foundation\\Http\\Middleware\\PreventRequestsDuringMaintenance->handle(Object(Illuminate\\Http\\Request), Object(Closure))
#52 C:\\Users\\User\\Desktop\\ING DAVID VEGA\\FULLSTACK\\MundoNavidenio365\\vendor\\laravel\\framework\\src\\Illuminate\\Http\\Middleware\\HandleCors.php(49): Illuminate\\Pipeline\\Pipeline->Illuminate\\Pipeline\\{closure}(Object(Illuminate\\Http\\Request))
#53 C:\\Users\\User\\Desktop\\ING DAVID VEGA\\FULLSTACK\\MundoNavidenio365\\vendor\\laravel\\framework\\src\\Illuminate\\Pipeline\\Pipeline.php(183): Illuminate\\Http\\Middleware\\HandleCors->handle(Object(Illuminate\\Http\\Request), Object(Closure))
#54 C:\\Users\\User\\Desktop\\ING DAVID VEGA\\FULLSTACK\\MundoNavidenio365\\vendor\\laravel\\framework\\src\\Illuminate\\Http\\Middleware\\TrustProxies.php(39): Illuminate\\Pipeline\\Pipeline->Illuminate\\Pipeline\\{closure}(Object(Illuminate\\Http\\Request))
#55 C:\\Users\\User\\Desktop\\ING DAVID VEGA\\FULLSTACK\\MundoNavidenio365\\vendor\\laravel\\framework\\src\\Illuminate\\Pipeline\\Pipeline.php(183): Illuminate\\Http\\Middleware\\TrustProxies->handle(Object(Illuminate\\Http\\Request), Object(Closure))
#56 C:\\Users\\User\\Desktop\\ING DAVID VEGA\\FULLSTACK\\MundoNavidenio365\\vendor\\laravel\\framework\\src\\Illuminate\\Pipeline\\Pipeline.php(119): Illuminate\\Pipeline\\Pipeline->Illuminate\\Pipeline\\{closure}(Object(Illuminate\\Http\\Request))
#57 C:\\Users\\User\\Desktop\\ING DAVID VEGA\\FULLSTACK\\MundoNavidenio365\\vendor\\laravel\\framework\\src\\Illuminate\\Foundation\\Http\\Kernel.php(175): Illuminate\\Pipeline\\Pipeline->then(Object(Closure))
#58 C:\\Users\\User\\Desktop\\ING DAVID VEGA\\FULLSTACK\\MundoNavidenio365\\vendor\\laravel\\framework\\src\\Illuminate\\Foundation\\Http\\Kernel.php(144): Illuminate\\Foundation\\Http\\Kernel->sendRequestThroughRouter(Object(Illuminate\\Http\\Request))
#59 C:\\Users\\User\\Desktop\\ING DAVID VEGA\\FULLSTACK\\MundoNavidenio365\\public\\index.php(51): Illuminate\\Foundation\\Http\\Kernel->handle(Object(Illuminate\\Http\\Request))
#60 C:\\Users\\User\\Desktop\\ING DAVID VEGA\\FULLSTACK\\MundoNavidenio365\\vendor\\laravel\\framework\\src\\Illuminate\\Foundation\\resources\\server.php(16): require_once('C:\\\\Users\\\\User\\\\D...')
#61 {main}
"} 
[2026-01-25 06:14:37] local.ERROR: SQLSTATE[HY000] [1045] Access denied for user 'mundonav_navidad'@'localhost' (using password: YES) (Connection: mysql, SQL: select table_name as `name`, (data_length + index_length) as `size`, table_comment as `comment`, engine as `engine`, table_collation as `collation` from information_schema.tables where table_schema = 'mundonav_navidad' and table_type in ('BASE TABLE', 'SYSTEM VERSIONED') order by table_name) {"exception":"[object] (Illuminate\\Database\\QueryException(code: 1045): SQLSTATE[HY000] [1045] Access denied for user 'mundonav_navidad'@'localhost' (using password: YES) (Connection: mysql, SQL: select table_name as `name`, (data_length + index_length) as `size`, table_comment as `comment`, engine as `engine`, table_collation as `collation` from information_schema.tables where table_schema = 'mundonav_navidad' and table_type in ('BASE TABLE', 'SYSTEM VERSIONED') order by table_name) at C:\\Users\\User\\Desktop\\ING DAVID VEGA\\FULLSTACK\\MundoNavidenio365\\vendor\\laravel\\framework\\src\\Illuminate\\Database\\Connection.php:829)
[stacktrace]
#0 C:\\Users\\User\\Desktop\\ING DAVID VEGA\\FULLSTACK\\MundoNavidenio365\\vendor\\laravel\\framework\\src\\Illuminate\\Database\\Connection.php(783): Illuminate\\Database\\Connection->runQueryCallback('select table_na...', Array, Object(Closure))
#1 C:\\Users\\User\\Desktop\\ING DAVID VEGA\\FULLSTACK\\MundoNavidenio365\\vendor\\laravel\\framework\\src\\Illuminate\\Database\\Connection.php(414): Illuminate\\Database\\Connection->run('select table_na...', Array, Object(Closure))
#2 C:\\Users\\User\\Desktop\\ING DAVID VEGA\\FULLSTACK\\MundoNavidenio365\\vendor\\laravel\\framework\\src\\Illuminate\\Database\\Connection.php(401): Illuminate\\Database\\Connection->select('select table_na...', Array, false)
#3 C:\\Users\\User\\Desktop\\ING DAVID VEGA\\FULLSTACK\\MundoNavidenio365\\vendor\\laravel\\framework\\src\\Illuminate\\Database\\Schema\\MySqlBuilder.php(41): Illuminate\\Database\\Connection->selectFromWriteConnection('select table_na...')
#4 C:\\Users\\User\\Desktop\\ING DAVID VEGA\\FULLSTACK\\MundoNavidenio365\\vendor\\laravel\\framework\\src\\Illuminate\\Database\\Schema\\Builder.php(165): Illuminate\\Database\\Schema\\MySqlBuilder->getTables(false)
#5 C:\\Users\\User\\Desktop\\ING DAVID VEGA\\FULLSTACK\\MundoNavidenio365\\vendor\\laravel\\framework\\src\\Illuminate\\Database\\Migrations\\DatabaseMigrationRepository.php(184): Illuminate\\Database\\Schema\\Builder->hasTable('migrations')
#6 C:\\Users\\User\\Desktop\\ING DAVID VEGA\\FULLSTACK\\MundoNavidenio365\\vendor\\laravel\\framework\\src\\Illuminate\\Database\\Migrations\\Migrator.php(727): Illuminate\\Database\\Migrations\\DatabaseMigrationRepository->repositoryExists()
#7 C:\\Users\\User\\Desktop\\ING DAVID VEGA\\FULLSTACK\\MundoNavidenio365\\vendor\\laravel\\framework\\src\\Illuminate\\Database\\Console\\Migrations\\MigrateCommand.php(140): Illuminate\\Database\\Migrations\\Migrator->repositoryExists()
#8 C:\\Users\\User\\Desktop\\ING DAVID VEGA\\FULLSTACK\\MundoNavidenio365\\vendor\\laravel\\framework\\src\\Illuminate\\Support\\helpers.php(261): Illuminate\\Database\\Console\\Migrations\\MigrateCommand->Illuminate\\Database\\Console\\Migrations\\{closure}(1)
#9 C:\\Users\\User\\Desktop\\ING DAVID VEGA\\FULLSTACK\\MundoNavidenio365\\vendor\\laravel\\framework\\src\\Illuminate\\Database\\Console\\Migrations\\MigrateCommand.php(140): retry(1, Object(Closure), 0, Object(Closure))
#10 C:\\Users\\User\\Desktop\\ING DAVID VEGA\\FULLSTACK\\MundoNavidenio365\\vendor\\laravel\\framework\\src\\Illuminate\\Database\\Console\\Migrations\\MigrateCommand.php(116): Illuminate\\Database\\Console\\Migrations\\MigrateCommand->repositoryExists()
#11 C:\\Users\\User\\Desktop\\ING DAVID VEGA\\FULLSTACK\\MundoNavidenio365\\vendor\\laravel\\framework\\src\\Illuminate\\Database\\Console\\Migrations\\MigrateCommand.php(84): Illuminate\\Database\\Console\\Migrations\\MigrateCommand->prepareDatabase()
#12 C:\\Users\\User\\Desktop\\ING DAVID VEGA\\FULLSTACK\\MundoNavidenio365\\vendor\\laravel\\framework\\src\\Illuminate\\Database\\Migrations\\Migrator.php(641): Illuminate\\Database\\Console\\Migrations\\MigrateCommand->Illuminate\\Database\\Console\\Migrations\\{closure}()
#13 C:\\Users\\User\\Desktop\\ING DAVID VEGA\\FULLSTACK\\MundoNavidenio365\\vendor\\laravel\\framework\\src\\Illuminate\\Database\\Console\\Migrations\\MigrateCommand.php(83): Illuminate\\Database\\Migrations\\Migrator->usingConnection(NULL, Object(Closure))
#14 C:\\Users\\User\\Desktop\\ING DAVID VEGA\\FULLSTACK\\MundoNavidenio365\\vendor\\laravel\\framework\\src\\Illuminate\\Container\\BoundMethod.php(36): Illuminate\\Database\\Console\\Migrations\\MigrateCommand->handle()
#15 C:\\Users\\User\\Desktop\\ING DAVID VEGA\\FULLSTACK\\MundoNavidenio365\\vendor\\laravel\\framework\\src\\Illuminate\\Container\\Util.php(41): Illuminate\\Container\\BoundMethod::Illuminate\\Container\\{closure}()
#16 C:\\Users\\User\\Desktop\\ING DAVID VEGA\\FULLSTACK\\MundoNavidenio365\\vendor\\laravel\\framework\\src\\Illuminate\\Container\\BoundMethod.php(93): Illuminate\\Container\\Util::unwrapIfClosure(Object(Closure))
#17 C:\\Users\\User\\Desktop\\ING DAVID VEGA\\FULLSTACK\\MundoNavidenio365\\vendor\\laravel\\framework\\src\\Illuminate\\Container\\BoundMethod.php(35): Illuminate\\Container\\BoundMethod::callBoundMethod(Object(Illuminate\\Foundation\\Application), Array, Object(Closure))
#18 C:\\Users\\User\\Desktop\\ING DAVID VEGA\\FULLSTACK\\MundoNavidenio365\\vendor\\laravel\\framework\\src\\Illuminate\\Container\\Container.php(662): Illuminate\\Container\\BoundMethod::call(Object(Illuminate\\Foundation\\Application), Array, Array, NULL)
#19 C:\\Users\\User\\Desktop\\ING DAVID VEGA\\FULLSTACK\\MundoNavidenio365\\vendor\\laravel\\framework\\src\\Illuminate\\Console\\Command.php(211): Illuminate\\Container\\Container->call(Array)
#20 C:\\Users\\User\\Desktop\\ING DAVID VEGA\\FULLSTACK\\MundoNavidenio365\\vendor\\symfony\\console\\Command\\Command.php(326): Illuminate\\Console\\Command->execute(Object(Symfony\\Component\\Console\\Input\\ArgvInput), Object(Illuminate\\Console\\OutputStyle))
#21 C:\\Users\\User\\Desktop\\ING DAVID VEGA\\FULLSTACK\\MundoNavidenio365\\vendor\\laravel\\framework\\src\\Illuminate\\Console\\Command.php(180): Symfony\\Component\\Console\\Command\\Command->run(Object(Symfony\\Component\\Console\\Input\\ArgvInput), Object(Illuminate\\Console\\OutputStyle))
#22 C:\\Users\\User\\Desktop\\ING DAVID VEGA\\FULLSTACK\\MundoNavidenio365\\vendor\\symfony\\console\\Application.php(1096): Illuminate\\Console\\Command->run(Object(Symfony\\Component\\Console\\Input\\ArgvInput), Object(Symfony\\Component\\Console\\Output\\ConsoleOutput))
#23 C:\\Users\\User\\Desktop\\ING DAVID VEGA\\FULLSTACK\\MundoNavidenio365\\vendor\\symfony\\console\\Application.php(324): Symfony\\Component\\Console\\Application->doRunCommand(Object(Illuminate\\Database\\Console\\Migrations\\MigrateCommand), Object(Symfony\\Component\\Console\\Input\\ArgvInput), Object(Symfony\\Component\\Console\\Output\\ConsoleOutput))
#24 C:\\Users\\User\\Desktop\\ING DAVID VEGA\\FULLSTACK\\MundoNavidenio365\\vendor\\symfony\\console\\Application.php(175): Symfony\\Component\\Console\\Application->doRun(Object(Symfony\\Component\\Console\\Input\\ArgvInput), Object(Symfony\\Component\\Console\\Output\\ConsoleOutput))
#25 C:\\Users\\User\\Desktop\\ING DAVID VEGA\\FULLSTACK\\MundoNavidenio365\\vendor\\laravel\\framework\\src\\Illuminate\\Foundation\\Console\\Kernel.php(201): Symfony\\Component\\Console\\Application->run(Object(Symfony\\Component\\Console\\Input\\ArgvInput), Object(Symfony\\Component\\Console\\Output\\ConsoleOutput))
#26 C:\\Users\\User\\Desktop\\ING DAVID VEGA\\FULLSTACK\\MundoNavidenio365\\artisan(35): Illuminate\\Foundation\\Console\\Kernel->handle(Object(Symfony\\Component\\Console\\Input\\ArgvInput), Object(Symfony\\Component\\Console\\Output\\ConsoleOutput))
#27 {main}

[previous exception] [object] (PDOException(code: 1045): SQLSTATE[HY000] [1045] Access denied for user 'mundonav_navidad'@'localhost' (using password: YES) at C:\\Users\\User\\Desktop\\ING DAVID VEGA\\FULLSTACK\\MundoNavidenio365\\vendor\\laravel\\framework\\src\\Illuminate\\Database\\Connectors\\Connector.php:65)
[stacktrace]
#0 C:\\Users\\User\\Desktop\\ING DAVID VEGA\\FULLSTACK\\MundoNavidenio365\\vendor\\laravel\\framework\\src\\Illuminate\\Database\\Connectors\\Connector.php(65): PDO->__construct('mysql:host=127....', 'mundonav_navida...', Object(SensitiveParameterValue), Array)
#1 C:\\Users\\User\\Desktop\\ING DAVID VEGA\\FULLSTACK\\MundoNavidenio365\\vendor\\laravel\\framework\\src\\Illuminate\\Database\\Connectors\\Connector.php(44): Illuminate\\Database\\Connectors\\Connector->createPdoConnection('mysql:host=127....', 'mundonav_navida...', 'admin', Array)
#2 C:\\Users\\User\\Desktop\\ING DAVID VEGA\\FULLSTACK\\MundoNavidenio365\\vendor\\laravel\\framework\\src\\Illuminate\\Database\\Connectors\\MySqlConnector.php(24): Illuminate\\Database\\Connectors\\Connector->createConnection('mysql:host=127....', Array, Array)
#3 C:\\Users\\User\\Desktop\\ING DAVID VEGA\\FULLSTACK\\MundoNavidenio365\\vendor\\laravel\\framework\\src\\Illuminate\\Database\\Connectors\\ConnectionFactory.php(184): Illuminate\\Database\\Connectors\\MySqlConnector->connect(Array)
#4 [internal function]: Illuminate\\Database\\Connectors\\ConnectionFactory->Illuminate\\Database\\Connectors\\{closure}()
#5 C:\\Users\\User\\Desktop\\ING DAVID VEGA\\FULLSTACK\\MundoNavidenio365\\vendor\\laravel\\framework\\src\\Illuminate\\Database\\Connection.php(1339): call_user_func(Object(Closure))
#6 C:\\Users\\User\\Desktop\\ING DAVID VEGA\\FULLSTACK\\MundoNavidenio365\\vendor\\laravel\\framework\\src\\Illuminate\\Database\\Connection.php(528): Illuminate\\Database\\Connection->getPdo()
#7 C:\\Users\\User\\Desktop\\ING DAVID VEGA\\FULLSTACK\\MundoNavidenio365\\vendor\\laravel\\framework\\src\\Illuminate\\Database\\Connection.php(423): Illuminate\\Database\\Connection->getPdoForSelect(false)
#8 C:\\Users\\User\\Desktop\\ING DAVID VEGA\\FULLSTACK\\MundoNavidenio365\\vendor\\laravel\\framework\\src\\Illuminate\\Database\\Connection.php(816): Illuminate\\Database\\Connection->Illuminate\\Database\\{closure}('select table_na...', Array)
#9 C:\\Users\\User\\Desktop\\ING DAVID VEGA\\FULLSTACK\\MundoNavidenio365\\vendor\\laravel\\framework\\src\\Illuminate\\Database\\Connection.php(783): Illuminate\\Database\\Connection->runQueryCallback('select table_na...', Array, Object(Closure))
#10 C:\\Users\\User\\Desktop\\ING DAVID VEGA\\FULLSTACK\\MundoNavidenio365\\vendor\\laravel\\framework\\src\\Illuminate\\Database\\Connection.php(414): Illuminate\\Database\\Connection->run('select table_na...', Array, Object(Closure))
#11 C:\\Users\\User\\Desktop\\ING DAVID VEGA\\FULLSTACK\\MundoNavidenio365\\vendor\\laravel\\framework\\src\\Illuminate\\Database\\Connection.php(401): Illuminate\\Database\\Connection->select('select table_na...', Array, false)
#12 C:\\Users\\User\\Desktop\\ING DAVID VEGA\\FULLSTACK\\MundoNavidenio365\\vendor\\laravel\\framework\\src\\Illuminate\\Database\\Schema\\MySqlBuilder.php(41): Illuminate\\Database\\Connection->selectFromWriteConnection('select table_na...')
#13 C:\\Users\\User\\Desktop\\ING DAVID VEGA\\FULLSTACK\\MundoNavidenio365\\vendor\\laravel\\framework\\src\\Illuminate\\Database\\Schema\\Builder.php(165): Illuminate\\Database\\Schema\\MySqlBuilder->getTables(false)
#14 C:\\Users\\User\\Desktop\\ING DAVID VEGA\\FULLSTACK\\MundoNavidenio365\\vendor\\laravel\\framework\\src\\Illuminate\\Database\\Migrations\\DatabaseMigrationRepository.php(184): Illuminate\\Database\\Schema\\Builder->hasTable('migrations')
#15 C:\\Users\\User\\Desktop\\ING DAVID VEGA\\FULLSTACK\\MundoNavidenio365\\vendor\\laravel\\framework\\src\\Illuminate\\Database\\Migrations\\Migrator.php(727): Illuminate\\Database\\Migrations\\DatabaseMigrationRepository->repositoryExists()
#16 C:\\Users\\User\\Desktop\\ING DAVID VEGA\\FULLSTACK\\MundoNavidenio365\\vendor\\laravel\\framework\\src\\Illuminate\\Database\\Console\\Migrations\\MigrateCommand.php(140): Illuminate\\Database\\Migrations\\Migrator->repositoryExists()
#17 C:\\Users\\User\\Desktop\\ING DAVID VEGA\\FULLSTACK\\MundoNavidenio365\\vendor\\laravel\\framework\\src\\Illuminate\\Support\\helpers.php(261): Illuminate\\Database\\Console\\Migrations\\MigrateCommand->Illuminate\\Database\\Console\\Migrations\\{closure}(1)
#18 C:\\Users\\User\\Desktop\\ING DAVID VEGA\\FULLSTACK\\MundoNavidenio365\\vendor\\laravel\\framework\\src\\Illuminate\\Database\\Console\\Migrations\\MigrateCommand.php(140): retry(1, Object(Closure), 0, Object(Closure))
#19 C:\\Users\\User\\Desktop\\ING DAVID VEGA\\FULLSTACK\\MundoNavidenio365\\vendor\\laravel\\framework\\src\\Illuminate\\Database\\Console\\Migrations\\MigrateCommand.php(116): Illuminate\\Database\\Console\\Migrations\\MigrateCommand->repositoryExists()
#20 C:\\Users\\User\\Desktop\\ING DAVID VEGA\\FULLSTACK\\MundoNavidenio365\\vendor\\laravel\\framework\\src\\Illuminate\\Database\\Console\\Migrations\\MigrateCommand.php(84): Illuminate\\Database\\Console\\Migrations\\MigrateCommand->prepareDatabase()
#21 C:\\Users\\User\\Desktop\\ING DAVID VEGA\\FULLSTACK\\MundoNavidenio365\\vendor\\laravel\\framework\\src\\Illuminate\\Database\\Migrations\\Migrator.php(641): Illuminate\\Database\\Console\\Migrations\\MigrateCommand->Illuminate\\Database\\Console\\Migrations\\{closure}()
#22 C:\\Users\\User\\Desktop\\ING DAVID VEGA\\FULLSTACK\\MundoNavidenio365\\vendor\\laravel\\framework\\src\\Illuminate\\Database\\Console\\Migrations\\MigrateCommand.php(83): Illuminate\\Database\\Migrations\\Migrator->usingConnection(NULL, Object(Closure))
#23 C:\\Users\\User\\Desktop\\ING DAVID VEGA\\FULLSTACK\\MundoNavidenio365\\vendor\\laravel\\framework\\src\\Illuminate\\Container\\BoundMethod.php(36): Illuminate\\Database\\Console\\Migrations\\MigrateCommand->handle()
#24 C:\\Users\\User\\Desktop\\ING DAVID VEGA\\FULLSTACK\\MundoNavidenio365\\vendor\\laravel\\framework\\src\\Illuminate\\Container\\Util.php(41): Illuminate\\Container\\BoundMethod::Illuminate\\Container\\{closure}()
#25 C:\\Users\\User\\Desktop\\ING DAVID VEGA\\FULLSTACK\\MundoNavidenio365\\vendor\\laravel\\framework\\src\\Illuminate\\Container\\BoundMethod.php(93): Illuminate\\Container\\Util::unwrapIfClosure(Object(Closure))
#26 C:\\Users\\User\\Desktop\\ING DAVID VEGA\\FULLSTACK\\MundoNavidenio365\\vendor\\laravel\\framework\\src\\Illuminate\\Container\\BoundMethod.php(35): Illuminate\\Container\\BoundMethod::callBoundMethod(Object(Illuminate\\Foundation\\Application), Array, Object(Closure))
#27 C:\\Users\\User\\Desktop\\ING DAVID VEGA\\FULLSTACK\\MundoNavidenio365\\vendor\\laravel\\framework\\src\\Illuminate\\Container\\Container.php(662): Illuminate\\Container\\BoundMethod::call(Object(Illuminate\\Foundation\\Application), Array, Array, NULL)
#28 C:\\Users\\User\\Desktop\\ING DAVID VEGA\\FULLSTACK\\MundoNavidenio365\\vendor\\laravel\\framework\\src\\Illuminate\\Console\\Command.php(211): Illuminate\\Container\\Container->call(Array)
#29 C:\\Users\\User\\Desktop\\ING DAVID VEGA\\FULLSTACK\\MundoNavidenio365\\vendor\\symfony\\console\\Command\\Command.php(326): Illuminate\\Console\\Command->execute(Object(Symfony\\Component\\Console\\Input\\ArgvInput), Object(Illuminate\\Console\\OutputStyle))
#30 C:\\Users\\User\\Desktop\\ING DAVID VEGA\\FULLSTACK\\MundoNavidenio365\\vendor\\laravel\\framework\\src\\Illuminate\\Console\\Command.php(180): Symfony\\Component\\Console\\Command\\Command->run(Object(Symfony\\Component\\Console\\Input\\ArgvInput), Object(Illuminate\\Console\\OutputStyle))
#31 C:\\Users\\User\\Desktop\\ING DAVID VEGA\\FULLSTACK\\MundoNavidenio365\\vendor\\symfony\\console\\Application.php(1096): Illuminate\\Console\\Command->run(Object(Symfony\\Component\\Console\\Input\\ArgvInput), Object(Symfony\\Component\\Console\\Output\\ConsoleOutput))
#32 C:\\Users\\User\\Desktop\\ING DAVID VEGA\\FULLSTACK\\MundoNavidenio365\\vendor\\symfony\\console\\Application.php(324): Symfony\\Component\\Console\\Application->doRunCommand(Object(Illuminate\\Database\\Console\\Migrations\\MigrateCommand), Object(Symfony\\Component\\Console\\Input\\ArgvInput), Object(Symfony\\Component\\Console\\Output\\ConsoleOutput))
#33 C:\\Users\\User\\Desktop\\ING DAVID VEGA\\FULLSTACK\\MundoNavidenio365\\vendor\\symfony\\console\\Application.php(175): Symfony\\Component\\Console\\Application->doRun(Object(Symfony\\Component\\Console\\Input\\ArgvInput), Object(Symfony\\Component\\Console\\Output\\ConsoleOutput))
#34 C:\\Users\\User\\Desktop\\ING DAVID VEGA\\FULLSTACK\\MundoNavidenio365\\vendor\\laravel\\framework\\src\\Illuminate\\Foundation\\Console\\Kernel.php(201): Symfony\\Component\\Console\\Application->run(Object(Symfony\\Component\\Console\\Input\\ArgvInput), Object(Symfony\\Component\\Console\\Output\\ConsoleOutput))
#35 C:\\Users\\User\\Desktop\\ING DAVID VEGA\\FULLSTACK\\MundoNavidenio365\\artisan(35): Illuminate\\Foundation\\Console\\Kernel->handle(Object(Symfony\\Component\\Console\\Input\\ArgvInput), Object(Symfony\\Component\\Console\\Output\\ConsoleOutput))
#36 {main}
"} 
[2026-01-25 06:15:10] local.ERROR: SQLSTATE[HY000] [1045] Access denied for user 'mundonav_navidad'@'localhost' (using password: YES) (Connection: mysql, SQL: select `id`, `nombre_comercial`, `razon_social`, `ruc`, `correo`, `telefono`, `direccion`, `tipo_contribuyente`, `regimen`, `created_by`, `updated_by`, `created_at`, `updated_at` from `empresas` limit 1) {"exception":"[object] (Illuminate\\Database\\QueryException(code: 1045): SQLSTATE[HY000] [1045] Access denied for user 'mundonav_navidad'@'localhost' (using password: YES) (Connection: mysql, SQL: select `id`, `nombre_comercial`, `razon_social`, `ruc`, `correo`, `telefono`, `direccion`, `tipo_contribuyente`, `regimen`, `created_by`, `updated_by`, `created_at`, `updated_at` from `empresas` limit 1) at C:\\Users\\User\\Desktop\\ING DAVID VEGA\\FULLSTACK\\MundoNavidenio365\\vendor\\laravel\\framework\\src\\Illuminate\\Database\\Connection.php:829)
[stacktrace]
#0 C:\\Users\\User\\Desktop\\ING DAVID VEGA\\FULLSTACK\\MundoNavidenio365\\vendor\\laravel\\framework\\src\\Illuminate\\Database\\Connection.php(783): Illuminate\\Database\\Connection->runQueryCallback('select `id`, `n...', Array, Object(Closure))
#1 C:\\Users\\User\\Desktop\\ING DAVID VEGA\\FULLSTACK\\MundoNavidenio365\\vendor\\laravel\\framework\\src\\Illuminate\\Database\\Connection.php(414): Illuminate\\Database\\Connection->run('select `id`, `n...', Array, Object(Closure))
#2 C:\\Users\\User\\Desktop\\ING DAVID VEGA\\FULLSTACK\\MundoNavidenio365\\vendor\\laravel\\framework\\src\\Illuminate\\Database\\Query\\Builder.php(2913): Illuminate\\Database\\Connection->select('select `id`, `n...', Array, true)
#3 C:\\Users\\User\\Desktop\\ING DAVID VEGA\\FULLSTACK\\MundoNavidenio365\\vendor\\laravel\\framework\\src\\Illuminate\\Database\\Query\\Builder.php(2902): Illuminate\\Database\\Query\\Builder->runSelect()
#4 C:\\Users\\User\\Desktop\\ING DAVID VEGA\\FULLSTACK\\MundoNavidenio365\\vendor\\laravel\\framework\\src\\Illuminate\\Database\\Query\\Builder.php(3456): Illuminate\\Database\\Query\\Builder->Illuminate\\Database\\Query\\{closure}()
#5 C:\\Users\\User\\Desktop\\ING DAVID VEGA\\FULLSTACK\\MundoNavidenio365\\vendor\\laravel\\framework\\src\\Illuminate\\Database\\Query\\Builder.php(2901): Illuminate\\Database\\Query\\Builder->onceWithColumns(Array, Object(Closure))
#6 C:\\Users\\User\\Desktop\\ING DAVID VEGA\\FULLSTACK\\MundoNavidenio365\\vendor\\laravel\\framework\\src\\Illuminate\\Database\\Eloquent\\Builder.php(739): Illuminate\\Database\\Query\\Builder->get(Array)
#7 C:\\Users\\User\\Desktop\\ING DAVID VEGA\\FULLSTACK\\MundoNavidenio365\\vendor\\laravel\\framework\\src\\Illuminate\\Database\\Eloquent\\Builder.php(723): Illuminate\\Database\\Eloquent\\Builder->getModels(Array)
#8 C:\\Users\\User\\Desktop\\ING DAVID VEGA\\FULLSTACK\\MundoNavidenio365\\vendor\\laravel\\framework\\src\\Illuminate\\Database\\Concerns\\BuildsQueries.php(333): Illuminate\\Database\\Eloquent\\Builder->get(Array)
#9 C:\\Users\\User\\Desktop\\ING DAVID VEGA\\FULLSTACK\\MundoNavidenio365\\app\\Http\\Middleware\\HandleInertiaRequests.php(36): Illuminate\\Database\\Eloquent\\Builder->first()
#10 C:\\Users\\User\\Desktop\\ING DAVID VEGA\\FULLSTACK\\MundoNavidenio365\\vendor\\inertiajs\\inertia-laravel\\src\\Middleware.php(84): App\\Http\\Middleware\\HandleInertiaRequests->share(Object(Illuminate\\Http\\Request))
#11 C:\\Users\\User\\Desktop\\ING DAVID VEGA\\FULLSTACK\\MundoNavidenio365\\vendor\\laravel\\framework\\src\\Illuminate\\Pipeline\\Pipeline.php(183): Inertia\\Middleware->handle(Object(Illuminate\\Http\\Request), Object(Closure))
#12 C:\\Users\\User\\Desktop\\ING DAVID VEGA\\FULLSTACK\\MundoNavidenio365\\vendor\\laravel\\framework\\src\\Illuminate\\Routing\\Middleware\\SubstituteBindings.php(50): Illuminate\\Pipeline\\Pipeline->Illuminate\\Pipeline\\{closure}(Object(Illuminate\\Http\\Request))
#13 C:\\Users\\User\\Desktop\\ING DAVID VEGA\\FULLSTACK\\MundoNavidenio365\\vendor\\laravel\\framework\\src\\Illuminate\\Pipeline\\Pipeline.php(183): Illuminate\\Routing\\Middleware\\SubstituteBindings->handle(Object(Illuminate\\Http\\Request), Object(Closure))
#14 C:\\Users\\User\\Desktop\\ING DAVID VEGA\\FULLSTACK\\MundoNavidenio365\\vendor\\laravel\\framework\\src\\Illuminate\\Foundation\\Http\\Middleware\\VerifyCsrfToken.php(78): Illuminate\\Pipeline\\Pipeline->Illuminate\\Pipeline\\{closure}(Object(Illuminate\\Http\\Request))
#15 C:\\Users\\User\\Desktop\\ING DAVID VEGA\\FULLSTACK\\MundoNavidenio365\\vendor\\laravel\\framework\\src\\Illuminate\\Pipeline\\Pipeline.php(183): Illuminate\\Foundation\\Http\\Middleware\\VerifyCsrfToken->handle(Object(Illuminate\\Http\\Request), Object(Closure))
#16 C:\\Users\\User\\Desktop\\ING DAVID VEGA\\FULLSTACK\\MundoNavidenio365\\vendor\\laravel\\framework\\src\\Illuminate\\View\\Middleware\\ShareErrorsFromSession.php(49): Illuminate\\Pipeline\\Pipeline->Illuminate\\Pipeline\\{closure}(Object(Illuminate\\Http\\Request))
#17 C:\\Users\\User\\Desktop\\ING DAVID VEGA\\FULLSTACK\\MundoNavidenio365\\vendor\\laravel\\framework\\src\\Illuminate\\Pipeline\\Pipeline.php(183): Illuminate\\View\\Middleware\\ShareErrorsFromSession->handle(Object(Illuminate\\Http\\Request), Object(Closure))
#18 C:\\Users\\User\\Desktop\\ING DAVID VEGA\\FULLSTACK\\MundoNavidenio365\\vendor\\laravel\\framework\\src\\Illuminate\\Session\\Middleware\\StartSession.php(121): Illuminate\\Pipeline\\Pipeline->Illuminate\\Pipeline\\{closure}(Object(Illuminate\\Http\\Request))
#19 C:\\Users\\User\\Desktop\\ING DAVID VEGA\\FULLSTACK\\MundoNavidenio365\\vendor\\laravel\\framework\\src\\Illuminate\\Session\\Middleware\\StartSession.php(64): Illuminate\\Session\\Middleware\\StartSession->handleStatefulRequest(Object(Illuminate\\Http\\Request), Object(Illuminate\\Session\\Store), Object(Closure))
#20 C:\\Users\\User\\Desktop\\ING DAVID VEGA\\FULLSTACK\\MundoNavidenio365\\vendor\\laravel\\framework\\src\\Illuminate\\Pipeline\\Pipeline.php(183): Illuminate\\Session\\Middleware\\StartSession->handle(Object(Illuminate\\Http\\Request), Object(Closure))
#21 C:\\Users\\User\\Desktop\\ING DAVID VEGA\\FULLSTACK\\MundoNavidenio365\\vendor\\laravel\\framework\\src\\Illuminate\\Cookie\\Middleware\\AddQueuedCookiesToResponse.php(37): Illuminate\\Pipeline\\Pipeline->Illuminate\\Pipeline\\{closure}(Object(Illuminate\\Http\\Request))
#22 C:\\Users\\User\\Desktop\\ING DAVID VEGA\\FULLSTACK\\MundoNavidenio365\\vendor\\laravel\\framework\\src\\Illuminate\\Pipeline\\Pipeline.php(183): Illuminate\\Cookie\\Middleware\\AddQueuedCookiesToResponse->handle(Object(Illuminate\\Http\\Request), Object(Closure))
#23 C:\\Users\\User\\Desktop\\ING DAVID VEGA\\FULLSTACK\\MundoNavidenio365\\vendor\\laravel\\framework\\src\\Illuminate\\Cookie\\Middleware\\EncryptCookies.php(67): Illuminate\\Pipeline\\Pipeline->Illuminate\\Pipeline\\{closure}(Object(Illuminate\\Http\\Request))
#24 C:\\Users\\User\\Desktop\\ING DAVID VEGA\\FULLSTACK\\MundoNavidenio365\\vendor\\laravel\\framework\\src\\Illuminate\\Pipeline\\Pipeline.php(183): Illuminate\\Cookie\\Middleware\\EncryptCookies->handle(Object(Illuminate\\Http\\Request), Object(Closure))
#25 C:\\Users\\User\\Desktop\\ING DAVID VEGA\\FULLSTACK\\MundoNavidenio365\\vendor\\laravel\\framework\\src\\Illuminate\\Pipeline\\Pipeline.php(119): Illuminate\\Pipeline\\Pipeline->Illuminate\\Pipeline\\{closure}(Object(Illuminate\\Http\\Request))
#26 C:\\Users\\User\\Desktop\\ING DAVID VEGA\\FULLSTACK\\MundoNavidenio365\\vendor\\laravel\\framework\\src\\Illuminate\\Routing\\Router.php(805): Illuminate\\Pipeline\\Pipeline->then(Object(Closure))
#27 C:\\Users\\User\\Desktop\\ING DAVID VEGA\\FULLSTACK\\MundoNavidenio365\\vendor\\laravel\\framework\\src\\Illuminate\\Routing\\Router.php(784): Illuminate\\Routing\\Router->runRouteWithinStack(Object(Illuminate\\Routing\\Route), Object(Illuminate\\Http\\Request))
#28 C:\\Users\\User\\Desktop\\ING DAVID VEGA\\FULLSTACK\\MundoNavidenio365\\vendor\\laravel\\framework\\src\\Illuminate\\Routing\\Router.php(748): Illuminate\\Routing\\Router->runRoute(Object(Illuminate\\Http\\Request), Object(Illuminate\\Routing\\Route))
#29 C:\\Users\\User\\Desktop\\ING DAVID VEGA\\FULLSTACK\\MundoNavidenio365\\vendor\\laravel\\framework\\src\\Illuminate\\Routing\\Router.php(737): Illuminate\\Routing\\Router->dispatchToRoute(Object(Illuminate\\Http\\Request))
#30 C:\\Users\\User\\Desktop\\ING DAVID VEGA\\FULLSTACK\\MundoNavidenio365\\vendor\\laravel\\framework\\src\\Illuminate\\Foundation\\Http\\Kernel.php(200): Illuminate\\Routing\\Router->dispatch(Object(Illuminate\\Http\\Request))
#31 C:\\Users\\User\\Desktop\\ING DAVID VEGA\\FULLSTACK\\MundoNavidenio365\\vendor\\laravel\\framework\\src\\Illuminate\\Pipeline\\Pipeline.php(144): Illuminate\\Foundation\\Http\\Kernel->Illuminate\\Foundation\\Http\\{closure}(Object(Illuminate\\Http\\Request))
#32 C:\\Users\\User\\Desktop\\ING DAVID VEGA\\FULLSTACK\\MundoNavidenio365\\vendor\\laravel\\framework\\src\\Illuminate\\Foundation\\Http\\Middleware\\TransformsRequest.php(21): Illuminate\\Pipeline\\Pipeline->Illuminate\\Pipeline\\{closure}(Object(Illuminate\\Http\\Request))
#33 C:\\Users\\User\\Desktop\\ING DAVID VEGA\\FULLSTACK\\MundoNavidenio365\\vendor\\laravel\\framework\\src\\Illuminate\\Foundation\\Http\\Middleware\\ConvertEmptyStringsToNull.php(31): Illuminate\\Foundation\\Http\\Middleware\\TransformsRequest->handle(Object(Illuminate\\Http\\Request), Object(Closure))
#34 C:\\Users\\User\\Desktop\\ING DAVID VEGA\\FULLSTACK\\MundoNavidenio365\\vendor\\laravel\\framework\\src\\Illuminate\\Pipeline\\Pipeline.php(183): Illuminate\\Foundation\\Http\\Middleware\\ConvertEmptyStringsToNull->handle(Object(Illuminate\\Http\\Request), Object(Closure))
#35 C:\\Users\\User\\Desktop\\ING DAVID VEGA\\FULLSTACK\\MundoNavidenio365\\vendor\\laravel\\framework\\src\\Illuminate\\Foundation\\Http\\Middleware\\TransformsRequest.php(21): Illuminate\\Pipeline\\Pipeline->Illuminate\\Pipeline\\{closure}(Object(Illuminate\\Http\\Request))
#36 C:\\Users\\User\\Desktop\\ING DAVID VEGA\\FULLSTACK\\MundoNavidenio365\\vendor\\laravel\\framework\\src\\Illuminate\\Foundation\\Http\\Middleware\\TrimStrings.php(40): Illuminate\\Foundation\\Http\\Middleware\\TransformsRequest->handle(Object(Illuminate\\Http\\Request), Object(Closure))
#37 C:\\Users\\User\\Desktop\\ING DAVID VEGA\\FULLSTACK\\MundoNavidenio365\\vendor\\laravel\\framework\\src\\Illuminate\\Pipeline\\Pipeline.php(183): Illuminate\\Foundation\\Http\\Middleware\\TrimStrings->handle(Object(Illuminate\\Http\\Request), Object(Closure))
#38 C:\\Users\\User\\Desktop\\ING DAVID VEGA\\FULLSTACK\\MundoNavidenio365\\vendor\\laravel\\framework\\src\\Illuminate\\Foundation\\Http\\Middleware\\ValidatePostSize.php(27): Illuminate\\Pipeline\\Pipeline->Illuminate\\Pipeline\\{closure}(Object(Illuminate\\Http\\Request))
#39 C:\\Users\\User\\Desktop\\ING DAVID VEGA\\FULLSTACK\\MundoNavidenio365\\vendor\\laravel\\framework\\src\\Illuminate\\Pipeline\\Pipeline.php(183): Illuminate\\Foundation\\Http\\Middleware\\ValidatePostSize->handle(Object(Illuminate\\Http\\Request), Object(Closure))
#40 C:\\Users\\User\\Desktop\\ING DAVID VEGA\\FULLSTACK\\MundoNavidenio365\\vendor\\laravel\\framework\\src\\Illuminate\\Foundation\\Http\\Middleware\\PreventRequestsDuringMaintenance.php(99): Illuminate\\Pipeline\\Pipeline->Illuminate\\Pipeline\\{closure}(Object(Illuminate\\Http\\Request))
#41 C:\\Users\\User\\Desktop\\ING DAVID VEGA\\FULLSTACK\\MundoNavidenio365\\vendor\\laravel\\framework\\src\\Illuminate\\Pipeline\\Pipeline.php(183): Illuminate\\Foundation\\Http\\Middleware\\PreventRequestsDuringMaintenance->handle(Object(Illuminate\\Http\\Request), Object(Closure))
#42 C:\\Users\\User\\Desktop\\ING DAVID VEGA\\FULLSTACK\\MundoNavidenio365\\vendor\\laravel\\framework\\src\\Illuminate\\Http\\Middleware\\HandleCors.php(49): Illuminate\\Pipeline\\Pipeline->Illuminate\\Pipeline\\{closure}(Object(Illuminate\\Http\\Request))
#43 C:\\Users\\User\\Desktop\\ING DAVID VEGA\\FULLSTACK\\MundoNavidenio365\\vendor\\laravel\\framework\\src\\Illuminate\\Pipeline\\Pipeline.php(183): Illuminate\\Http\\Middleware\\HandleCors->handle(Object(Illuminate\\Http\\Request), Object(Closure))
#44 C:\\Users\\User\\Desktop\\ING DAVID VEGA\\FULLSTACK\\MundoNavidenio365\\vendor\\laravel\\framework\\src\\Illuminate\\Http\\Middleware\\TrustProxies.php(39): Illuminate\\Pipeline\\Pipeline->Illuminate\\Pipeline\\{closure}(Object(Illuminate\\Http\\Request))
#45 C:\\Users\\User\\Desktop\\ING DAVID VEGA\\FULLSTACK\\MundoNavidenio365\\vendor\\laravel\\framework\\src\\Illuminate\\Pipeline\\Pipeline.php(183): Illuminate\\Http\\Middleware\\TrustProxies->handle(Object(Illuminate\\Http\\Request), Object(Closure))
#46 C:\\Users\\User\\Desktop\\ING DAVID VEGA\\FULLSTACK\\MundoNavidenio365\\vendor\\laravel\\framework\\src\\Illuminate\\Pipeline\\Pipeline.php(119): Illuminate\\Pipeline\\Pipeline->Illuminate\\Pipeline\\{closure}(Object(Illuminate\\Http\\Request))
#47 C:\\Users\\User\\Desktop\\ING DAVID VEGA\\FULLSTACK\\MundoNavidenio365\\vendor\\laravel\\framework\\src\\Illuminate\\Foundation\\Http\\Kernel.php(175): Illuminate\\Pipeline\\Pipeline->then(Object(Closure))
#48 C:\\Users\\User\\Desktop\\ING DAVID VEGA\\FULLSTACK\\MundoNavidenio365\\vendor\\laravel\\framework\\src\\Illuminate\\Foundation\\Http\\Kernel.php(144): Illuminate\\Foundation\\Http\\Kernel->sendRequestThroughRouter(Object(Illuminate\\Http\\Request))
#49 C:\\Users\\User\\Desktop\\ING DAVID VEGA\\FULLSTACK\\MundoNavidenio365\\public\\index.php(51): Illuminate\\Foundation\\Http\\Kernel->handle(Object(Illuminate\\Http\\Request))
#50 C:\\Users\\User\\Desktop\\ING DAVID VEGA\\FULLSTACK\\MundoNavidenio365\\vendor\\laravel\\framework\\src\\Illuminate\\Foundation\\resources\\server.php(16): require_once('C:\\\\Users\\\\User\\\\D...')
#51 {main}

[previous exception] [object] (PDOException(code: 1045): SQLSTATE[HY000] [1045] Access denied for user 'mundonav_navidad'@'localhost' (using password: YES) at C:\\Users\\User\\Desktop\\ING DAVID VEGA\\FULLSTACK\\MundoNavidenio365\\vendor\\laravel\\framework\\src\\Illuminate\\Database\\Connectors\\Connector.php:65)
[stacktrace]
#0 C:\\Users\\User\\Desktop\\ING DAVID VEGA\\FULLSTACK\\MundoNavidenio365\\vendor\\laravel\\framework\\src\\Illuminate\\Database\\Connectors\\Connector.php(65): PDO->__construct('mysql:host=127....', 'mundonav_navida...', Object(SensitiveParameterValue), Array)
#1 C:\\Users\\User\\Desktop\\ING DAVID VEGA\\FULLSTACK\\MundoNavidenio365\\vendor\\laravel\\framework\\src\\Illuminate\\Database\\Connectors\\Connector.php(44): Illuminate\\Database\\Connectors\\Connector->createPdoConnection('mysql:host=127....', 'mundonav_navida...', 'admin', Array)
#2 C:\\Users\\User\\Desktop\\ING DAVID VEGA\\FULLSTACK\\MundoNavidenio365\\vendor\\laravel\\framework\\src\\Illuminate\\Database\\Connectors\\MySqlConnector.php(24): Illuminate\\Database\\Connectors\\Connector->createConnection('mysql:host=127....', Array, Array)
#3 C:\\Users\\User\\Desktop\\ING DAVID VEGA\\FULLSTACK\\MundoNavidenio365\\vendor\\laravel\\framework\\src\\Illuminate\\Database\\Connectors\\ConnectionFactory.php(184): Illuminate\\Database\\Connectors\\MySqlConnector->connect(Array)
#4 [internal function]: Illuminate\\Database\\Connectors\\ConnectionFactory->Illuminate\\Database\\Connectors\\{closure}()
#5 C:\\Users\\User\\Desktop\\ING DAVID VEGA\\FULLSTACK\\MundoNavidenio365\\vendor\\laravel\\framework\\src\\Illuminate\\Database\\Connection.php(1339): call_user_func(Object(Closure))
#6 C:\\Users\\User\\Desktop\\ING DAVID VEGA\\FULLSTACK\\MundoNavidenio365\\vendor\\laravel\\framework\\src\\Illuminate\\Database\\Connection.php(1375): Illuminate\\Database\\Connection->getPdo()
#7 C:\\Users\\User\\Desktop\\ING DAVID VEGA\\FULLSTACK\\MundoNavidenio365\\vendor\\laravel\\framework\\src\\Illuminate\\Database\\Connection.php(528): Illuminate\\Database\\Connection->getReadPdo()
#8 C:\\Users\\User\\Desktop\\ING DAVID VEGA\\FULLSTACK\\MundoNavidenio365\\vendor\\laravel\\framework\\src\\Illuminate\\Database\\Connection.php(423): Illuminate\\Database\\Connection->getPdoForSelect(true)
#9 C:\\Users\\User\\Desktop\\ING DAVID VEGA\\FULLSTACK\\MundoNavidenio365\\vendor\\laravel\\framework\\src\\Illuminate\\Database\\Connection.php(816): Illuminate\\Database\\Connection->Illuminate\\Database\\{closure}('select `id`, `n...', Array)
#10 C:\\Users\\User\\Desktop\\ING DAVID VEGA\\FULLSTACK\\MundoNavidenio365\\vendor\\laravel\\framework\\src\\Illuminate\\Database\\Connection.php(783): Illuminate\\Database\\Connection->runQueryCallback('select `id`, `n...', Array, Object(Closure))
#11 C:\\Users\\User\\Desktop\\ING DAVID VEGA\\FULLSTACK\\MundoNavidenio365\\vendor\\laravel\\framework\\src\\Illuminate\\Database\\Connection.php(414): Illuminate\\Database\\Connection->run('select `id`, `n...', Array, Object(Closure))
#12 C:\\Users\\User\\Desktop\\ING DAVID VEGA\\FULLSTACK\\MundoNavidenio365\\vendor\\laravel\\framework\\src\\Illuminate\\Database\\Query\\Builder.php(2913): Illuminate\\Database\\Connection->select('select `id`, `n...', Array, true)
#13 C:\\Users\\User\\Desktop\\ING DAVID VEGA\\FULLSTACK\\MundoNavidenio365\\vendor\\laravel\\framework\\src\\Illuminate\\Database\\Query\\Builder.php(2902): Illuminate\\Database\\Query\\Builder->runSelect()
#14 C:\\Users\\User\\Desktop\\ING DAVID VEGA\\FULLSTACK\\MundoNavidenio365\\vendor\\laravel\\framework\\src\\Illuminate\\Database\\Query\\Builder.php(3456): Illuminate\\Database\\Query\\Builder->Illuminate\\Database\\Query\\{closure}()
#15 C:\\Users\\User\\Desktop\\ING DAVID VEGA\\FULLSTACK\\MundoNavidenio365\\vendor\\laravel\\framework\\src\\Illuminate\\Database\\Query\\Builder.php(2901): Illuminate\\Database\\Query\\Builder->onceWithColumns(Array, Object(Closure))
#16 C:\\Users\\User\\Desktop\\ING DAVID VEGA\\FULLSTACK\\MundoNavidenio365\\vendor\\laravel\\framework\\src\\Illuminate\\Database\\Eloquent\\Builder.php(739): Illuminate\\Database\\Query\\Builder->get(Array)
#17 C:\\Users\\User\\Desktop\\ING DAVID VEGA\\FULLSTACK\\MundoNavidenio365\\vendor\\laravel\\framework\\src\\Illuminate\\Database\\Eloquent\\Builder.php(723): Illuminate\\Database\\Eloquent\\Builder->getModels(Array)
#18 C:\\Users\\User\\Desktop\\ING DAVID VEGA\\FULLSTACK\\MundoNavidenio365\\vendor\\laravel\\framework\\src\\Illuminate\\Database\\Concerns\\BuildsQueries.php(333): Illuminate\\Database\\Eloquent\\Builder->get(Array)
#19 C:\\Users\\User\\Desktop\\ING DAVID VEGA\\FULLSTACK\\MundoNavidenio365\\app\\Http\\Middleware\\HandleInertiaRequests.php(36): Illuminate\\Database\\Eloquent\\Builder->first()
#20 C:\\Users\\User\\Desktop\\ING DAVID VEGA\\FULLSTACK\\MundoNavidenio365\\vendor\\inertiajs\\inertia-laravel\\src\\Middleware.php(84): App\\Http\\Middleware\\HandleInertiaRequests->share(Object(Illuminate\\Http\\Request))
#21 C:\\Users\\User\\Desktop\\ING DAVID VEGA\\FULLSTACK\\MundoNavidenio365\\vendor\\laravel\\framework\\src\\Illuminate\\Pipeline\\Pipeline.php(183): Inertia\\Middleware->handle(Object(Illuminate\\Http\\Request), Object(Closure))
#22 C:\\Users\\User\\Desktop\\ING DAVID VEGA\\FULLSTACK\\MundoNavidenio365\\vendor\\laravel\\framework\\src\\Illuminate\\Routing\\Middleware\\SubstituteBindings.php(50): Illuminate\\Pipeline\\Pipeline->Illuminate\\Pipeline\\{closure}(Object(Illuminate\\Http\\Request))
#23 C:\\Users\\User\\Desktop\\ING DAVID VEGA\\FULLSTACK\\MundoNavidenio365\\vendor\\laravel\\framework\\src\\Illuminate\\Pipeline\\Pipeline.php(183): Illuminate\\Routing\\Middleware\\SubstituteBindings->handle(Object(Illuminate\\Http\\Request), Object(Closure))
#24 C:\\Users\\User\\Desktop\\ING DAVID VEGA\\FULLSTACK\\MundoNavidenio365\\vendor\\laravel\\framework\\src\\Illuminate\\Foundation\\Http\\Middleware\\VerifyCsrfToken.php(78): Illuminate\\Pipeline\\Pipeline->Illuminate\\Pipeline\\{closure}(Object(Illuminate\\Http\\Request))
#25 C:\\Users\\User\\Desktop\\ING DAVID VEGA\\FULLSTACK\\MundoNavidenio365\\vendor\\laravel\\framework\\src\\Illuminate\\Pipeline\\Pipeline.php(183): Illuminate\\Foundation\\Http\\Middleware\\VerifyCsrfToken->handle(Object(Illuminate\\Http\\Request), Object(Closure))
#26 C:\\Users\\User\\Desktop\\ING DAVID VEGA\\FULLSTACK\\MundoNavidenio365\\vendor\\laravel\\framework\\src\\Illuminate\\View\\Middleware\\ShareErrorsFromSession.php(49): Illuminate\\Pipeline\\Pipeline->Illuminate\\Pipeline\\{closure}(Object(Illuminate\\Http\\Request))
#27 C:\\Users\\User\\Desktop\\ING DAVID VEGA\\FULLSTACK\\MundoNavidenio365\\vendor\\laravel\\framework\\src\\Illuminate\\Pipeline\\Pipeline.php(183): Illuminate\\View\\Middleware\\ShareErrorsFromSession->handle(Object(Illuminate\\Http\\Request), Object(Closure))
#28 C:\\Users\\User\\Desktop\\ING DAVID VEGA\\FULLSTACK\\MundoNavidenio365\\vendor\\laravel\\framework\\src\\Illuminate\\Session\\Middleware\\StartSession.php(121): Illuminate\\Pipeline\\Pipeline->Illuminate\\Pipeline\\{closure}(Object(Illuminate\\Http\\Request))
#29 C:\\Users\\User\\Desktop\\ING DAVID VEGA\\FULLSTACK\\MundoNavidenio365\\vendor\\laravel\\framework\\src\\Illuminate\\Session\\Middleware\\StartSession.php(64): Illuminate\\Session\\Middleware\\StartSession->handleStatefulRequest(Object(Illuminate\\Http\\Request), Object(Illuminate\\Session\\Store), Object(Closure))
#30 C:\\Users\\User\\Desktop\\ING DAVID VEGA\\FULLSTACK\\MundoNavidenio365\\vendor\\laravel\\framework\\src\\Illuminate\\Pipeline\\Pipeline.php(183): Illuminate\\Session\\Middleware\\StartSession->handle(Object(Illuminate\\Http\\Request), Object(Closure))
#31 C:\\Users\\User\\Desktop\\ING DAVID VEGA\\FULLSTACK\\MundoNavidenio365\\vendor\\laravel\\framework\\src\\Illuminate\\Cookie\\Middleware\\AddQueuedCookiesToResponse.php(37): Illuminate\\Pipeline\\Pipeline->Illuminate\\Pipeline\\{closure}(Object(Illuminate\\Http\\Request))
#32 C:\\Users\\User\\Desktop\\ING DAVID VEGA\\FULLSTACK\\MundoNavidenio365\\vendor\\laravel\\framework\\src\\Illuminate\\Pipeline\\Pipeline.php(183): Illuminate\\Cookie\\Middleware\\AddQueuedCookiesToResponse->handle(Object(Illuminate\\Http\\Request), Object(Closure))
#33 C:\\Users\\User\\Desktop\\ING DAVID VEGA\\FULLSTACK\\MundoNavidenio365\\vendor\\laravel\\framework\\src\\Illuminate\\Cookie\\Middleware\\EncryptCookies.php(67): Illuminate\\Pipeline\\Pipeline->Illuminate\\Pipeline\\{closure}(Object(Illuminate\\Http\\Request))
#34 C:\\Users\\User\\Desktop\\ING DAVID VEGA\\FULLSTACK\\MundoNavidenio365\\vendor\\laravel\\framework\\src\\Illuminate\\Pipeline\\Pipeline.php(183): Illuminate\\Cookie\\Middleware\\EncryptCookies->handle(Object(Illuminate\\Http\\Request), Object(Closure))
#35 C:\\Users\\User\\Desktop\\ING DAVID VEGA\\FULLSTACK\\MundoNavidenio365\\vendor\\laravel\\framework\\src\\Illuminate\\Pipeline\\Pipeline.php(119): Illuminate\\Pipeline\\Pipeline->Illuminate\\Pipeline\\{closure}(Object(Illuminate\\Http\\Request))
#36 C:\\Users\\User\\Desktop\\ING DAVID VEGA\\FULLSTACK\\MundoNavidenio365\\vendor\\laravel\\framework\\src\\Illuminate\\Routing\\Router.php(805): Illuminate\\Pipeline\\Pipeline->then(Object(Closure))
#37 C:\\Users\\User\\Desktop\\ING DAVID VEGA\\FULLSTACK\\MundoNavidenio365\\vendor\\laravel\\framework\\src\\Illuminate\\Routing\\Router.php(784): Illuminate\\Routing\\Router->runRouteWithinStack(Object(Illuminate\\Routing\\Route), Object(Illuminate\\Http\\Request))
#38 C:\\Users\\User\\Desktop\\ING DAVID VEGA\\FULLSTACK\\MundoNavidenio365\\vendor\\laravel\\framework\\src\\Illuminate\\Routing\\Router.php(748): Illuminate\\Routing\\Router->runRoute(Object(Illuminate\\Http\\Request), Object(Illuminate\\Routing\\Route))
#39 C:\\Users\\User\\Desktop\\ING DAVID VEGA\\FULLSTACK\\MundoNavidenio365\\vendor\\laravel\\framework\\src\\Illuminate\\Routing\\Router.php(737): Illuminate\\Routing\\Router->dispatchToRoute(Object(Illuminate\\Http\\Request))
#40 C:\\Users\\User\\Desktop\\ING DAVID VEGA\\FULLSTACK\\MundoNavidenio365\\vendor\\laravel\\framework\\src\\Illuminate\\Foundation\\Http\\Kernel.php(200): Illuminate\\Routing\\Router->dispatch(Object(Illuminate\\Http\\Request))
#41 C:\\Users\\User\\Desktop\\ING DAVID VEGA\\FULLSTACK\\MundoNavidenio365\\vendor\\laravel\\framework\\src\\Illuminate\\Pipeline\\Pipeline.php(144): Illuminate\\Foundation\\Http\\Kernel->Illuminate\\Foundation\\Http\\{closure}(Object(Illuminate\\Http\\Request))
#42 C:\\Users\\User\\Desktop\\ING DAVID VEGA\\FULLSTACK\\MundoNavidenio365\\vendor\\laravel\\framework\\src\\Illuminate\\Foundation\\Http\\Middleware\\TransformsRequest.php(21): Illuminate\\Pipeline\\Pipeline->Illuminate\\Pipeline\\{closure}(Object(Illuminate\\Http\\Request))
#43 C:\\Users\\User\\Desktop\\ING DAVID VEGA\\FULLSTACK\\MundoNavidenio365\\vendor\\laravel\\framework\\src\\Illuminate\\Foundation\\Http\\Middleware\\ConvertEmptyStringsToNull.php(31): Illuminate\\Foundation\\Http\\Middleware\\TransformsRequest->handle(Object(Illuminate\\Http\\Request), Object(Closure))
#44 C:\\Users\\User\\Desktop\\ING DAVID VEGA\\FULLSTACK\\MundoNavidenio365\\vendor\\laravel\\framework\\src\\Illuminate\\Pipeline\\Pipeline.php(183): Illuminate\\Foundation\\Http\\Middleware\\ConvertEmptyStringsToNull->handle(Object(Illuminate\\Http\\Request), Object(Closure))
#45 C:\\Users\\User\\Desktop\\ING DAVID VEGA\\FULLSTACK\\MundoNavidenio365\\vendor\\laravel\\framework\\src\\Illuminate\\Foundation\\Http\\Middleware\\TransformsRequest.php(21): Illuminate\\Pipeline\\Pipeline->Illuminate\\Pipeline\\{closure}(Object(Illuminate\\Http\\Request))
#46 C:\\Users\\User\\Desktop\\ING DAVID VEGA\\FULLSTACK\\MundoNavidenio365\\vendor\\laravel\\framework\\src\\Illuminate\\Foundation\\Http\\Middleware\\TrimStrings.php(40): Illuminate\\Foundation\\Http\\Middleware\\TransformsRequest->handle(Object(Illuminate\\Http\\Request), Object(Closure))
#47 C:\\Users\\User\\Desktop\\ING DAVID VEGA\\FULLSTACK\\MundoNavidenio365\\vendor\\laravel\\framework\\src\\Illuminate\\Pipeline\\Pipeline.php(183): Illuminate\\Foundation\\Http\\Middleware\\TrimStrings->handle(Object(Illuminate\\Http\\Request), Object(Closure))
#48 C:\\Users\\User\\Desktop\\ING DAVID VEGA\\FULLSTACK\\MundoNavidenio365\\vendor\\laravel\\framework\\src\\Illuminate\\Foundation\\Http\\Middleware\\ValidatePostSize.php(27): Illuminate\\Pipeline\\Pipeline->Illuminate\\Pipeline\\{closure}(Object(Illuminate\\Http\\Request))
#49 C:\\Users\\User\\Desktop\\ING DAVID VEGA\\FULLSTACK\\MundoNavidenio365\\vendor\\laravel\\framework\\src\\Illuminate\\Pipeline\\Pipeline.php(183): Illuminate\\Foundation\\Http\\Middleware\\ValidatePostSize->handle(Object(Illuminate\\Http\\Request), Object(Closure))
#50 C:\\Users\\User\\Desktop\\ING DAVID VEGA\\FULLSTACK\\MundoNavidenio365\\vendor\\laravel\\framework\\src\\Illuminate\\Foundation\\Http\\Middleware\\PreventRequestsDuringMaintenance.php(99): Illuminate\\Pipeline\\Pipeline->Illuminate\\Pipeline\\{closure}(Object(Illuminate\\Http\\Request))
#51 C:\\Users\\User\\Desktop\\ING DAVID VEGA\\FULLSTACK\\MundoNavidenio365\\vendor\\laravel\\framework\\src\\Illuminate\\Pipeline\\Pipeline.php(183): Illuminate\\Foundation\\Http\\Middleware\\PreventRequestsDuringMaintenance->handle(Object(Illuminate\\Http\\Request), Object(Closure))
#52 C:\\Users\\User\\Desktop\\ING DAVID VEGA\\FULLSTACK\\MundoNavidenio365\\vendor\\laravel\\framework\\src\\Illuminate\\Http\\Middleware\\HandleCors.php(49): Illuminate\\Pipeline\\Pipeline->Illuminate\\Pipeline\\{closure}(Object(Illuminate\\Http\\Request))
#53 C:\\Users\\User\\Desktop\\ING DAVID VEGA\\FULLSTACK\\MundoNavidenio365\\vendor\\laravel\\framework\\src\\Illuminate\\Pipeline\\Pipeline.php(183): Illuminate\\Http\\Middleware\\HandleCors->handle(Object(Illuminate\\Http\\Request), Object(Closure))
#54 C:\\Users\\User\\Desktop\\ING DAVID VEGA\\FULLSTACK\\MundoNavidenio365\\vendor\\laravel\\framework\\src\\Illuminate\\Http\\Middleware\\TrustProxies.php(39): Illuminate\\Pipeline\\Pipeline->Illuminate\\Pipeline\\{closure}(Object(Illuminate\\Http\\Request))
#55 C:\\Users\\User\\Desktop\\ING DAVID VEGA\\FULLSTACK\\MundoNavidenio365\\vendor\\laravel\\framework\\src\\Illuminate\\Pipeline\\Pipeline.php(183): Illuminate\\Http\\Middleware\\TrustProxies->handle(Object(Illuminate\\Http\\Request), Object(Closure))
#56 C:\\Users\\User\\Desktop\\ING DAVID VEGA\\FULLSTACK\\MundoNavidenio365\\vendor\\laravel\\framework\\src\\Illuminate\\Pipeline\\Pipeline.php(119): Illuminate\\Pipeline\\Pipeline->Illuminate\\Pipeline\\{closure}(Object(Illuminate\\Http\\Request))
#57 C:\\Users\\User\\Desktop\\ING DAVID VEGA\\FULLSTACK\\MundoNavidenio365\\vendor\\laravel\\framework\\src\\Illuminate\\Foundation\\Http\\Kernel.php(175): Illuminate\\Pipeline\\Pipeline->then(Object(Closure))
#58 C:\\Users\\User\\Desktop\\ING DAVID VEGA\\FULLSTACK\\MundoNavidenio365\\vendor\\laravel\\framework\\src\\Illuminate\\Foundation\\Http\\Kernel.php(144): Illuminate\\Foundation\\Http\\Kernel->sendRequestThroughRouter(Object(Illuminate\\Http\\Request))
#59 C:\\Users\\User\\Desktop\\ING DAVID VEGA\\FULLSTACK\\MundoNavidenio365\\public\\index.php(51): Illuminate\\Foundation\\Http\\Kernel->handle(Object(Illuminate\\Http\\Request))
#60 C:\\Users\\User\\Desktop\\ING DAVID VEGA\\FULLSTACK\\MundoNavidenio365\\vendor\\laravel\\framework\\src\\Illuminate\\Foundation\\resources\\server.php(16): require_once('C:\\\\Users\\\\User\\\\D...')
#61 {main}
"} 
[2026-01-25 06:15:53] local.ERROR: SQLSTATE[HY000] [1049] Unknown database 'mundonav_navidad' (Connection: mysql, SQL: select `id`, `nombre_comercial`, `razon_social`, `ruc`, `correo`, `telefono`, `direccion`, `tipo_contribuyente`, `regimen`, `created_by`, `updated_by`, `created_at`, `updated_at` from `empresas` limit 1) {"exception":"[object] (Illuminate\\Database\\QueryException(code: 1049): SQLSTATE[HY000] [1049] Unknown database 'mundonav_navidad' (Connection: mysql, SQL: select `id`, `nombre_comercial`, `razon_social`, `ruc`, `correo`, `telefono`, `direccion`, `tipo_contribuyente`, `regimen`, `created_by`, `updated_by`, `created_at`, `updated_at` from `empresas` limit 1) at C:\\Users\\User\\Desktop\\ING DAVID VEGA\\FULLSTACK\\MundoNavidenio365\\vendor\\laravel\\framework\\src\\Illuminate\\Database\\Connection.php:829)
[stacktrace]
#0 C:\\Users\\User\\Desktop\\ING DAVID VEGA\\FULLSTACK\\MundoNavidenio365\\vendor\\laravel\\framework\\src\\Illuminate\\Database\\Connection.php(783): Illuminate\\Database\\Connection->runQueryCallback('select `id`, `n...', Array, Object(Closure))
#1 C:\\Users\\User\\Desktop\\ING DAVID VEGA\\FULLSTACK\\MundoNavidenio365\\vendor\\laravel\\framework\\src\\Illuminate\\Database\\Connection.php(414): Illuminate\\Database\\Connection->run('select `id`, `n...', Array, Object(Closure))
#2 C:\\Users\\User\\Desktop\\ING DAVID VEGA\\FULLSTACK\\MundoNavidenio365\\vendor\\laravel\\framework\\src\\Illuminate\\Database\\Query\\Builder.php(2913): Illuminate\\Database\\Connection->select('select `id`, `n...', Array, true)
#3 C:\\Users\\User\\Desktop\\ING DAVID VEGA\\FULLSTACK\\MundoNavidenio365\\vendor\\laravel\\framework\\src\\Illuminate\\Database\\Query\\Builder.php(2902): Illuminate\\Database\\Query\\Builder->runSelect()
#4 C:\\Users\\User\\Desktop\\ING DAVID VEGA\\FULLSTACK\\MundoNavidenio365\\vendor\\laravel\\framework\\src\\Illuminate\\Database\\Query\\Builder.php(3456): Illuminate\\Database\\Query\\Builder->Illuminate\\Database\\Query\\{closure}()
#5 C:\\Users\\User\\Desktop\\ING DAVID VEGA\\FULLSTACK\\MundoNavidenio365\\vendor\\laravel\\framework\\src\\Illuminate\\Database\\Query\\Builder.php(2901): Illuminate\\Database\\Query\\Builder->onceWithColumns(Array, Object(Closure))
#6 C:\\Users\\User\\Desktop\\ING DAVID VEGA\\FULLSTACK\\MundoNavidenio365\\vendor\\laravel\\framework\\src\\Illuminate\\Database\\Eloquent\\Builder.php(739): Illuminate\\Database\\Query\\Builder->get(Array)
#7 C:\\Users\\User\\Desktop\\ING DAVID VEGA\\FULLSTACK\\MundoNavidenio365\\vendor\\laravel\\framework\\src\\Illuminate\\Database\\Eloquent\\Builder.php(723): Illuminate\\Database\\Eloquent\\Builder->getModels(Array)
#8 C:\\Users\\User\\Desktop\\ING DAVID VEGA\\FULLSTACK\\MundoNavidenio365\\vendor\\laravel\\framework\\src\\Illuminate\\Database\\Concerns\\BuildsQueries.php(333): Illuminate\\Database\\Eloquent\\Builder->get(Array)
#9 C:\\Users\\User\\Desktop\\ING DAVID VEGA\\FULLSTACK\\MundoNavidenio365\\app\\Http\\Middleware\\HandleInertiaRequests.php(36): Illuminate\\Database\\Eloquent\\Builder->first()
#10 C:\\Users\\User\\Desktop\\ING DAVID VEGA\\FULLSTACK\\MundoNavidenio365\\vendor\\inertiajs\\inertia-laravel\\src\\Middleware.php(84): App\\Http\\Middleware\\HandleInertiaRequests->share(Object(Illuminate\\Http\\Request))
#11 C:\\Users\\User\\Desktop\\ING DAVID VEGA\\FULLSTACK\\MundoNavidenio365\\vendor\\laravel\\framework\\src\\Illuminate\\Pipeline\\Pipeline.php(183): Inertia\\Middleware->handle(Object(Illuminate\\Http\\Request), Object(Closure))
#12 C:\\Users\\User\\Desktop\\ING DAVID VEGA\\FULLSTACK\\MundoNavidenio365\\vendor\\laravel\\framework\\src\\Illuminate\\Routing\\Middleware\\SubstituteBindings.php(50): Illuminate\\Pipeline\\Pipeline->Illuminate\\Pipeline\\{closure}(Object(Illuminate\\Http\\Request))
#13 C:\\Users\\User\\Desktop\\ING DAVID VEGA\\FULLSTACK\\MundoNavidenio365\\vendor\\laravel\\framework\\src\\Illuminate\\Pipeline\\Pipeline.php(183): Illuminate\\Routing\\Middleware\\SubstituteBindings->handle(Object(Illuminate\\Http\\Request), Object(Closure))
#14 C:\\Users\\User\\Desktop\\ING DAVID VEGA\\FULLSTACK\\MundoNavidenio365\\vendor\\laravel\\framework\\src\\Illuminate\\Foundation\\Http\\Middleware\\VerifyCsrfToken.php(78): Illuminate\\Pipeline\\Pipeline->Illuminate\\Pipeline\\{closure}(Object(Illuminate\\Http\\Request))
#15 C:\\Users\\User\\Desktop\\ING DAVID VEGA\\FULLSTACK\\MundoNavidenio365\\vendor\\laravel\\framework\\src\\Illuminate\\Pipeline\\Pipeline.php(183): Illuminate\\Foundation\\Http\\Middleware\\VerifyCsrfToken->handle(Object(Illuminate\\Http\\Request), Object(Closure))
#16 C:\\Users\\User\\Desktop\\ING DAVID VEGA\\FULLSTACK\\MundoNavidenio365\\vendor\\laravel\\framework\\src\\Illuminate\\View\\Middleware\\ShareErrorsFromSession.php(49): Illuminate\\Pipeline\\Pipeline->Illuminate\\Pipeline\\{closure}(Object(Illuminate\\Http\\Request))
#17 C:\\Users\\User\\Desktop\\ING DAVID VEGA\\FULLSTACK\\MundoNavidenio365\\vendor\\laravel\\framework\\src\\Illuminate\\Pipeline\\Pipeline.php(183): Illuminate\\View\\Middleware\\ShareErrorsFromSession->handle(Object(Illuminate\\Http\\Request), Object(Closure))
#18 C:\\Users\\User\\Desktop\\ING DAVID VEGA\\FULLSTACK\\MundoNavidenio365\\vendor\\laravel\\framework\\src\\Illuminate\\Session\\Middleware\\StartSession.php(121): Illuminate\\Pipeline\\Pipeline->Illuminate\\Pipeline\\{closure}(Object(Illuminate\\Http\\Request))
#19 C:\\Users\\User\\Desktop\\ING DAVID VEGA\\FULLSTACK\\MundoNavidenio365\\vendor\\laravel\\framework\\src\\Illuminate\\Session\\Middleware\\StartSession.php(64): Illuminate\\Session\\Middleware\\StartSession->handleStatefulRequest(Object(Illuminate\\Http\\Request), Object(Illuminate\\Session\\Store), Object(Closure))
#20 C:\\Users\\User\\Desktop\\ING DAVID VEGA\\FULLSTACK\\MundoNavidenio365\\vendor\\laravel\\framework\\src\\Illuminate\\Pipeline\\Pipeline.php(183): Illuminate\\Session\\Middleware\\StartSession->handle(Object(Illuminate\\Http\\Request), Object(Closure))
#21 C:\\Users\\User\\Desktop\\ING DAVID VEGA\\FULLSTACK\\MundoNavidenio365\\vendor\\laravel\\framework\\src\\Illuminate\\Cookie\\Middleware\\AddQueuedCookiesToResponse.php(37): Illuminate\\Pipeline\\Pipeline->Illuminate\\Pipeline\\{closure}(Object(Illuminate\\Http\\Request))
#22 C:\\Users\\User\\Desktop\\ING DAVID VEGA\\FULLSTACK\\MundoNavidenio365\\vendor\\laravel\\framework\\src\\Illuminate\\Pipeline\\Pipeline.php(183): Illuminate\\Cookie\\Middleware\\AddQueuedCookiesToResponse->handle(Object(Illuminate\\Http\\Request), Object(Closure))
#23 C:\\Users\\User\\Desktop\\ING DAVID VEGA\\FULLSTACK\\MundoNavidenio365\\vendor\\laravel\\framework\\src\\Illuminate\\Cookie\\Middleware\\EncryptCookies.php(67): Illuminate\\Pipeline\\Pipeline->Illuminate\\Pipeline\\{closure}(Object(Illuminate\\Http\\Request))
#24 C:\\Users\\User\\Desktop\\ING DAVID VEGA\\FULLSTACK\\MundoNavidenio365\\vendor\\laravel\\framework\\src\\Illuminate\\Pipeline\\Pipeline.php(183): Illuminate\\Cookie\\Middleware\\EncryptCookies->handle(Object(Illuminate\\Http\\Request), Object(Closure))
#25 C:\\Users\\User\\Desktop\\ING DAVID VEGA\\FULLSTACK\\MundoNavidenio365\\vendor\\laravel\\framework\\src\\Illuminate\\Pipeline\\Pipeline.php(119): Illuminate\\Pipeline\\Pipeline->Illuminate\\Pipeline\\{closure}(Object(Illuminate\\Http\\Request))
#26 C:\\Users\\User\\Desktop\\ING DAVID VEGA\\FULLSTACK\\MundoNavidenio365\\vendor\\laravel\\framework\\src\\Illuminate\\Routing\\Router.php(805): Illuminate\\Pipeline\\Pipeline->then(Object(Closure))
#27 C:\\Users\\User\\Desktop\\ING DAVID VEGA\\FULLSTACK\\MundoNavidenio365\\vendor\\laravel\\framework\\src\\Illuminate\\Routing\\Router.php(784): Illuminate\\Routing\\Router->runRouteWithinStack(Object(Illuminate\\Routing\\Route), Object(Illuminate\\Http\\Request))
#28 C:\\Users\\User\\Desktop\\ING DAVID VEGA\\FULLSTACK\\MundoNavidenio365\\vendor\\laravel\\framework\\src\\Illuminate\\Routing\\Router.php(748): Illuminate\\Routing\\Router->runRoute(Object(Illuminate\\Http\\Request), Object(Illuminate\\Routing\\Route))
#29 C:\\Users\\User\\Desktop\\ING DAVID VEGA\\FULLSTACK\\MundoNavidenio365\\vendor\\laravel\\framework\\src\\Illuminate\\Routing\\Router.php(737): Illuminate\\Routing\\Router->dispatchToRoute(Object(Illuminate\\Http\\Request))
#30 C:\\Users\\User\\Desktop\\ING DAVID VEGA\\FULLSTACK\\MundoNavidenio365\\vendor\\laravel\\framework\\src\\Illuminate\\Foundation\\Http\\Kernel.php(200): Illuminate\\Routing\\Router->dispatch(Object(Illuminate\\Http\\Request))
#31 C:\\Users\\User\\Desktop\\ING DAVID VEGA\\FULLSTACK\\MundoNavidenio365\\vendor\\laravel\\framework\\src\\Illuminate\\Pipeline\\Pipeline.php(144): Illuminate\\Foundation\\Http\\Kernel->Illuminate\\Foundation\\Http\\{closure}(Object(Illuminate\\Http\\Request))
#32 C:\\Users\\User\\Desktop\\ING DAVID VEGA\\FULLSTACK\\MundoNavidenio365\\vendor\\laravel\\framework\\src\\Illuminate\\Foundation\\Http\\Middleware\\TransformsRequest.php(21): Illuminate\\Pipeline\\Pipeline->Illuminate\\Pipeline\\{closure}(Object(Illuminate\\Http\\Request))
#33 C:\\Users\\User\\Desktop\\ING DAVID VEGA\\FULLSTACK\\MundoNavidenio365\\vendor\\laravel\\framework\\src\\Illuminate\\Foundation\\Http\\Middleware\\ConvertEmptyStringsToNull.php(31): Illuminate\\Foundation\\Http\\Middleware\\TransformsRequest->handle(Object(Illuminate\\Http\\Request), Object(Closure))
#34 C:\\Users\\User\\Desktop\\ING DAVID VEGA\\FULLSTACK\\MundoNavidenio365\\vendor\\laravel\\framework\\src\\Illuminate\\Pipeline\\Pipeline.php(183): Illuminate\\Foundation\\Http\\Middleware\\ConvertEmptyStringsToNull->handle(Object(Illuminate\\Http\\Request), Object(Closure))
#35 C:\\Users\\User\\Desktop\\ING DAVID VEGA\\FULLSTACK\\MundoNavidenio365\\vendor\\laravel\\framework\\src\\Illuminate\\Foundation\\Http\\Middleware\\TransformsRequest.php(21): Illuminate\\Pipeline\\Pipeline->Illuminate\\Pipeline\\{closure}(Object(Illuminate\\Http\\Request))
#36 C:\\Users\\User\\Desktop\\ING DAVID VEGA\\FULLSTACK\\MundoNavidenio365\\vendor\\laravel\\framework\\src\\Illuminate\\Foundation\\Http\\Middleware\\TrimStrings.php(40): Illuminate\\Foundation\\Http\\Middleware\\TransformsRequest->handle(Object(Illuminate\\Http\\Request), Object(Closure))
#37 C:\\Users\\User\\Desktop\\ING DAVID VEGA\\FULLSTACK\\MundoNavidenio365\\vendor\\laravel\\framework\\src\\Illuminate\\Pipeline\\Pipeline.php(183): Illuminate\\Foundation\\Http\\Middleware\\TrimStrings->handle(Object(Illuminate\\Http\\Request), Object(Closure))
#38 C:\\Users\\User\\Desktop\\ING DAVID VEGA\\FULLSTACK\\MundoNavidenio365\\vendor\\laravel\\framework\\src\\Illuminate\\Foundation\\Http\\Middleware\\ValidatePostSize.php(27): Illuminate\\Pipeline\\Pipeline->Illuminate\\Pipeline\\{closure}(Object(Illuminate\\Http\\Request))
#39 C:\\Users\\User\\Desktop\\ING DAVID VEGA\\FULLSTACK\\MundoNavidenio365\\vendor\\laravel\\framework\\src\\Illuminate\\Pipeline\\Pipeline.php(183): Illuminate\\Foundation\\Http\\Middleware\\ValidatePostSize->handle(Object(Illuminate\\Http\\Request), Object(Closure))
#40 C:\\Users\\User\\Desktop\\ING DAVID VEGA\\FULLSTACK\\MundoNavidenio365\\vendor\\laravel\\framework\\src\\Illuminate\\Foundation\\Http\\Middleware\\PreventRequestsDuringMaintenance.php(99): Illuminate\\Pipeline\\Pipeline->Illuminate\\Pipeline\\{closure}(Object(Illuminate\\Http\\Request))
#41 C:\\Users\\User\\Desktop\\ING DAVID VEGA\\FULLSTACK\\MundoNavidenio365\\vendor\\laravel\\framework\\src\\Illuminate\\Pipeline\\Pipeline.php(183): Illuminate\\Foundation\\Http\\Middleware\\PreventRequestsDuringMaintenance->handle(Object(Illuminate\\Http\\Request), Object(Closure))
#42 C:\\Users\\User\\Desktop\\ING DAVID VEGA\\FULLSTACK\\MundoNavidenio365\\vendor\\laravel\\framework\\src\\Illuminate\\Http\\Middleware\\HandleCors.php(49): Illuminate\\Pipeline\\Pipeline->Illuminate\\Pipeline\\{closure}(Object(Illuminate\\Http\\Request))
#43 C:\\Users\\User\\Desktop\\ING DAVID VEGA\\FULLSTACK\\MundoNavidenio365\\vendor\\laravel\\framework\\src\\Illuminate\\Pipeline\\Pipeline.php(183): Illuminate\\Http\\Middleware\\HandleCors->handle(Object(Illuminate\\Http\\Request), Object(Closure))
#44 C:\\Users\\User\\Desktop\\ING DAVID VEGA\\FULLSTACK\\MundoNavidenio365\\vendor\\laravel\\framework\\src\\Illuminate\\Http\\Middleware\\TrustProxies.php(39): Illuminate\\Pipeline\\Pipeline->Illuminate\\Pipeline\\{closure}(Object(Illuminate\\Http\\Request))
#45 C:\\Users\\User\\Desktop\\ING DAVID VEGA\\FULLSTACK\\MundoNavidenio365\\vendor\\laravel\\framework\\src\\Illuminate\\Pipeline\\Pipeline.php(183): Illuminate\\Http\\Middleware\\TrustProxies->handle(Object(Illuminate\\Http\\Request), Object(Closure))
#46 C:\\Users\\User\\Desktop\\ING DAVID VEGA\\FULLSTACK\\MundoNavidenio365\\vendor\\laravel\\framework\\src\\Illuminate\\Pipeline\\Pipeline.php(119): Illuminate\\Pipeline\\Pipeline->Illuminate\\Pipeline\\{closure}(Object(Illuminate\\Http\\Request))
#47 C:\\Users\\User\\Desktop\\ING DAVID VEGA\\FULLSTACK\\MundoNavidenio365\\vendor\\laravel\\framework\\src\\Illuminate\\Foundation\\Http\\Kernel.php(175): Illuminate\\Pipeline\\Pipeline->then(Object(Closure))
#48 C:\\Users\\User\\Desktop\\ING DAVID VEGA\\FULLSTACK\\MundoNavidenio365\\vendor\\laravel\\framework\\src\\Illuminate\\Foundation\\Http\\Kernel.php(144): Illuminate\\Foundation\\Http\\Kernel->sendRequestThroughRouter(Object(Illuminate\\Http\\Request))
#49 C:\\Users\\User\\Desktop\\ING DAVID VEGA\\FULLSTACK\\MundoNavidenio365\\public\\index.php(51): Illuminate\\Foundation\\Http\\Kernel->handle(Object(Illuminate\\Http\\Request))
#50 C:\\Users\\User\\Desktop\\ING DAVID VEGA\\FULLSTACK\\MundoNavidenio365\\vendor\\laravel\\framework\\src\\Illuminate\\Foundation\\resources\\server.php(16): require_once('C:\\\\Users\\\\User\\\\D...')
#51 {main}

[previous exception] [object] (PDOException(code: 1049): SQLSTATE[HY000] [1049] Unknown database 'mundonav_navidad' at C:\\Users\\User\\Desktop\\ING DAVID VEGA\\FULLSTACK\\MundoNavidenio365\\vendor\\laravel\\framework\\src\\Illuminate\\Database\\Connectors\\Connector.php:65)
[stacktrace]
#0 C:\\Users\\User\\Desktop\\ING DAVID VEGA\\FULLSTACK\\MundoNavidenio365\\vendor\\laravel\\framework\\src\\Illuminate\\Database\\Connectors\\Connector.php(65): PDO->__construct('mysql:host=127....', 'root', Object(SensitiveParameterValue), Array)
#1 C:\\Users\\User\\Desktop\\ING DAVID VEGA\\FULLSTACK\\MundoNavidenio365\\vendor\\laravel\\framework\\src\\Illuminate\\Database\\Connectors\\Connector.php(44): Illuminate\\Database\\Connectors\\Connector->createPdoConnection('mysql:host=127....', 'root', 'admin', Array)
#2 C:\\Users\\User\\Desktop\\ING DAVID VEGA\\FULLSTACK\\MundoNavidenio365\\vendor\\laravel\\framework\\src\\Illuminate\\Database\\Connectors\\MySqlConnector.php(24): Illuminate\\Database\\Connectors\\Connector->createConnection('mysql:host=127....', Array, Array)
#3 C:\\Users\\User\\Desktop\\ING DAVID VEGA\\FULLSTACK\\MundoNavidenio365\\vendor\\laravel\\framework\\src\\Illuminate\\Database\\Connectors\\ConnectionFactory.php(184): Illuminate\\Database\\Connectors\\MySqlConnector->connect(Array)
#4 [internal function]: Illuminate\\Database\\Connectors\\ConnectionFactory->Illuminate\\Database\\Connectors\\{closure}()
#5 C:\\Users\\User\\Desktop\\ING DAVID VEGA\\FULLSTACK\\MundoNavidenio365\\vendor\\laravel\\framework\\src\\Illuminate\\Database\\Connection.php(1339): call_user_func(Object(Closure))
#6 C:\\Users\\User\\Desktop\\ING DAVID VEGA\\FULLSTACK\\MundoNavidenio365\\vendor\\laravel\\framework\\src\\Illuminate\\Database\\Connection.php(1375): Illuminate\\Database\\Connection->getPdo()
#7 C:\\Users\\User\\Desktop\\ING DAVID VEGA\\FULLSTACK\\MundoNavidenio365\\vendor\\laravel\\framework\\src\\Illuminate\\Database\\Connection.php(528): Illuminate\\Database\\Connection->getReadPdo()
#8 C:\\Users\\User\\Desktop\\ING DAVID VEGA\\FULLSTACK\\MundoNavidenio365\\vendor\\laravel\\framework\\src\\Illuminate\\Database\\Connection.php(423): Illuminate\\Database\\Connection->getPdoForSelect(true)
#9 C:\\Users\\User\\Desktop\\ING DAVID VEGA\\FULLSTACK\\MundoNavidenio365\\vendor\\laravel\\framework\\src\\Illuminate\\Database\\Connection.php(816): Illuminate\\Database\\Connection->Illuminate\\Database\\{closure}('select `id`, `n...', Array)
#10 C:\\Users\\User\\Desktop\\ING DAVID VEGA\\FULLSTACK\\MundoNavidenio365\\vendor\\laravel\\framework\\src\\Illuminate\\Database\\Connection.php(783): Illuminate\\Database\\Connection->runQueryCallback('select `id`, `n...', Array, Object(Closure))
#11 C:\\Users\\User\\Desktop\\ING DAVID VEGA\\FULLSTACK\\MundoNavidenio365\\vendor\\laravel\\framework\\src\\Illuminate\\Database\\Connection.php(414): Illuminate\\Database\\Connection->run('select `id`, `n...', Array, Object(Closure))
#12 C:\\Users\\User\\Desktop\\ING DAVID VEGA\\FULLSTACK\\MundoNavidenio365\\vendor\\laravel\\framework\\src\\Illuminate\\Database\\Query\\Builder.php(2913): Illuminate\\Database\\Connection->select('select `id`, `n...', Array, true)
#13 C:\\Users\\User\\Desktop\\ING DAVID VEGA\\FULLSTACK\\MundoNavidenio365\\vendor\\laravel\\framework\\src\\Illuminate\\Database\\Query\\Builder.php(2902): Illuminate\\Database\\Query\\Builder->runSelect()
#14 C:\\Users\\User\\Desktop\\ING DAVID VEGA\\FULLSTACK\\MundoNavidenio365\\vendor\\laravel\\framework\\src\\Illuminate\\Database\\Query\\Builder.php(3456): Illuminate\\Database\\Query\\Builder->Illuminate\\Database\\Query\\{closure}()
#15 C:\\Users\\User\\Desktop\\ING DAVID VEGA\\FULLSTACK\\MundoNavidenio365\\vendor\\laravel\\framework\\src\\Illuminate\\Database\\Query\\Builder.php(2901): Illuminate\\Database\\Query\\Builder->onceWithColumns(Array, Object(Closure))
#16 C:\\Users\\User\\Desktop\\ING DAVID VEGA\\FULLSTACK\\MundoNavidenio365\\vendor\\laravel\\framework\\src\\Illuminate\\Database\\Eloquent\\Builder.php(739): Illuminate\\Database\\Query\\Builder->get(Array)
#17 C:\\Users\\User\\Desktop\\ING DAVID VEGA\\FULLSTACK\\MundoNavidenio365\\vendor\\laravel\\framework\\src\\Illuminate\\Database\\Eloquent\\Builder.php(723): Illuminate\\Database\\Eloquent\\Builder->getModels(Array)
#18 C:\\Users\\User\\Desktop\\ING DAVID VEGA\\FULLSTACK\\MundoNavidenio365\\vendor\\laravel\\framework\\src\\Illuminate\\Database\\Concerns\\BuildsQueries.php(333): Illuminate\\Database\\Eloquent\\Builder->get(Array)
#19 C:\\Users\\User\\Desktop\\ING DAVID VEGA\\FULLSTACK\\MundoNavidenio365\\app\\Http\\Middleware\\HandleInertiaRequests.php(36): Illuminate\\Database\\Eloquent\\Builder->first()
#20 C:\\Users\\User\\Desktop\\ING DAVID VEGA\\FULLSTACK\\MundoNavidenio365\\vendor\\inertiajs\\inertia-laravel\\src\\Middleware.php(84): App\\Http\\Middleware\\HandleInertiaRequests->share(Object(Illuminate\\Http\\Request))
#21 C:\\Users\\User\\Desktop\\ING DAVID VEGA\\FULLSTACK\\MundoNavidenio365\\vendor\\laravel\\framework\\src\\Illuminate\\Pipeline\\Pipeline.php(183): Inertia\\Middleware->handle(Object(Illuminate\\Http\\Request), Object(Closure))
#22 C:\\Users\\User\\Desktop\\ING DAVID VEGA\\FULLSTACK\\MundoNavidenio365\\vendor\\laravel\\framework\\src\\Illuminate\\Routing\\Middleware\\SubstituteBindings.php(50): Illuminate\\Pipeline\\Pipeline->Illuminate\\Pipeline\\{closure}(Object(Illuminate\\Http\\Request))
#23 C:\\Users\\User\\Desktop\\ING DAVID VEGA\\FULLSTACK\\MundoNavidenio365\\vendor\\laravel\\framework\\src\\Illuminate\\Pipeline\\Pipeline.php(183): Illuminate\\Routing\\Middleware\\SubstituteBindings->handle(Object(Illuminate\\Http\\Request), Object(Closure))
#24 C:\\Users\\User\\Desktop\\ING DAVID VEGA\\FULLSTACK\\MundoNavidenio365\\vendor\\laravel\\framework\\src\\Illuminate\\Foundation\\Http\\Middleware\\VerifyCsrfToken.php(78): Illuminate\\Pipeline\\Pipeline->Illuminate\\Pipeline\\{closure}(Object(Illuminate\\Http\\Request))
#25 C:\\Users\\User\\Desktop\\ING DAVID VEGA\\FULLSTACK\\MundoNavidenio365\\vendor\\laravel\\framework\\src\\Illuminate\\Pipeline\\Pipeline.php(183): Illuminate\\Foundation\\Http\\Middleware\\VerifyCsrfToken->handle(Object(Illuminate\\Http\\Request), Object(Closure))
#26 C:\\Users\\User\\Desktop\\ING DAVID VEGA\\FULLSTACK\\MundoNavidenio365\\vendor\\laravel\\framework\\src\\Illuminate\\View\\Middleware\\ShareErrorsFromSession.php(49): Illuminate\\Pipeline\\Pipeline->Illuminate\\Pipeline\\{closure}(Object(Illuminate\\Http\\Request))
#27 C:\\Users\\User\\Desktop\\ING DAVID VEGA\\FULLSTACK\\MundoNavidenio365\\vendor\\laravel\\framework\\src\\Illuminate\\Pipeline\\Pipeline.php(183): Illuminate\\View\\Middleware\\ShareErrorsFromSession->handle(Object(Illuminate\\Http\\Request), Object(Closure))
#28 C:\\Users\\User\\Desktop\\ING DAVID VEGA\\FULLSTACK\\MundoNavidenio365\\vendor\\laravel\\framework\\src\\Illuminate\\Session\\Middleware\\StartSession.php(121): Illuminate\\Pipeline\\Pipeline->Illuminate\\Pipeline\\{closure}(Object(Illuminate\\Http\\Request))
#29 C:\\Users\\User\\Desktop\\ING DAVID VEGA\\FULLSTACK\\MundoNavidenio365\\vendor\\laravel\\framework\\src\\Illuminate\\Session\\Middleware\\StartSession.php(64): Illuminate\\Session\\Middleware\\StartSession->handleStatefulRequest(Object(Illuminate\\Http\\Request), Object(Illuminate\\Session\\Store), Object(Closure))
#30 C:\\Users\\User\\Desktop\\ING DAVID VEGA\\FULLSTACK\\MundoNavidenio365\\vendor\\laravel\\framework\\src\\Illuminate\\Pipeline\\Pipeline.php(183): Illuminate\\Session\\Middleware\\StartSession->handle(Object(Illuminate\\Http\\Request), Object(Closure))
#31 C:\\Users\\User\\Desktop\\ING DAVID VEGA\\FULLSTACK\\MundoNavidenio365\\vendor\\laravel\\framework\\src\\Illuminate\\Cookie\\Middleware\\AddQueuedCookiesToResponse.php(37): Illuminate\\Pipeline\\Pipeline->Illuminate\\Pipeline\\{closure}(Object(Illuminate\\Http\\Request))
#32 C:\\Users\\User\\Desktop\\ING DAVID VEGA\\FULLSTACK\\MundoNavidenio365\\vendor\\laravel\\framework\\src\\Illuminate\\Pipeline\\Pipeline.php(183): Illuminate\\Cookie\\Middleware\\AddQueuedCookiesToResponse->handle(Object(Illuminate\\Http\\Request), Object(Closure))
#33 C:\\Users\\User\\Desktop\\ING DAVID VEGA\\FULLSTACK\\MundoNavidenio365\\vendor\\laravel\\framework\\src\\Illuminate\\Cookie\\Middleware\\EncryptCookies.php(67): Illuminate\\Pipeline\\Pipeline->Illuminate\\Pipeline\\{closure}(Object(Illuminate\\Http\\Request))
#34 C:\\Users\\User\\Desktop\\ING DAVID VEGA\\FULLSTACK\\MundoNavidenio365\\vendor\\laravel\\framework\\src\\Illuminate\\Pipeline\\Pipeline.php(183): Illuminate\\Cookie\\Middleware\\EncryptCookies->handle(Object(Illuminate\\Http\\Request), Object(Closure))
#35 C:\\Users\\User\\Desktop\\ING DAVID VEGA\\FULLSTACK\\MundoNavidenio365\\vendor\\laravel\\framework\\src\\Illuminate\\Pipeline\\Pipeline.php(119): Illuminate\\Pipeline\\Pipeline->Illuminate\\Pipeline\\{closure}(Object(Illuminate\\Http\\Request))
#36 C:\\Users\\User\\Desktop\\ING DAVID VEGA\\FULLSTACK\\MundoNavidenio365\\vendor\\laravel\\framework\\src\\Illuminate\\Routing\\Router.php(805): Illuminate\\Pipeline\\Pipeline->then(Object(Closure))
#37 C:\\Users\\User\\Desktop\\ING DAVID VEGA\\FULLSTACK\\MundoNavidenio365\\vendor\\laravel\\framework\\src\\Illuminate\\Routing\\Router.php(784): Illuminate\\Routing\\Router->runRouteWithinStack(Object(Illuminate\\Routing\\Route), Object(Illuminate\\Http\\Request))
#38 C:\\Users\\User\\Desktop\\ING DAVID VEGA\\FULLSTACK\\MundoNavidenio365\\vendor\\laravel\\framework\\src\\Illuminate\\Routing\\Router.php(748): Illuminate\\Routing\\Router->runRoute(Object(Illuminate\\Http\\Request), Object(Illuminate\\Routing\\Route))
#39 C:\\Users\\User\\Desktop\\ING DAVID VEGA\\FULLSTACK\\MundoNavidenio365\\vendor\\laravel\\framework\\src\\Illuminate\\Routing\\Router.php(737): Illuminate\\Routing\\Router->dispatchToRoute(Object(Illuminate\\Http\\Request))
#40 C:\\Users\\User\\Desktop\\ING DAVID VEGA\\FULLSTACK\\MundoNavidenio365\\vendor\\laravel\\framework\\src\\Illuminate\\Foundation\\Http\\Kernel.php(200): Illuminate\\Routing\\Router->dispatch(Object(Illuminate\\Http\\Request))
#41 C:\\Users\\User\\Desktop\\ING DAVID VEGA\\FULLSTACK\\MundoNavidenio365\\vendor\\laravel\\framework\\src\\Illuminate\\Pipeline\\Pipeline.php(144): Illuminate\\Foundation\\Http\\Kernel->Illuminate\\Foundation\\Http\\{closure}(Object(Illuminate\\Http\\Request))
#42 C:\\Users\\User\\Desktop\\ING DAVID VEGA\\FULLSTACK\\MundoNavidenio365\\vendor\\laravel\\framework\\src\\Illuminate\\Foundation\\Http\\Middleware\\TransformsRequest.php(21): Illuminate\\Pipeline\\Pipeline->Illuminate\\Pipeline\\{closure}(Object(Illuminate\\Http\\Request))
#43 C:\\Users\\User\\Desktop\\ING DAVID VEGA\\FULLSTACK\\MundoNavidenio365\\vendor\\laravel\\framework\\src\\Illuminate\\Foundation\\Http\\Middleware\\ConvertEmptyStringsToNull.php(31): Illuminate\\Foundation\\Http\\Middleware\\TransformsRequest->handle(Object(Illuminate\\Http\\Request), Object(Closure))
#44 C:\\Users\\User\\Desktop\\ING DAVID VEGA\\FULLSTACK\\MundoNavidenio365\\vendor\\laravel\\framework\\src\\Illuminate\\Pipeline\\Pipeline.php(183): Illuminate\\Foundation\\Http\\Middleware\\ConvertEmptyStringsToNull->handle(Object(Illuminate\\Http\\Request), Object(Closure))
#45 C:\\Users\\User\\Desktop\\ING DAVID VEGA\\FULLSTACK\\MundoNavidenio365\\vendor\\laravel\\framework\\src\\Illuminate\\Foundation\\Http\\Middleware\\TransformsRequest.php(21): Illuminate\\Pipeline\\Pipeline->Illuminate\\Pipeline\\{closure}(Object(Illuminate\\Http\\Request))
#46 C:\\Users\\User\\Desktop\\ING DAVID VEGA\\FULLSTACK\\MundoNavidenio365\\vendor\\laravel\\framework\\src\\Illuminate\\Foundation\\Http\\Middleware\\TrimStrings.php(40): Illuminate\\Foundation\\Http\\Middleware\\TransformsRequest->handle(Object(Illuminate\\Http\\Request), Object(Closure))
#47 C:\\Users\\User\\Desktop\\ING DAVID VEGA\\FULLSTACK\\MundoNavidenio365\\vendor\\laravel\\framework\\src\\Illuminate\\Pipeline\\Pipeline.php(183): Illuminate\\Foundation\\Http\\Middleware\\TrimStrings->handle(Object(Illuminate\\Http\\Request), Object(Closure))
#48 C:\\Users\\User\\Desktop\\ING DAVID VEGA\\FULLSTACK\\MundoNavidenio365\\vendor\\laravel\\framework\\src\\Illuminate\\Foundation\\Http\\Middleware\\ValidatePostSize.php(27): Illuminate\\Pipeline\\Pipeline->Illuminate\\Pipeline\\{closure}(Object(Illuminate\\Http\\Request))
#49 C:\\Users\\User\\Desktop\\ING DAVID VEGA\\FULLSTACK\\MundoNavidenio365\\vendor\\laravel\\framework\\src\\Illuminate\\Pipeline\\Pipeline.php(183): Illuminate\\Foundation\\Http\\Middleware\\ValidatePostSize->handle(Object(Illuminate\\Http\\Request), Object(Closure))
#50 C:\\Users\\User\\Desktop\\ING DAVID VEGA\\FULLSTACK\\MundoNavidenio365\\vendor\\laravel\\framework\\src\\Illuminate\\Foundation\\Http\\Middleware\\PreventRequestsDuringMaintenance.php(99): Illuminate\\Pipeline\\Pipeline->Illuminate\\Pipeline\\{closure}(Object(Illuminate\\Http\\Request))
#51 C:\\Users\\User\\Desktop\\ING DAVID VEGA\\FULLSTACK\\MundoNavidenio365\\vendor\\laravel\\framework\\src\\Illuminate\\Pipeline\\Pipeline.php(183): Illuminate\\Foundation\\Http\\Middleware\\PreventRequestsDuringMaintenance->handle(Object(Illuminate\\Http\\Request), Object(Closure))
#52 C:\\Users\\User\\Desktop\\ING DAVID VEGA\\FULLSTACK\\MundoNavidenio365\\vendor\\laravel\\framework\\src\\Illuminate\\Http\\Middleware\\HandleCors.php(49): Illuminate\\Pipeline\\Pipeline->Illuminate\\Pipeline\\{closure}(Object(Illuminate\\Http\\Request))
#53 C:\\Users\\User\\Desktop\\ING DAVID VEGA\\FULLSTACK\\MundoNavidenio365\\vendor\\laravel\\framework\\src\\Illuminate\\Pipeline\\Pipeline.php(183): Illuminate\\Http\\Middleware\\HandleCors->handle(Object(Illuminate\\Http\\Request), Object(Closure))
#54 C:\\Users\\User\\Desktop\\ING DAVID VEGA\\FULLSTACK\\MundoNavidenio365\\vendor\\laravel\\framework\\src\\Illuminate\\Http\\Middleware\\TrustProxies.php(39): Illuminate\\Pipeline\\Pipeline->Illuminate\\Pipeline\\{closure}(Object(Illuminate\\Http\\Request))
#55 C:\\Users\\User\\Desktop\\ING DAVID VEGA\\FULLSTACK\\MundoNavidenio365\\vendor\\laravel\\framework\\src\\Illuminate\\Pipeline\\Pipeline.php(183): Illuminate\\Http\\Middleware\\TrustProxies->handle(Object(Illuminate\\Http\\Request), Object(Closure))
#56 C:\\Users\\User\\Desktop\\ING DAVID VEGA\\FULLSTACK\\MundoNavidenio365\\vendor\\laravel\\framework\\src\\Illuminate\\Pipeline\\Pipeline.php(119): Illuminate\\Pipeline\\Pipeline->Illuminate\\Pipeline\\{closure}(Object(Illuminate\\Http\\Request))
#57 C:\\Users\\User\\Desktop\\ING DAVID VEGA\\FULLSTACK\\MundoNavidenio365\\vendor\\laravel\\framework\\src\\Illuminate\\Foundation\\Http\\Kernel.php(175): Illuminate\\Pipeline\\Pipeline->then(Object(Closure))
#58 C:\\Users\\User\\Desktop\\ING DAVID VEGA\\FULLSTACK\\MundoNavidenio365\\vendor\\laravel\\framework\\src\\Illuminate\\Foundation\\Http\\Kernel.php(144): Illuminate\\Foundation\\Http\\Kernel->sendRequestThroughRouter(Object(Illuminate\\Http\\Request))
#59 C:\\Users\\User\\Desktop\\ING DAVID VEGA\\FULLSTACK\\MundoNavidenio365\\public\\index.php(51): Illuminate\\Foundation\\Http\\Kernel->handle(Object(Illuminate\\Http\\Request))
#60 C:\\Users\\User\\Desktop\\ING DAVID VEGA\\FULLSTACK\\MundoNavidenio365\\vendor\\laravel\\framework\\src\\Illuminate\\Foundation\\resources\\server.php(16): require_once('C:\\\\Users\\\\User\\\\D...')
#61 {main}
"} 
[2026-01-25 06:15:54] local.ERROR: SQLSTATE[HY000] [1049] Unknown database 'mundonav_navidad' (Connection: mysql, SQL: select `id`, `nombre_comercial`, `razon_social`, `ruc`, `correo`, `telefono`, `direccion`, `tipo_contribuyente`, `regimen`, `created_by`, `updated_by`, `created_at`, `updated_at` from `empresas` limit 1) {"exception":"[object] (Illuminate\\Database\\QueryException(code: 1049): SQLSTATE[HY000] [1049] Unknown database 'mundonav_navidad' (Connection: mysql, SQL: select `id`, `nombre_comercial`, `razon_social`, `ruc`, `correo`, `telefono`, `direccion`, `tipo_contribuyente`, `regimen`, `created_by`, `updated_by`, `created_at`, `updated_at` from `empresas` limit 1) at C:\\Users\\User\\Desktop\\ING DAVID VEGA\\FULLSTACK\\MundoNavidenio365\\vendor\\laravel\\framework\\src\\Illuminate\\Database\\Connection.php:829)
[stacktrace]
#0 C:\\Users\\User\\Desktop\\ING DAVID VEGA\\FULLSTACK\\MundoNavidenio365\\vendor\\laravel\\framework\\src\\Illuminate\\Database\\Connection.php(783): Illuminate\\Database\\Connection->runQueryCallback('select `id`, `n...', Array, Object(Closure))
#1 C:\\Users\\User\\Desktop\\ING DAVID VEGA\\FULLSTACK\\MundoNavidenio365\\vendor\\laravel\\framework\\src\\Illuminate\\Database\\Connection.php(414): Illuminate\\Database\\Connection->run('select `id`, `n...', Array, Object(Closure))
#2 C:\\Users\\User\\Desktop\\ING DAVID VEGA\\FULLSTACK\\MundoNavidenio365\\vendor\\laravel\\framework\\src\\Illuminate\\Database\\Query\\Builder.php(2913): Illuminate\\Database\\Connection->select('select `id`, `n...', Array, true)
#3 C:\\Users\\User\\Desktop\\ING DAVID VEGA\\FULLSTACK\\MundoNavidenio365\\vendor\\laravel\\framework\\src\\Illuminate\\Database\\Query\\Builder.php(2902): Illuminate\\Database\\Query\\Builder->runSelect()
#4 C:\\Users\\User\\Desktop\\ING DAVID VEGA\\FULLSTACK\\MundoNavidenio365\\vendor\\laravel\\framework\\src\\Illuminate\\Database\\Query\\Builder.php(3456): Illuminate\\Database\\Query\\Builder->Illuminate\\Database\\Query\\{closure}()
#5 C:\\Users\\User\\Desktop\\ING DAVID VEGA\\FULLSTACK\\MundoNavidenio365\\vendor\\laravel\\framework\\src\\Illuminate\\Database\\Query\\Builder.php(2901): Illuminate\\Database\\Query\\Builder->onceWithColumns(Array, Object(Closure))
#6 C:\\Users\\User\\Desktop\\ING DAVID VEGA\\FULLSTACK\\MundoNavidenio365\\vendor\\laravel\\framework\\src\\Illuminate\\Database\\Eloquent\\Builder.php(739): Illuminate\\Database\\Query\\Builder->get(Array)
#7 C:\\Users\\User\\Desktop\\ING DAVID VEGA\\FULLSTACK\\MundoNavidenio365\\vendor\\laravel\\framework\\src\\Illuminate\\Database\\Eloquent\\Builder.php(723): Illuminate\\Database\\Eloquent\\Builder->getModels(Array)
#8 C:\\Users\\User\\Desktop\\ING DAVID VEGA\\FULLSTACK\\MundoNavidenio365\\vendor\\laravel\\framework\\src\\Illuminate\\Database\\Concerns\\BuildsQueries.php(333): Illuminate\\Database\\Eloquent\\Builder->get(Array)
#9 C:\\Users\\User\\Desktop\\ING DAVID VEGA\\FULLSTACK\\MundoNavidenio365\\app\\Http\\Middleware\\HandleInertiaRequests.php(36): Illuminate\\Database\\Eloquent\\Builder->first()
#10 C:\\Users\\User\\Desktop\\ING DAVID VEGA\\FULLSTACK\\MundoNavidenio365\\vendor\\inertiajs\\inertia-laravel\\src\\Middleware.php(84): App\\Http\\Middleware\\HandleInertiaRequests->share(Object(Illuminate\\Http\\Request))
#11 C:\\Users\\User\\Desktop\\ING DAVID VEGA\\FULLSTACK\\MundoNavidenio365\\vendor\\laravel\\framework\\src\\Illuminate\\Pipeline\\Pipeline.php(183): Inertia\\Middleware->handle(Object(Illuminate\\Http\\Request), Object(Closure))
#12 C:\\Users\\User\\Desktop\\ING DAVID VEGA\\FULLSTACK\\MundoNavidenio365\\vendor\\laravel\\framework\\src\\Illuminate\\Routing\\Middleware\\SubstituteBindings.php(50): Illuminate\\Pipeline\\Pipeline->Illuminate\\Pipeline\\{closure}(Object(Illuminate\\Http\\Request))
#13 C:\\Users\\User\\Desktop\\ING DAVID VEGA\\FULLSTACK\\MundoNavidenio365\\vendor\\laravel\\framework\\src\\Illuminate\\Pipeline\\Pipeline.php(183): Illuminate\\Routing\\Middleware\\SubstituteBindings->handle(Object(Illuminate\\Http\\Request), Object(Closure))
#14 C:\\Users\\User\\Desktop\\ING DAVID VEGA\\FULLSTACK\\MundoNavidenio365\\vendor\\laravel\\framework\\src\\Illuminate\\Foundation\\Http\\Middleware\\VerifyCsrfToken.php(78): Illuminate\\Pipeline\\Pipeline->Illuminate\\Pipeline\\{closure}(Object(Illuminate\\Http\\Request))
#15 C:\\Users\\User\\Desktop\\ING DAVID VEGA\\FULLSTACK\\MundoNavidenio365\\vendor\\laravel\\framework\\src\\Illuminate\\Pipeline\\Pipeline.php(183): Illuminate\\Foundation\\Http\\Middleware\\VerifyCsrfToken->handle(Object(Illuminate\\Http\\Request), Object(Closure))
#16 C:\\Users\\User\\Desktop\\ING DAVID VEGA\\FULLSTACK\\MundoNavidenio365\\vendor\\laravel\\framework\\src\\Illuminate\\View\\Middleware\\ShareErrorsFromSession.php(49): Illuminate\\Pipeline\\Pipeline->Illuminate\\Pipeline\\{closure}(Object(Illuminate\\Http\\Request))
#17 C:\\Users\\User\\Desktop\\ING DAVID VEGA\\FULLSTACK\\MundoNavidenio365\\vendor\\laravel\\framework\\src\\Illuminate\\Pipeline\\Pipeline.php(183): Illuminate\\View\\Middleware\\ShareErrorsFromSession->handle(Object(Illuminate\\Http\\Request), Object(Closure))
#18 C:\\Users\\User\\Desktop\\ING DAVID VEGA\\FULLSTACK\\MundoNavidenio365\\vendor\\laravel\\framework\\src\\Illuminate\\Session\\Middleware\\StartSession.php(121): Illuminate\\Pipeline\\Pipeline->Illuminate\\Pipeline\\{closure}(Object(Illuminate\\Http\\Request))
#19 C:\\Users\\User\\Desktop\\ING DAVID VEGA\\FULLSTACK\\MundoNavidenio365\\vendor\\laravel\\framework\\src\\Illuminate\\Session\\Middleware\\StartSession.php(64): Illuminate\\Session\\Middleware\\StartSession->handleStatefulRequest(Object(Illuminate\\Http\\Request), Object(Illuminate\\Session\\Store), Object(Closure))
#20 C:\\Users\\User\\Desktop\\ING DAVID VEGA\\FULLSTACK\\MundoNavidenio365\\vendor\\laravel\\framework\\src\\Illuminate\\Pipeline\\Pipeline.php(183): Illuminate\\Session\\Middleware\\StartSession->handle(Object(Illuminate\\Http\\Request), Object(Closure))
#21 C:\\Users\\User\\Desktop\\ING DAVID VEGA\\FULLSTACK\\MundoNavidenio365\\vendor\\laravel\\framework\\src\\Illuminate\\Cookie\\Middleware\\AddQueuedCookiesToResponse.php(37): Illuminate\\Pipeline\\Pipeline->Illuminate\\Pipeline\\{closure}(Object(Illuminate\\Http\\Request))
#22 C:\\Users\\User\\Desktop\\ING DAVID VEGA\\FULLSTACK\\MundoNavidenio365\\vendor\\laravel\\framework\\src\\Illuminate\\Pipeline\\Pipeline.php(183): Illuminate\\Cookie\\Middleware\\AddQueuedCookiesToResponse->handle(Object(Illuminate\\Http\\Request), Object(Closure))
#23 C:\\Users\\User\\Desktop\\ING DAVID VEGA\\FULLSTACK\\MundoNavidenio365\\vendor\\laravel\\framework\\src\\Illuminate\\Cookie\\Middleware\\EncryptCookies.php(67): Illuminate\\Pipeline\\Pipeline->Illuminate\\Pipeline\\{closure}(Object(Illuminate\\Http\\Request))
#24 C:\\Users\\User\\Desktop\\ING DAVID VEGA\\FULLSTACK\\MundoNavidenio365\\vendor\\laravel\\framework\\src\\Illuminate\\Pipeline\\Pipeline.php(183): Illuminate\\Cookie\\Middleware\\EncryptCookies->handle(Object(Illuminate\\Http\\Request), Object(Closure))
#25 C:\\Users\\User\\Desktop\\ING DAVID VEGA\\FULLSTACK\\MundoNavidenio365\\vendor\\laravel\\framework\\src\\Illuminate\\Pipeline\\Pipeline.php(119): Illuminate\\Pipeline\\Pipeline->Illuminate\\Pipeline\\{closure}(Object(Illuminate\\Http\\Request))
#26 C:\\Users\\User\\Desktop\\ING DAVID VEGA\\FULLSTACK\\MundoNavidenio365\\vendor\\laravel\\framework\\src\\Illuminate\\Routing\\Router.php(805): Illuminate\\Pipeline\\Pipeline->then(Object(Closure))
#27 C:\\Users\\User\\Desktop\\ING DAVID VEGA\\FULLSTACK\\MundoNavidenio365\\vendor\\laravel\\framework\\src\\Illuminate\\Routing\\Router.php(784): Illuminate\\Routing\\Router->runRouteWithinStack(Object(Illuminate\\Routing\\Route), Object(Illuminate\\Http\\Request))
#28 C:\\Users\\User\\Desktop\\ING DAVID VEGA\\FULLSTACK\\MundoNavidenio365\\vendor\\laravel\\framework\\src\\Illuminate\\Routing\\Router.php(748): Illuminate\\Routing\\Router->runRoute(Object(Illuminate\\Http\\Request), Object(Illuminate\\Routing\\Route))
#29 C:\\Users\\User\\Desktop\\ING DAVID VEGA\\FULLSTACK\\MundoNavidenio365\\vendor\\laravel\\framework\\src\\Illuminate\\Routing\\Router.php(737): Illuminate\\Routing\\Router->dispatchToRoute(Object(Illuminate\\Http\\Request))
#30 C:\\Users\\User\\Desktop\\ING DAVID VEGA\\FULLSTACK\\MundoNavidenio365\\vendor\\laravel\\framework\\src\\Illuminate\\Foundation\\Http\\Kernel.php(200): Illuminate\\Routing\\Router->dispatch(Object(Illuminate\\Http\\Request))
#31 C:\\Users\\User\\Desktop\\ING DAVID VEGA\\FULLSTACK\\MundoNavidenio365\\vendor\\laravel\\framework\\src\\Illuminate\\Pipeline\\Pipeline.php(144): Illuminate\\Foundation\\Http\\Kernel->Illuminate\\Foundation\\Http\\{closure}(Object(Illuminate\\Http\\Request))
#32 C:\\Users\\User\\Desktop\\ING DAVID VEGA\\FULLSTACK\\MundoNavidenio365\\vendor\\laravel\\framework\\src\\Illuminate\\Foundation\\Http\\Middleware\\TransformsRequest.php(21): Illuminate\\Pipeline\\Pipeline->Illuminate\\Pipeline\\{closure}(Object(Illuminate\\Http\\Request))
#33 C:\\Users\\User\\Desktop\\ING DAVID VEGA\\FULLSTACK\\MundoNavidenio365\\vendor\\laravel\\framework\\src\\Illuminate\\Foundation\\Http\\Middleware\\ConvertEmptyStringsToNull.php(31): Illuminate\\Foundation\\Http\\Middleware\\TransformsRequest->handle(Object(Illuminate\\Http\\Request), Object(Closure))
#34 C:\\Users\\User\\Desktop\\ING DAVID VEGA\\FULLSTACK\\MundoNavidenio365\\vendor\\laravel\\framework\\src\\Illuminate\\Pipeline\\Pipeline.php(183): Illuminate\\Foundation\\Http\\Middleware\\ConvertEmptyStringsToNull->handle(Object(Illuminate\\Http\\Request), Object(Closure))
#35 C:\\Users\\User\\Desktop\\ING DAVID VEGA\\FULLSTACK\\MundoNavidenio365\\vendor\\laravel\\framework\\src\\Illuminate\\Foundation\\Http\\Middleware\\TransformsRequest.php(21): Illuminate\\Pipeline\\Pipeline->Illuminate\\Pipeline\\{closure}(Object(Illuminate\\Http\\Request))
#36 C:\\Users\\User\\Desktop\\ING DAVID VEGA\\FULLSTACK\\MundoNavidenio365\\vendor\\laravel\\framework\\src\\Illuminate\\Foundation\\Http\\Middleware\\TrimStrings.php(40): Illuminate\\Foundation\\Http\\Middleware\\TransformsRequest->handle(Object(Illuminate\\Http\\Request), Object(Closure))
#37 C:\\Users\\User\\Desktop\\ING DAVID VEGA\\FULLSTACK\\MundoNavidenio365\\vendor\\laravel\\framework\\src\\Illuminate\\Pipeline\\Pipeline.php(183): Illuminate\\Foundation\\Http\\Middleware\\TrimStrings->handle(Object(Illuminate\\Http\\Request), Object(Closure))
#38 C:\\Users\\User\\Desktop\\ING DAVID VEGA\\FULLSTACK\\MundoNavidenio365\\vendor\\laravel\\framework\\src\\Illuminate\\Foundation\\Http\\Middleware\\ValidatePostSize.php(27): Illuminate\\Pipeline\\Pipeline->Illuminate\\Pipeline\\{closure}(Object(Illuminate\\Http\\Request))
#39 C:\\Users\\User\\Desktop\\ING DAVID VEGA\\FULLSTACK\\MundoNavidenio365\\vendor\\laravel\\framework\\src\\Illuminate\\Pipeline\\Pipeline.php(183): Illuminate\\Foundation\\Http\\Middleware\\ValidatePostSize->handle(Object(Illuminate\\Http\\Request), Object(Closure))
#40 C:\\Users\\User\\Desktop\\ING DAVID VEGA\\FULLSTACK\\MundoNavidenio365\\vendor\\laravel\\framework\\src\\Illuminate\\Foundation\\Http\\Middleware\\PreventRequestsDuringMaintenance.php(99): Illuminate\\Pipeline\\Pipeline->Illuminate\\Pipeline\\{closure}(Object(Illuminate\\Http\\Request))
#41 C:\\Users\\User\\Desktop\\ING DAVID VEGA\\FULLSTACK\\MundoNavidenio365\\vendor\\laravel\\framework\\src\\Illuminate\\Pipeline\\Pipeline.php(183): Illuminate\\Foundation\\Http\\Middleware\\PreventRequestsDuringMaintenance->handle(Object(Illuminate\\Http\\Request), Object(Closure))
#42 C:\\Users\\User\\Desktop\\ING DAVID VEGA\\FULLSTACK\\MundoNavidenio365\\vendor\\laravel\\framework\\src\\Illuminate\\Http\\Middleware\\HandleCors.php(49): Illuminate\\Pipeline\\Pipeline->Illuminate\\Pipeline\\{closure}(Object(Illuminate\\Http\\Request))
#43 C:\\Users\\User\\Desktop\\ING DAVID VEGA\\FULLSTACK\\MundoNavidenio365\\vendor\\laravel\\framework\\src\\Illuminate\\Pipeline\\Pipeline.php(183): Illuminate\\Http\\Middleware\\HandleCors->handle(Object(Illuminate\\Http\\Request), Object(Closure))
#44 C:\\Users\\User\\Desktop\\ING DAVID VEGA\\FULLSTACK\\MundoNavidenio365\\vendor\\laravel\\framework\\src\\Illuminate\\Http\\Middleware\\TrustProxies.php(39): Illuminate\\Pipeline\\Pipeline->Illuminate\\Pipeline\\{closure}(Object(Illuminate\\Http\\Request))
#45 C:\\Users\\User\\Desktop\\ING DAVID VEGA\\FULLSTACK\\MundoNavidenio365\\vendor\\laravel\\framework\\src\\Illuminate\\Pipeline\\Pipeline.php(183): Illuminate\\Http\\Middleware\\TrustProxies->handle(Object(Illuminate\\Http\\Request), Object(Closure))
#46 C:\\Users\\User\\Desktop\\ING DAVID VEGA\\FULLSTACK\\MundoNavidenio365\\vendor\\laravel\\framework\\src\\Illuminate\\Pipeline\\Pipeline.php(119): Illuminate\\Pipeline\\Pipeline->Illuminate\\Pipeline\\{closure}(Object(Illuminate\\Http\\Request))
#47 C:\\Users\\User\\Desktop\\ING DAVID VEGA\\FULLSTACK\\MundoNavidenio365\\vendor\\laravel\\framework\\src\\Illuminate\\Foundation\\Http\\Kernel.php(175): Illuminate\\Pipeline\\Pipeline->then(Object(Closure))
#48 C:\\Users\\User\\Desktop\\ING DAVID VEGA\\FULLSTACK\\MundoNavidenio365\\vendor\\laravel\\framework\\src\\Illuminate\\Foundation\\Http\\Kernel.php(144): Illuminate\\Foundation\\Http\\Kernel->sendRequestThroughRouter(Object(Illuminate\\Http\\Request))
#49 C:\\Users\\User\\Desktop\\ING DAVID VEGA\\FULLSTACK\\MundoNavidenio365\\public\\index.php(51): Illuminate\\Foundation\\Http\\Kernel->handle(Object(Illuminate\\Http\\Request))
#50 C:\\Users\\User\\Desktop\\ING DAVID VEGA\\FULLSTACK\\MundoNavidenio365\\vendor\\laravel\\framework\\src\\Illuminate\\Foundation\\resources\\server.php(16): require_once('C:\\\\Users\\\\User\\\\D...')
#51 {main}

[previous exception] [object] (PDOException(code: 1049): SQLSTATE[HY000] [1049] Unknown database 'mundonav_navidad' at C:\\Users\\User\\Desktop\\ING DAVID VEGA\\FULLSTACK\\MundoNavidenio365\\vendor\\laravel\\framework\\src\\Illuminate\\Database\\Connectors\\Connector.php:65)
[stacktrace]
#0 C:\\Users\\User\\Desktop\\ING DAVID VEGA\\FULLSTACK\\MundoNavidenio365\\vendor\\laravel\\framework\\src\\Illuminate\\Database\\Connectors\\Connector.php(65): PDO->__construct('mysql:host=127....', 'root', Object(SensitiveParameterValue), Array)
#1 C:\\Users\\User\\Desktop\\ING DAVID VEGA\\FULLSTACK\\MundoNavidenio365\\vendor\\laravel\\framework\\src\\Illuminate\\Database\\Connectors\\Connector.php(44): Illuminate\\Database\\Connectors\\Connector->createPdoConnection('mysql:host=127....', 'root', 'admin', Array)
#2 C:\\Users\\User\\Desktop\\ING DAVID VEGA\\FULLSTACK\\MundoNavidenio365\\vendor\\laravel\\framework\\src\\Illuminate\\Database\\Connectors\\MySqlConnector.php(24): Illuminate\\Database\\Connectors\\Connector->createConnection('mysql:host=127....', Array, Array)
#3 C:\\Users\\User\\Desktop\\ING DAVID VEGA\\FULLSTACK\\MundoNavidenio365\\vendor\\laravel\\framework\\src\\Illuminate\\Database\\Connectors\\ConnectionFactory.php(184): Illuminate\\Database\\Connectors\\MySqlConnector->connect(Array)
#4 [internal function]: Illuminate\\Database\\Connectors\\ConnectionFactory->Illuminate\\Database\\Connectors\\{closure}()
#5 C:\\Users\\User\\Desktop\\ING DAVID VEGA\\FULLSTACK\\MundoNavidenio365\\vendor\\laravel\\framework\\src\\Illuminate\\Database\\Connection.php(1339): call_user_func(Object(Closure))
#6 C:\\Users\\User\\Desktop\\ING DAVID VEGA\\FULLSTACK\\MundoNavidenio365\\vendor\\laravel\\framework\\src\\Illuminate\\Database\\Connection.php(1375): Illuminate\\Database\\Connection->getPdo()
#7 C:\\Users\\User\\Desktop\\ING DAVID VEGA\\FULLSTACK\\MundoNavidenio365\\vendor\\laravel\\framework\\src\\Illuminate\\Database\\Connection.php(528): Illuminate\\Database\\Connection->getReadPdo()
#8 C:\\Users\\User\\Desktop\\ING DAVID VEGA\\FULLSTACK\\MundoNavidenio365\\vendor\\laravel\\framework\\src\\Illuminate\\Database\\Connection.php(423): Illuminate\\Database\\Connection->getPdoForSelect(true)
#9 C:\\Users\\User\\Desktop\\ING DAVID VEGA\\FULLSTACK\\MundoNavidenio365\\vendor\\laravel\\framework\\src\\Illuminate\\Database\\Connection.php(816): Illuminate\\Database\\Connection->Illuminate\\Database\\{closure}('select `id`, `n...', Array)
#10 C:\\Users\\User\\Desktop\\ING DAVID VEGA\\FULLSTACK\\MundoNavidenio365\\vendor\\laravel\\framework\\src\\Illuminate\\Database\\Connection.php(783): Illuminate\\Database\\Connection->runQueryCallback('select `id`, `n...', Array, Object(Closure))
#11 C:\\Users\\User\\Desktop\\ING DAVID VEGA\\FULLSTACK\\MundoNavidenio365\\vendor\\laravel\\framework\\src\\Illuminate\\Database\\Connection.php(414): Illuminate\\Database\\Connection->run('select `id`, `n...', Array, Object(Closure))
#12 C:\\Users\\User\\Desktop\\ING DAVID VEGA\\FULLSTACK\\MundoNavidenio365\\vendor\\laravel\\framework\\src\\Illuminate\\Database\\Query\\Builder.php(2913): Illuminate\\Database\\Connection->select('select `id`, `n...', Array, true)
#13 C:\\Users\\User\\Desktop\\ING DAVID VEGA\\FULLSTACK\\MundoNavidenio365\\vendor\\laravel\\framework\\src\\Illuminate\\Database\\Query\\Builder.php(2902): Illuminate\\Database\\Query\\Builder->runSelect()
#14 C:\\Users\\User\\Desktop\\ING DAVID VEGA\\FULLSTACK\\MundoNavidenio365\\vendor\\laravel\\framework\\src\\Illuminate\\Database\\Query\\Builder.php(3456): Illuminate\\Database\\Query\\Builder->Illuminate\\Database\\Query\\{closure}()
#15 C:\\Users\\User\\Desktop\\ING DAVID VEGA\\FULLSTACK\\MundoNavidenio365\\vendor\\laravel\\framework\\src\\Illuminate\\Database\\Query\\Builder.php(2901): Illuminate\\Database\\Query\\Builder->onceWithColumns(Array, Object(Closure))
#16 C:\\Users\\User\\Desktop\\ING DAVID VEGA\\FULLSTACK\\MundoNavidenio365\\vendor\\laravel\\framework\\src\\Illuminate\\Database\\Eloquent\\Builder.php(739): Illuminate\\Database\\Query\\Builder->get(Array)
#17 C:\\Users\\User\\Desktop\\ING DAVID VEGA\\FULLSTACK\\MundoNavidenio365\\vendor\\laravel\\framework\\src\\Illuminate\\Database\\Eloquent\\Builder.php(723): Illuminate\\Database\\Eloquent\\Builder->getModels(Array)
#18 C:\\Users\\User\\Desktop\\ING DAVID VEGA\\FULLSTACK\\MundoNavidenio365\\vendor\\laravel\\framework\\src\\Illuminate\\Database\\Concerns\\BuildsQueries.php(333): Illuminate\\Database\\Eloquent\\Builder->get(Array)
#19 C:\\Users\\User\\Desktop\\ING DAVID VEGA\\FULLSTACK\\MundoNavidenio365\\app\\Http\\Middleware\\HandleInertiaRequests.php(36): Illuminate\\Database\\Eloquent\\Builder->first()
#20 C:\\Users\\User\\Desktop\\ING DAVID VEGA\\FULLSTACK\\MundoNavidenio365\\vendor\\inertiajs\\inertia-laravel\\src\\Middleware.php(84): App\\Http\\Middleware\\HandleInertiaRequests->share(Object(Illuminate\\Http\\Request))
#21 C:\\Users\\User\\Desktop\\ING DAVID VEGA\\FULLSTACK\\MundoNavidenio365\\vendor\\laravel\\framework\\src\\Illuminate\\Pipeline\\Pipeline.php(183): Inertia\\Middleware->handle(Object(Illuminate\\Http\\Request), Object(Closure))
#22 C:\\Users\\User\\Desktop\\ING DAVID VEGA\\FULLSTACK\\MundoNavidenio365\\vendor\\laravel\\framework\\src\\Illuminate\\Routing\\Middleware\\SubstituteBindings.php(50): Illuminate\\Pipeline\\Pipeline->Illuminate\\Pipeline\\{closure}(Object(Illuminate\\Http\\Request))
#23 C:\\Users\\User\\Desktop\\ING DAVID VEGA\\FULLSTACK\\MundoNavidenio365\\vendor\\laravel\\framework\\src\\Illuminate\\Pipeline\\Pipeline.php(183): Illuminate\\Routing\\Middleware\\SubstituteBindings->handle(Object(Illuminate\\Http\\Request), Object(Closure))
#24 C:\\Users\\User\\Desktop\\ING DAVID VEGA\\FULLSTACK\\MundoNavidenio365\\vendor\\laravel\\framework\\src\\Illuminate\\Foundation\\Http\\Middleware\\VerifyCsrfToken.php(78): Illuminate\\Pipeline\\Pipeline->Illuminate\\Pipeline\\{closure}(Object(Illuminate\\Http\\Request))
#25 C:\\Users\\User\\Desktop\\ING DAVID VEGA\\FULLSTACK\\MundoNavidenio365\\vendor\\laravel\\framework\\src\\Illuminate\\Pipeline\\Pipeline.php(183): Illuminate\\Foundation\\Http\\Middleware\\VerifyCsrfToken->handle(Object(Illuminate\\Http\\Request), Object(Closure))
#26 C:\\Users\\User\\Desktop\\ING DAVID VEGA\\FULLSTACK\\MundoNavidenio365\\vendor\\laravel\\framework\\src\\Illuminate\\View\\Middleware\\ShareErrorsFromSession.php(49): Illuminate\\Pipeline\\Pipeline->Illuminate\\Pipeline\\{closure}(Object(Illuminate\\Http\\Request))
#27 C:\\Users\\User\\Desktop\\ING DAVID VEGA\\FULLSTACK\\MundoNavidenio365\\vendor\\laravel\\framework\\src\\Illuminate\\Pipeline\\Pipeline.php(183): Illuminate\\View\\Middleware\\ShareErrorsFromSession->handle(Object(Illuminate\\Http\\Request), Object(Closure))
#28 C:\\Users\\User\\Desktop\\ING DAVID VEGA\\FULLSTACK\\MundoNavidenio365\\vendor\\laravel\\framework\\src\\Illuminate\\Session\\Middleware\\StartSession.php(121): Illuminate\\Pipeline\\Pipeline->Illuminate\\Pipeline\\{closure}(Object(Illuminate\\Http\\Request))
#29 C:\\Users\\User\\Desktop\\ING DAVID VEGA\\FULLSTACK\\MundoNavidenio365\\vendor\\laravel\\framework\\src\\Illuminate\\Session\\Middleware\\StartSession.php(64): Illuminate\\Session\\Middleware\\StartSession->handleStatefulRequest(Object(Illuminate\\Http\\Request), Object(Illuminate\\Session\\Store), Object(Closure))
#30 C:\\Users\\User\\Desktop\\ING DAVID VEGA\\FULLSTACK\\MundoNavidenio365\\vendor\\laravel\\framework\\src\\Illuminate\\Pipeline\\Pipeline.php(183): Illuminate\\Session\\Middleware\\StartSession->handle(Object(Illuminate\\Http\\Request), Object(Closure))
#31 C:\\Users\\User\\Desktop\\ING DAVID VEGA\\FULLSTACK\\MundoNavidenio365\\vendor\\laravel\\framework\\src\\Illuminate\\Cookie\\Middleware\\AddQueuedCookiesToResponse.php(37): Illuminate\\Pipeline\\Pipeline->Illuminate\\Pipeline\\{closure}(Object(Illuminate\\Http\\Request))
#32 C:\\Users\\User\\Desktop\\ING DAVID VEGA\\FULLSTACK\\MundoNavidenio365\\vendor\\laravel\\framework\\src\\Illuminate\\Pipeline\\Pipeline.php(183): Illuminate\\Cookie\\Middleware\\AddQueuedCookiesToResponse->handle(Object(Illuminate\\Http\\Request), Object(Closure))
#33 C:\\Users\\User\\Desktop\\ING DAVID VEGA\\FULLSTACK\\MundoNavidenio365\\vendor\\laravel\\framework\\src\\Illuminate\\Cookie\\Middleware\\EncryptCookies.php(67): Illuminate\\Pipeline\\Pipeline->Illuminate\\Pipeline\\{closure}(Object(Illuminate\\Http\\Request))
#34 C:\\Users\\User\\Desktop\\ING DAVID VEGA\\FULLSTACK\\MundoNavidenio365\\vendor\\laravel\\framework\\src\\Illuminate\\Pipeline\\Pipeline.php(183): Illuminate\\Cookie\\Middleware\\EncryptCookies->handle(Object(Illuminate\\Http\\Request), Object(Closure))
#35 C:\\Users\\User\\Desktop\\ING DAVID VEGA\\FULLSTACK\\MundoNavidenio365\\vendor\\laravel\\framework\\src\\Illuminate\\Pipeline\\Pipeline.php(119): Illuminate\\Pipeline\\Pipeline->Illuminate\\Pipeline\\{closure}(Object(Illuminate\\Http\\Request))
#36 C:\\Users\\User\\Desktop\\ING DAVID VEGA\\FULLSTACK\\MundoNavidenio365\\vendor\\laravel\\framework\\src\\Illuminate\\Routing\\Router.php(805): Illuminate\\Pipeline\\Pipeline->then(Object(Closure))
#37 C:\\Users\\User\\Desktop\\ING DAVID VEGA\\FULLSTACK\\MundoNavidenio365\\vendor\\laravel\\framework\\src\\Illuminate\\Routing\\Router.php(784): Illuminate\\Routing\\Router->runRouteWithinStack(Object(Illuminate\\Routing\\Route), Object(Illuminate\\Http\\Request))
#38 C:\\Users\\User\\Desktop\\ING DAVID VEGA\\FULLSTACK\\MundoNavidenio365\\vendor\\laravel\\framework\\src\\Illuminate\\Routing\\Router.php(748): Illuminate\\Routing\\Router->runRoute(Object(Illuminate\\Http\\Request), Object(Illuminate\\Routing\\Route))
#39 C:\\Users\\User\\Desktop\\ING DAVID VEGA\\FULLSTACK\\MundoNavidenio365\\vendor\\laravel\\framework\\src\\Illuminate\\Routing\\Router.php(737): Illuminate\\Routing\\Router->dispatchToRoute(Object(Illuminate\\Http\\Request))
#40 C:\\Users\\User\\Desktop\\ING DAVID VEGA\\FULLSTACK\\MundoNavidenio365\\vendor\\laravel\\framework\\src\\Illuminate\\Foundation\\Http\\Kernel.php(200): Illuminate\\Routing\\Router->dispatch(Object(Illuminate\\Http\\Request))
#41 C:\\Users\\User\\Desktop\\ING DAVID VEGA\\FULLSTACK\\MundoNavidenio365\\vendor\\laravel\\framework\\src\\Illuminate\\Pipeline\\Pipeline.php(144): Illuminate\\Foundation\\Http\\Kernel->Illuminate\\Foundation\\Http\\{closure}(Object(Illuminate\\Http\\Request))
#42 C:\\Users\\User\\Desktop\\ING DAVID VEGA\\FULLSTACK\\MundoNavidenio365\\vendor\\laravel\\framework\\src\\Illuminate\\Foundation\\Http\\Middleware\\TransformsRequest.php(21): Illuminate\\Pipeline\\Pipeline->Illuminate\\Pipeline\\{closure}(Object(Illuminate\\Http\\Request))
#43 C:\\Users\\User\\Desktop\\ING DAVID VEGA\\FULLSTACK\\MundoNavidenio365\\vendor\\laravel\\framework\\src\\Illuminate\\Foundation\\Http\\Middleware\\ConvertEmptyStringsToNull.php(31): Illuminate\\Foundation\\Http\\Middleware\\TransformsRequest->handle(Object(Illuminate\\Http\\Request), Object(Closure))
#44 C:\\Users\\User\\Desktop\\ING DAVID VEGA\\FULLSTACK\\MundoNavidenio365\\vendor\\laravel\\framework\\src\\Illuminate\\Pipeline\\Pipeline.php(183): Illuminate\\Foundation\\Http\\Middleware\\ConvertEmptyStringsToNull->handle(Object(Illuminate\\Http\\Request), Object(Closure))
#45 C:\\Users\\User\\Desktop\\ING DAVID VEGA\\FULLSTACK\\MundoNavidenio365\\vendor\\laravel\\framework\\src\\Illuminate\\Foundation\\Http\\Middleware\\TransformsRequest.php(21): Illuminate\\Pipeline\\Pipeline->Illuminate\\Pipeline\\{closure}(Object(Illuminate\\Http\\Request))
#46 C:\\Users\\User\\Desktop\\ING DAVID VEGA\\FULLSTACK\\MundoNavidenio365\\vendor\\laravel\\framework\\src\\Illuminate\\Foundation\\Http\\Middleware\\TrimStrings.php(40): Illuminate\\Foundation\\Http\\Middleware\\TransformsRequest->handle(Object(Illuminate\\Http\\Request), Object(Closure))
#47 C:\\Users\\User\\Desktop\\ING DAVID VEGA\\FULLSTACK\\MundoNavidenio365\\vendor\\laravel\\framework\\src\\Illuminate\\Pipeline\\Pipeline.php(183): Illuminate\\Foundation\\Http\\Middleware\\TrimStrings->handle(Object(Illuminate\\Http\\Request), Object(Closure))
#48 C:\\Users\\User\\Desktop\\ING DAVID VEGA\\FULLSTACK\\MundoNavidenio365\\vendor\\laravel\\framework\\src\\Illuminate\\Foundation\\Http\\Middleware\\ValidatePostSize.php(27): Illuminate\\Pipeline\\Pipeline->Illuminate\\Pipeline\\{closure}(Object(Illuminate\\Http\\Request))
#49 C:\\Users\\User\\Desktop\\ING DAVID VEGA\\FULLSTACK\\MundoNavidenio365\\vendor\\laravel\\framework\\src\\Illuminate\\Pipeline\\Pipeline.php(183): Illuminate\\Foundation\\Http\\Middleware\\ValidatePostSize->handle(Object(Illuminate\\Http\\Request), Object(Closure))
#50 C:\\Users\\User\\Desktop\\ING DAVID VEGA\\FULLSTACK\\MundoNavidenio365\\vendor\\laravel\\framework\\src\\Illuminate\\Foundation\\Http\\Middleware\\PreventRequestsDuringMaintenance.php(99): Illuminate\\Pipeline\\Pipeline->Illuminate\\Pipeline\\{closure}(Object(Illuminate\\Http\\Request))
#51 C:\\Users\\User\\Desktop\\ING DAVID VEGA\\FULLSTACK\\MundoNavidenio365\\vendor\\laravel\\framework\\src\\Illuminate\\Pipeline\\Pipeline.php(183): Illuminate\\Foundation\\Http\\Middleware\\PreventRequestsDuringMaintenance->handle(Object(Illuminate\\Http\\Request), Object(Closure))
#52 C:\\Users\\User\\Desktop\\ING DAVID VEGA\\FULLSTACK\\MundoNavidenio365\\vendor\\laravel\\framework\\src\\Illuminate\\Http\\Middleware\\HandleCors.php(49): Illuminate\\Pipeline\\Pipeline->Illuminate\\Pipeline\\{closure}(Object(Illuminate\\Http\\Request))
#53 C:\\Users\\User\\Desktop\\ING DAVID VEGA\\FULLSTACK\\MundoNavidenio365\\vendor\\laravel\\framework\\src\\Illuminate\\Pipeline\\Pipeline.php(183): Illuminate\\Http\\Middleware\\HandleCors->handle(Object(Illuminate\\Http\\Request), Object(Closure))
#54 C:\\Users\\User\\Desktop\\ING DAVID VEGA\\FULLSTACK\\MundoNavidenio365\\vendor\\laravel\\framework\\src\\Illuminate\\Http\\Middleware\\TrustProxies.php(39): Illuminate\\Pipeline\\Pipeline->Illuminate\\Pipeline\\{closure}(Object(Illuminate\\Http\\Request))
#55 C:\\Users\\User\\Desktop\\ING DAVID VEGA\\FULLSTACK\\MundoNavidenio365\\vendor\\laravel\\framework\\src\\Illuminate\\Pipeline\\Pipeline.php(183): Illuminate\\Http\\Middleware\\TrustProxies->handle(Object(Illuminate\\Http\\Request), Object(Closure))
#56 C:\\Users\\User\\Desktop\\ING DAVID VEGA\\FULLSTACK\\MundoNavidenio365\\vendor\\laravel\\framework\\src\\Illuminate\\Pipeline\\Pipeline.php(119): Illuminate\\Pipeline\\Pipeline->Illuminate\\Pipeline\\{closure}(Object(Illuminate\\Http\\Request))
#57 C:\\Users\\User\\Desktop\\ING DAVID VEGA\\FULLSTACK\\MundoNavidenio365\\vendor\\laravel\\framework\\src\\Illuminate\\Foundation\\Http\\Kernel.php(175): Illuminate\\Pipeline\\Pipeline->then(Object(Closure))
#58 C:\\Users\\User\\Desktop\\ING DAVID VEGA\\FULLSTACK\\MundoNavidenio365\\vendor\\laravel\\framework\\src\\Illuminate\\Foundation\\Http\\Kernel.php(144): Illuminate\\Foundation\\Http\\Kernel->sendRequestThroughRouter(Object(Illuminate\\Http\\Request))
#59 C:\\Users\\User\\Desktop\\ING DAVID VEGA\\FULLSTACK\\MundoNavidenio365\\public\\index.php(51): Illuminate\\Foundation\\Http\\Kernel->handle(Object(Illuminate\\Http\\Request))
#60 C:\\Users\\User\\Desktop\\ING DAVID VEGA\\FULLSTACK\\MundoNavidenio365\\vendor\\laravel\\framework\\src\\Illuminate\\Foundation\\resources\\server.php(16): require_once('C:\\\\Users\\\\User\\\\D...')
#61 {main}
"} 
[2026-01-25 06:28:52] local.ERROR: SQLSTATE[42S22]: Column not found: 1054 Unknown column 'ambiente' in 'field list' (Connection: mysql, SQL: select `id`, `nombre_comercial`, `razon_social`, `ruc`, `correo`, `telefono`, `direccion`, `tipo_contribuyente`, `regimen`, `ambiente`, `created_by`, `updated_by`, `created_at`, `updated_at` from `empresas` limit 1) {"userId":1,"exception":"[object] (Illuminate\\Database\\QueryException(code: 42S22): SQLSTATE[42S22]: Column not found: 1054 Unknown column 'ambiente' in 'field list' (Connection: mysql, SQL: select `id`, `nombre_comercial`, `razon_social`, `ruc`, `correo`, `telefono`, `direccion`, `tipo_contribuyente`, `regimen`, `ambiente`, `created_by`, `updated_by`, `created_at`, `updated_at` from `empresas` limit 1) at C:\\Users\\User\\Desktop\\ING DAVID VEGA\\FULLSTACK\\MundoNavidenio365\\vendor\\laravel\\framework\\src\\Illuminate\\Database\\Connection.php:829)
[stacktrace]
#0 C:\\Users\\User\\Desktop\\ING DAVID VEGA\\FULLSTACK\\MundoNavidenio365\\vendor\\laravel\\framework\\src\\Illuminate\\Database\\Connection.php(783): Illuminate\\Database\\Connection->runQueryCallback('select `id`, `n...', Array, Object(Closure))
#1 C:\\Users\\User\\Desktop\\ING DAVID VEGA\\FULLSTACK\\MundoNavidenio365\\vendor\\laravel\\framework\\src\\Illuminate\\Database\\Connection.php(414): Illuminate\\Database\\Connection->run('select `id`, `n...', Array, Object(Closure))
#2 C:\\Users\\User\\Desktop\\ING DAVID VEGA\\FULLSTACK\\MundoNavidenio365\\vendor\\laravel\\framework\\src\\Illuminate\\Database\\Query\\Builder.php(2913): Illuminate\\Database\\Connection->select('select `id`, `n...', Array, true)
#3 C:\\Users\\User\\Desktop\\ING DAVID VEGA\\FULLSTACK\\MundoNavidenio365\\vendor\\laravel\\framework\\src\\Illuminate\\Database\\Query\\Builder.php(2902): Illuminate\\Database\\Query\\Builder->runSelect()
#4 C:\\Users\\User\\Desktop\\ING DAVID VEGA\\FULLSTACK\\MundoNavidenio365\\vendor\\laravel\\framework\\src\\Illuminate\\Database\\Query\\Builder.php(3456): Illuminate\\Database\\Query\\Builder->Illuminate\\Database\\Query\\{closure}()
#5 C:\\Users\\User\\Desktop\\ING DAVID VEGA\\FULLSTACK\\MundoNavidenio365\\vendor\\laravel\\framework\\src\\Illuminate\\Database\\Query\\Builder.php(2901): Illuminate\\Database\\Query\\Builder->onceWithColumns(Array, Object(Closure))
#6 C:\\Users\\User\\Desktop\\ING DAVID VEGA\\FULLSTACK\\MundoNavidenio365\\vendor\\laravel\\framework\\src\\Illuminate\\Database\\Eloquent\\Builder.php(739): Illuminate\\Database\\Query\\Builder->get(Array)
#7 C:\\Users\\User\\Desktop\\ING DAVID VEGA\\FULLSTACK\\MundoNavidenio365\\vendor\\laravel\\framework\\src\\Illuminate\\Database\\Eloquent\\Builder.php(723): Illuminate\\Database\\Eloquent\\Builder->getModels(Array)
#8 C:\\Users\\User\\Desktop\\ING DAVID VEGA\\FULLSTACK\\MundoNavidenio365\\vendor\\laravel\\framework\\src\\Illuminate\\Database\\Concerns\\BuildsQueries.php(333): Illuminate\\Database\\Eloquent\\Builder->get(Array)
#9 C:\\Users\\User\\Desktop\\ING DAVID VEGA\\FULLSTACK\\MundoNavidenio365\\app\\Http\\Middleware\\HandleInertiaRequests.php(37): Illuminate\\Database\\Eloquent\\Builder->first()
#10 C:\\Users\\User\\Desktop\\ING DAVID VEGA\\FULLSTACK\\MundoNavidenio365\\vendor\\inertiajs\\inertia-laravel\\src\\Middleware.php(84): App\\Http\\Middleware\\HandleInertiaRequests->share(Object(Illuminate\\Http\\Request))
#11 C:\\Users\\User\\Desktop\\ING DAVID VEGA\\FULLSTACK\\MundoNavidenio365\\vendor\\laravel\\framework\\src\\Illuminate\\Pipeline\\Pipeline.php(183): Inertia\\Middleware->handle(Object(Illuminate\\Http\\Request), Object(Closure))
#12 C:\\Users\\User\\Desktop\\ING DAVID VEGA\\FULLSTACK\\MundoNavidenio365\\vendor\\laravel\\framework\\src\\Illuminate\\Routing\\Middleware\\SubstituteBindings.php(50): Illuminate\\Pipeline\\Pipeline->Illuminate\\Pipeline\\{closure}(Object(Illuminate\\Http\\Request))
#13 C:\\Users\\User\\Desktop\\ING DAVID VEGA\\FULLSTACK\\MundoNavidenio365\\vendor\\laravel\\framework\\src\\Illuminate\\Pipeline\\Pipeline.php(183): Illuminate\\Routing\\Middleware\\SubstituteBindings->handle(Object(Illuminate\\Http\\Request), Object(Closure))
#14 C:\\Users\\User\\Desktop\\ING DAVID VEGA\\FULLSTACK\\MundoNavidenio365\\vendor\\laravel\\framework\\src\\Illuminate\\Auth\\Middleware\\Authenticate.php(57): Illuminate\\Pipeline\\Pipeline->Illuminate\\Pipeline\\{closure}(Object(Illuminate\\Http\\Request))
#15 C:\\Users\\User\\Desktop\\ING DAVID VEGA\\FULLSTACK\\MundoNavidenio365\\vendor\\laravel\\framework\\src\\Illuminate\\Pipeline\\Pipeline.php(183): Illuminate\\Auth\\Middleware\\Authenticate->handle(Object(Illuminate\\Http\\Request), Object(Closure))
#16 C:\\Users\\User\\Desktop\\ING DAVID VEGA\\FULLSTACK\\MundoNavidenio365\\vendor\\laravel\\framework\\src\\Illuminate\\Foundation\\Http\\Middleware\\VerifyCsrfToken.php(78): Illuminate\\Pipeline\\Pipeline->Illuminate\\Pipeline\\{closure}(Object(Illuminate\\Http\\Request))
#17 C:\\Users\\User\\Desktop\\ING DAVID VEGA\\FULLSTACK\\MundoNavidenio365\\vendor\\laravel\\framework\\src\\Illuminate\\Pipeline\\Pipeline.php(183): Illuminate\\Foundation\\Http\\Middleware\\VerifyCsrfToken->handle(Object(Illuminate\\Http\\Request), Object(Closure))
#18 C:\\Users\\User\\Desktop\\ING DAVID VEGA\\FULLSTACK\\MundoNavidenio365\\vendor\\laravel\\framework\\src\\Illuminate\\View\\Middleware\\ShareErrorsFromSession.php(49): Illuminate\\Pipeline\\Pipeline->Illuminate\\Pipeline\\{closure}(Object(Illuminate\\Http\\Request))
#19 C:\\Users\\User\\Desktop\\ING DAVID VEGA\\FULLSTACK\\MundoNavidenio365\\vendor\\laravel\\framework\\src\\Illuminate\\Pipeline\\Pipeline.php(183): Illuminate\\View\\Middleware\\ShareErrorsFromSession->handle(Object(Illuminate\\Http\\Request), Object(Closure))
#20 C:\\Users\\User\\Desktop\\ING DAVID VEGA\\FULLSTACK\\MundoNavidenio365\\vendor\\laravel\\framework\\src\\Illuminate\\Session\\Middleware\\StartSession.php(121): Illuminate\\Pipeline\\Pipeline->Illuminate\\Pipeline\\{closure}(Object(Illuminate\\Http\\Request))
#21 C:\\Users\\User\\Desktop\\ING DAVID VEGA\\FULLSTACK\\MundoNavidenio365\\vendor\\laravel\\framework\\src\\Illuminate\\Session\\Middleware\\StartSession.php(64): Illuminate\\Session\\Middleware\\StartSession->handleStatefulRequest(Object(Illuminate\\Http\\Request), Object(Illuminate\\Session\\Store), Object(Closure))
#22 C:\\Users\\User\\Desktop\\ING DAVID VEGA\\FULLSTACK\\MundoNavidenio365\\vendor\\laravel\\framework\\src\\Illuminate\\Pipeline\\Pipeline.php(183): Illuminate\\Session\\Middleware\\StartSession->handle(Object(Illuminate\\Http\\Request), Object(Closure))
#23 C:\\Users\\User\\Desktop\\ING DAVID VEGA\\FULLSTACK\\MundoNavidenio365\\vendor\\laravel\\framework\\src\\Illuminate\\Cookie\\Middleware\\AddQueuedCookiesToResponse.php(37): Illuminate\\Pipeline\\Pipeline->Illuminate\\Pipeline\\{closure}(Object(Illuminate\\Http\\Request))
#24 C:\\Users\\User\\Desktop\\ING DAVID VEGA\\FULLSTACK\\MundoNavidenio365\\vendor\\laravel\\framework\\src\\Illuminate\\Pipeline\\Pipeline.php(183): Illuminate\\Cookie\\Middleware\\AddQueuedCookiesToResponse->handle(Object(Illuminate\\Http\\Request), Object(Closure))
#25 C:\\Users\\User\\Desktop\\ING DAVID VEGA\\FULLSTACK\\MundoNavidenio365\\vendor\\laravel\\framework\\src\\Illuminate\\Cookie\\Middleware\\EncryptCookies.php(67): Illuminate\\Pipeline\\Pipeline->Illuminate\\Pipeline\\{closure}(Object(Illuminate\\Http\\Request))
#26 C:\\Users\\User\\Desktop\\ING DAVID VEGA\\FULLSTACK\\MundoNavidenio365\\vendor\\laravel\\framework\\src\\Illuminate\\Pipeline\\Pipeline.php(183): Illuminate\\Cookie\\Middleware\\EncryptCookies->handle(Object(Illuminate\\Http\\Request), Object(Closure))
#27 C:\\Users\\User\\Desktop\\ING DAVID VEGA\\FULLSTACK\\MundoNavidenio365\\vendor\\laravel\\framework\\src\\Illuminate\\Pipeline\\Pipeline.php(119): Illuminate\\Pipeline\\Pipeline->Illuminate\\Pipeline\\{closure}(Object(Illuminate\\Http\\Request))
#28 C:\\Users\\User\\Desktop\\ING DAVID VEGA\\FULLSTACK\\MundoNavidenio365\\vendor\\laravel\\framework\\src\\Illuminate\\Routing\\Router.php(805): Illuminate\\Pipeline\\Pipeline->then(Object(Closure))
#29 C:\\Users\\User\\Desktop\\ING DAVID VEGA\\FULLSTACK\\MundoNavidenio365\\vendor\\laravel\\framework\\src\\Illuminate\\Routing\\Router.php(784): Illuminate\\Routing\\Router->runRouteWithinStack(Object(Illuminate\\Routing\\Route), Object(Illuminate\\Http\\Request))
#30 C:\\Users\\User\\Desktop\\ING DAVID VEGA\\FULLSTACK\\MundoNavidenio365\\vendor\\laravel\\framework\\src\\Illuminate\\Routing\\Router.php(748): Illuminate\\Routing\\Router->runRoute(Object(Illuminate\\Http\\Request), Object(Illuminate\\Routing\\Route))
#31 C:\\Users\\User\\Desktop\\ING DAVID VEGA\\FULLSTACK\\MundoNavidenio365\\vendor\\laravel\\framework\\src\\Illuminate\\Routing\\Router.php(737): Illuminate\\Routing\\Router->dispatchToRoute(Object(Illuminate\\Http\\Request))
#32 C:\\Users\\User\\Desktop\\ING DAVID VEGA\\FULLSTACK\\MundoNavidenio365\\vendor\\laravel\\framework\\src\\Illuminate\\Foundation\\Http\\Kernel.php(200): Illuminate\\Routing\\Router->dispatch(Object(Illuminate\\Http\\Request))
#33 C:\\Users\\User\\Desktop\\ING DAVID VEGA\\FULLSTACK\\MundoNavidenio365\\vendor\\laravel\\framework\\src\\Illuminate\\Pipeline\\Pipeline.php(144): Illuminate\\Foundation\\Http\\Kernel->Illuminate\\Foundation\\Http\\{closure}(Object(Illuminate\\Http\\Request))
#34 C:\\Users\\User\\Desktop\\ING DAVID VEGA\\FULLSTACK\\MundoNavidenio365\\vendor\\laravel\\framework\\src\\Illuminate\\Foundation\\Http\\Middleware\\TransformsRequest.php(21): Illuminate\\Pipeline\\Pipeline->Illuminate\\Pipeline\\{closure}(Object(Illuminate\\Http\\Request))
#35 C:\\Users\\User\\Desktop\\ING DAVID VEGA\\FULLSTACK\\MundoNavidenio365\\vendor\\laravel\\framework\\src\\Illuminate\\Foundation\\Http\\Middleware\\ConvertEmptyStringsToNull.php(31): Illuminate\\Foundation\\Http\\Middleware\\TransformsRequest->handle(Object(Illuminate\\Http\\Request), Object(Closure))
#36 C:\\Users\\User\\Desktop\\ING DAVID VEGA\\FULLSTACK\\MundoNavidenio365\\vendor\\laravel\\framework\\src\\Illuminate\\Pipeline\\Pipeline.php(183): Illuminate\\Foundation\\Http\\Middleware\\ConvertEmptyStringsToNull->handle(Object(Illuminate\\Http\\Request), Object(Closure))
#37 C:\\Users\\User\\Desktop\\ING DAVID VEGA\\FULLSTACK\\MundoNavidenio365\\vendor\\laravel\\framework\\src\\Illuminate\\Foundation\\Http\\Middleware\\TransformsRequest.php(21): Illuminate\\Pipeline\\Pipeline->Illuminate\\Pipeline\\{closure}(Object(Illuminate\\Http\\Request))
#38 C:\\Users\\User\\Desktop\\ING DAVID VEGA\\FULLSTACK\\MundoNavidenio365\\vendor\\laravel\\framework\\src\\Illuminate\\Foundation\\Http\\Middleware\\TrimStrings.php(40): Illuminate\\Foundation\\Http\\Middleware\\TransformsRequest->handle(Object(Illuminate\\Http\\Request), Object(Closure))
#39 C:\\Users\\User\\Desktop\\ING DAVID VEGA\\FULLSTACK\\MundoNavidenio365\\vendor\\laravel\\framework\\src\\Illuminate\\Pipeline\\Pipeline.php(183): Illuminate\\Foundation\\Http\\Middleware\\TrimStrings->handle(Object(Illuminate\\Http\\Request), Object(Closure))
#40 C:\\Users\\User\\Desktop\\ING DAVID VEGA\\FULLSTACK\\MundoNavidenio365\\vendor\\laravel\\framework\\src\\Illuminate\\Foundation\\Http\\Middleware\\ValidatePostSize.php(27): Illuminate\\Pipeline\\Pipeline->Illuminate\\Pipeline\\{closure}(Object(Illuminate\\Http\\Request))
#41 C:\\Users\\User\\Desktop\\ING DAVID VEGA\\FULLSTACK\\MundoNavidenio365\\vendor\\laravel\\framework\\src\\Illuminate\\Pipeline\\Pipeline.php(183): Illuminate\\Foundation\\Http\\Middleware\\ValidatePostSize->handle(Object(Illuminate\\Http\\Request), Object(Closure))
#42 C:\\Users\\User\\Desktop\\ING DAVID VEGA\\FULLSTACK\\MundoNavidenio365\\vendor\\laravel\\framework\\src\\Illuminate\\Foundation\\Http\\Middleware\\PreventRequestsDuringMaintenance.php(99): Illuminate\\Pipeline\\Pipeline->Illuminate\\Pipeline\\{closure}(Object(Illuminate\\Http\\Request))
#43 C:\\Users\\User\\Desktop\\ING DAVID VEGA\\FULLSTACK\\MundoNavidenio365\\vendor\\laravel\\framework\\src\\Illuminate\\Pipeline\\Pipeline.php(183): Illuminate\\Foundation\\Http\\Middleware\\PreventRequestsDuringMaintenance->handle(Object(Illuminate\\Http\\Request), Object(Closure))
#44 C:\\Users\\User\\Desktop\\ING DAVID VEGA\\FULLSTACK\\MundoNavidenio365\\vendor\\laravel\\framework\\src\\Illuminate\\Http\\Middleware\\HandleCors.php(49): Illuminate\\Pipeline\\Pipeline->Illuminate\\Pipeline\\{closure}(Object(Illuminate\\Http\\Request))
#45 C:\\Users\\User\\Desktop\\ING DAVID VEGA\\FULLSTACK\\MundoNavidenio365\\vendor\\laravel\\framework\\src\\Illuminate\\Pipeline\\Pipeline.php(183): Illuminate\\Http\\Middleware\\HandleCors->handle(Object(Illuminate\\Http\\Request), Object(Closure))
#46 C:\\Users\\User\\Desktop\\ING DAVID VEGA\\FULLSTACK\\MundoNavidenio365\\vendor\\laravel\\framework\\src\\Illuminate\\Http\\Middleware\\TrustProxies.php(39): Illuminate\\Pipeline\\Pipeline->Illuminate\\Pipeline\\{closure}(Object(Illuminate\\Http\\Request))
#47 C:\\Users\\User\\Desktop\\ING DAVID VEGA\\FULLSTACK\\MundoNavidenio365\\vendor\\laravel\\framework\\src\\Illuminate\\Pipeline\\Pipeline.php(183): Illuminate\\Http\\Middleware\\TrustProxies->handle(Object(Illuminate\\Http\\Request), Object(Closure))
#48 C:\\Users\\User\\Desktop\\ING DAVID VEGA\\FULLSTACK\\MundoNavidenio365\\vendor\\laravel\\framework\\src\\Illuminate\\Pipeline\\Pipeline.php(119): Illuminate\\Pipeline\\Pipeline->Illuminate\\Pipeline\\{closure}(Object(Illuminate\\Http\\Request))
#49 C:\\Users\\User\\Desktop\\ING DAVID VEGA\\FULLSTACK\\MundoNavidenio365\\vendor\\laravel\\framework\\src\\Illuminate\\Foundation\\Http\\Kernel.php(175): Illuminate\\Pipeline\\Pipeline->then(Object(Closure))
#50 C:\\Users\\User\\Desktop\\ING DAVID VEGA\\FULLSTACK\\MundoNavidenio365\\vendor\\laravel\\framework\\src\\Illuminate\\Foundation\\Http\\Kernel.php(144): Illuminate\\Foundation\\Http\\Kernel->sendRequestThroughRouter(Object(Illuminate\\Http\\Request))
#51 C:\\Users\\User\\Desktop\\ING DAVID VEGA\\FULLSTACK\\MundoNavidenio365\\public\\index.php(51): Illuminate\\Foundation\\Http\\Kernel->handle(Object(Illuminate\\Http\\Request))
#52 C:\\Users\\User\\Desktop\\ING DAVID VEGA\\FULLSTACK\\MundoNavidenio365\\vendor\\laravel\\framework\\src\\Illuminate\\Foundation\\resources\\server.php(16): require_once('C:\\\\Users\\\\User\\\\D...')
#53 {main}

[previous exception] [object] (PDOException(code: 42S22): SQLSTATE[42S22]: Column not found: 1054 Unknown column 'ambiente' in 'field list' at C:\\Users\\User\\Desktop\\ING DAVID VEGA\\FULLSTACK\\MundoNavidenio365\\vendor\\laravel\\framework\\src\\Illuminate\\Database\\Connection.php:423)
[stacktrace]
#0 C:\\Users\\User\\Desktop\\ING DAVID VEGA\\FULLSTACK\\MundoNavidenio365\\vendor\\laravel\\framework\\src\\Illuminate\\Database\\Connection.php(423): PDO->prepare('select `id`, `n...')
#1 C:\\Users\\User\\Desktop\\ING DAVID VEGA\\FULLSTACK\\MundoNavidenio365\\vendor\\laravel\\framework\\src\\Illuminate\\Database\\Connection.php(816): Illuminate\\Database\\Connection->Illuminate\\Database\\{closure}('select `id`, `n...', Array)
#2 C:\\Users\\User\\Desktop\\ING DAVID VEGA\\FULLSTACK\\MundoNavidenio365\\vendor\\laravel\\framework\\src\\Illuminate\\Database\\Connection.php(783): Illuminate\\Database\\Connection->runQueryCallback('select `id`, `n...', Array, Object(Closure))
#3 C:\\Users\\User\\Desktop\\ING DAVID VEGA\\FULLSTACK\\MundoNavidenio365\\vendor\\laravel\\framework\\src\\Illuminate\\Database\\Connection.php(414): Illuminate\\Database\\Connection->run('select `id`, `n...', Array, Object(Closure))
#4 C:\\Users\\User\\Desktop\\ING DAVID VEGA\\FULLSTACK\\MundoNavidenio365\\vendor\\laravel\\framework\\src\\Illuminate\\Database\\Query\\Builder.php(2913): Illuminate\\Database\\Connection->select('select `id`, `n...', Array, true)
#5 C:\\Users\\User\\Desktop\\ING DAVID VEGA\\FULLSTACK\\MundoNavidenio365\\vendor\\laravel\\framework\\src\\Illuminate\\Database\\Query\\Builder.php(2902): Illuminate\\Database\\Query\\Builder->runSelect()
#6 C:\\Users\\User\\Desktop\\ING DAVID VEGA\\FULLSTACK\\MundoNavidenio365\\vendor\\laravel\\framework\\src\\Illuminate\\Database\\Query\\Builder.php(3456): Illuminate\\Database\\Query\\Builder->Illuminate\\Database\\Query\\{closure}()
#7 C:\\Users\\User\\Desktop\\ING DAVID VEGA\\FULLSTACK\\MundoNavidenio365\\vendor\\laravel\\framework\\src\\Illuminate\\Database\\Query\\Builder.php(2901): Illuminate\\Database\\Query\\Builder->onceWithColumns(Array, Object(Closure))
#8 C:\\Users\\User\\Desktop\\ING DAVID VEGA\\FULLSTACK\\MundoNavidenio365\\vendor\\laravel\\framework\\src\\Illuminate\\Database\\Eloquent\\Builder.php(739): Illuminate\\Database\\Query\\Builder->get(Array)
#9 C:\\Users\\User\\Desktop\\ING DAVID VEGA\\FULLSTACK\\MundoNavidenio365\\vendor\\laravel\\framework\\src\\Illuminate\\Database\\Eloquent\\Builder.php(723): Illuminate\\Database\\Eloquent\\Builder->getModels(Array)
#10 C:\\Users\\User\\Desktop\\ING DAVID VEGA\\FULLSTACK\\MundoNavidenio365\\vendor\\laravel\\framework\\src\\Illuminate\\Database\\Concerns\\BuildsQueries.php(333): Illuminate\\Database\\Eloquent\\Builder->get(Array)
#11 C:\\Users\\User\\Desktop\\ING DAVID VEGA\\FULLSTACK\\MundoNavidenio365\\app\\Http\\Middleware\\HandleInertiaRequests.php(37): Illuminate\\Database\\Eloquent\\Builder->first()
#12 C:\\Users\\User\\Desktop\\ING DAVID VEGA\\FULLSTACK\\MundoNavidenio365\\vendor\\inertiajs\\inertia-laravel\\src\\Middleware.php(84): App\\Http\\Middleware\\HandleInertiaRequests->share(Object(Illuminate\\Http\\Request))
#13 C:\\Users\\User\\Desktop\\ING DAVID VEGA\\FULLSTACK\\MundoNavidenio365\\vendor\\laravel\\framework\\src\\Illuminate\\Pipeline\\Pipeline.php(183): Inertia\\Middleware->handle(Object(Illuminate\\Http\\Request), Object(Closure))
#14 C:\\Users\\User\\Desktop\\ING DAVID VEGA\\FULLSTACK\\MundoNavidenio365\\vendor\\laravel\\framework\\src\\Illuminate\\Routing\\Middleware\\SubstituteBindings.php(50): Illuminate\\Pipeline\\Pipeline->Illuminate\\Pipeline\\{closure}(Object(Illuminate\\Http\\Request))
#15 C:\\Users\\User\\Desktop\\ING DAVID VEGA\\FULLSTACK\\MundoNavidenio365\\vendor\\laravel\\framework\\src\\Illuminate\\Pipeline\\Pipeline.php(183): Illuminate\\Routing\\Middleware\\SubstituteBindings->handle(Object(Illuminate\\Http\\Request), Object(Closure))
#16 C:\\Users\\User\\Desktop\\ING DAVID VEGA\\FULLSTACK\\MundoNavidenio365\\vendor\\laravel\\framework\\src\\Illuminate\\Auth\\Middleware\\Authenticate.php(57): Illuminate\\Pipeline\\Pipeline->Illuminate\\Pipeline\\{closure}(Object(Illuminate\\Http\\Request))
#17 C:\\Users\\User\\Desktop\\ING DAVID VEGA\\FULLSTACK\\MundoNavidenio365\\vendor\\laravel\\framework\\src\\Illuminate\\Pipeline\\Pipeline.php(183): Illuminate\\Auth\\Middleware\\Authenticate->handle(Object(Illuminate\\Http\\Request), Object(Closure))
#18 C:\\Users\\User\\Desktop\\ING DAVID VEGA\\FULLSTACK\\MundoNavidenio365\\vendor\\laravel\\framework\\src\\Illuminate\\Foundation\\Http\\Middleware\\VerifyCsrfToken.php(78): Illuminate\\Pipeline\\Pipeline->Illuminate\\Pipeline\\{closure}(Object(Illuminate\\Http\\Request))
#19 C:\\Users\\User\\Desktop\\ING DAVID VEGA\\FULLSTACK\\MundoNavidenio365\\vendor\\laravel\\framework\\src\\Illuminate\\Pipeline\\Pipeline.php(183): Illuminate\\Foundation\\Http\\Middleware\\VerifyCsrfToken->handle(Object(Illuminate\\Http\\Request), Object(Closure))
#20 C:\\Users\\User\\Desktop\\ING DAVID VEGA\\FULLSTACK\\MundoNavidenio365\\vendor\\laravel\\framework\\src\\Illuminate\\View\\Middleware\\ShareErrorsFromSession.php(49): Illuminate\\Pipeline\\Pipeline->Illuminate\\Pipeline\\{closure}(Object(Illuminate\\Http\\Request))
#21 C:\\Users\\User\\Desktop\\ING DAVID VEGA\\FULLSTACK\\MundoNavidenio365\\vendor\\laravel\\framework\\src\\Illuminate\\Pipeline\\Pipeline.php(183): Illuminate\\View\\Middleware\\ShareErrorsFromSession->handle(Object(Illuminate\\Http\\Request), Object(Closure))
#22 C:\\Users\\User\\Desktop\\ING DAVID VEGA\\FULLSTACK\\MundoNavidenio365\\vendor\\laravel\\framework\\src\\Illuminate\\Session\\Middleware\\StartSession.php(121): Illuminate\\Pipeline\\Pipeline->Illuminate\\Pipeline\\{closure}(Object(Illuminate\\Http\\Request))
#23 C:\\Users\\User\\Desktop\\ING DAVID VEGA\\FULLSTACK\\MundoNavidenio365\\vendor\\laravel\\framework\\src\\Illuminate\\Session\\Middleware\\StartSession.php(64): Illuminate\\Session\\Middleware\\StartSession->handleStatefulRequest(Object(Illuminate\\Http\\Request), Object(Illuminate\\Session\\Store), Object(Closure))
#24 C:\\Users\\User\\Desktop\\ING DAVID VEGA\\FULLSTACK\\MundoNavidenio365\\vendor\\laravel\\framework\\src\\Illuminate\\Pipeline\\Pipeline.php(183): Illuminate\\Session\\Middleware\\StartSession->handle(Object(Illuminate\\Http\\Request), Object(Closure))
#25 C:\\Users\\User\\Desktop\\ING DAVID VEGA\\FULLSTACK\\MundoNavidenio365\\vendor\\laravel\\framework\\src\\Illuminate\\Cookie\\Middleware\\AddQueuedCookiesToResponse.php(37): Illuminate\\Pipeline\\Pipeline->Illuminate\\Pipeline\\{closure}(Object(Illuminate\\Http\\Request))
#26 C:\\Users\\User\\Desktop\\ING DAVID VEGA\\FULLSTACK\\MundoNavidenio365\\vendor\\laravel\\framework\\src\\Illuminate\\Pipeline\\Pipeline.php(183): Illuminate\\Cookie\\Middleware\\AddQueuedCookiesToResponse->handle(Object(Illuminate\\Http\\Request), Object(Closure))
#27 C:\\Users\\User\\Desktop\\ING DAVID VEGA\\FULLSTACK\\MundoNavidenio365\\vendor\\laravel\\framework\\src\\Illuminate\\Cookie\\Middleware\\EncryptCookies.php(67): Illuminate\\Pipeline\\Pipeline->Illuminate\\Pipeline\\{closure}(Object(Illuminate\\Http\\Request))
#28 C:\\Users\\User\\Desktop\\ING DAVID VEGA\\FULLSTACK\\MundoNavidenio365\\vendor\\laravel\\framework\\src\\Illuminate\\Pipeline\\Pipeline.php(183): Illuminate\\Cookie\\Middleware\\EncryptCookies->handle(Object(Illuminate\\Http\\Request), Object(Closure))
#29 C:\\Users\\User\\Desktop\\ING DAVID VEGA\\FULLSTACK\\MundoNavidenio365\\vendor\\laravel\\framework\\src\\Illuminate\\Pipeline\\Pipeline.php(119): Illuminate\\Pipeline\\Pipeline->Illuminate\\Pipeline\\{closure}(Object(Illuminate\\Http\\Request))
#30 C:\\Users\\User\\Desktop\\ING DAVID VEGA\\FULLSTACK\\MundoNavidenio365\\vendor\\laravel\\framework\\src\\Illuminate\\Routing\\Router.php(805): Illuminate\\Pipeline\\Pipeline->then(Object(Closure))
#31 C:\\Users\\User\\Desktop\\ING DAVID VEGA\\FULLSTACK\\MundoNavidenio365\\vendor\\laravel\\framework\\src\\Illuminate\\Routing\\Router.php(784): Illuminate\\Routing\\Router->runRouteWithinStack(Object(Illuminate\\Routing\\Route), Object(Illuminate\\Http\\Request))
#32 C:\\Users\\User\\Desktop\\ING DAVID VEGA\\FULLSTACK\\MundoNavidenio365\\vendor\\laravel\\framework\\src\\Illuminate\\Routing\\Router.php(748): Illuminate\\Routing\\Router->runRoute(Object(Illuminate\\Http\\Request), Object(Illuminate\\Routing\\Route))
#33 C:\\Users\\User\\Desktop\\ING DAVID VEGA\\FULLSTACK\\MundoNavidenio365\\vendor\\laravel\\framework\\src\\Illuminate\\Routing\\Router.php(737): Illuminate\\Routing\\Router->dispatchToRoute(Object(Illuminate\\Http\\Request))
#34 C:\\Users\\User\\Desktop\\ING DAVID VEGA\\FULLSTACK\\MundoNavidenio365\\vendor\\laravel\\framework\\src\\Illuminate\\Foundation\\Http\\Kernel.php(200): Illuminate\\Routing\\Router->dispatch(Object(Illuminate\\Http\\Request))
#35 C:\\Users\\User\\Desktop\\ING DAVID VEGA\\FULLSTACK\\MundoNavidenio365\\vendor\\laravel\\framework\\src\\Illuminate\\Pipeline\\Pipeline.php(144): Illuminate\\Foundation\\Http\\Kernel->Illuminate\\Foundation\\Http\\{closure}(Object(Illuminate\\Http\\Request))
#36 C:\\Users\\User\\Desktop\\ING DAVID VEGA\\FULLSTACK\\MundoNavidenio365\\vendor\\laravel\\framework\\src\\Illuminate\\Foundation\\Http\\Middleware\\TransformsRequest.php(21): Illuminate\\Pipeline\\Pipeline->Illuminate\\Pipeline\\{closure}(Object(Illuminate\\Http\\Request))
#37 C:\\Users\\User\\Desktop\\ING DAVID VEGA\\FULLSTACK\\MundoNavidenio365\\vendor\\laravel\\framework\\src\\Illuminate\\Foundation\\Http\\Middleware\\ConvertEmptyStringsToNull.php(31): Illuminate\\Foundation\\Http\\Middleware\\TransformsRequest->handle(Object(Illuminate\\Http\\Request), Object(Closure))
#38 C:\\Users\\User\\Desktop\\ING DAVID VEGA\\FULLSTACK\\MundoNavidenio365\\vendor\\laravel\\framework\\src\\Illuminate\\Pipeline\\Pipeline.php(183): Illuminate\\Foundation\\Http\\Middleware\\ConvertEmptyStringsToNull->handle(Object(Illuminate\\Http\\Request), Object(Closure))
#39 C:\\Users\\User\\Desktop\\ING DAVID VEGA\\FULLSTACK\\MundoNavidenio365\\vendor\\laravel\\framework\\src\\Illuminate\\Foundation\\Http\\Middleware\\TransformsRequest.php(21): Illuminate\\Pipeline\\Pipeline->Illuminate\\Pipeline\\{closure}(Object(Illuminate\\Http\\Request))
#40 C:\\Users\\User\\Desktop\\ING DAVID VEGA\\FULLSTACK\\MundoNavidenio365\\vendor\\laravel\\framework\\src\\Illuminate\\Foundation\\Http\\Middleware\\TrimStrings.php(40): Illuminate\\Foundation\\Http\\Middleware\\TransformsRequest->handle(Object(Illuminate\\Http\\Request), Object(Closure))
#41 C:\\Users\\User\\Desktop\\ING DAVID VEGA\\FULLSTACK\\MundoNavidenio365\\vendor\\laravel\\framework\\src\\Illuminate\\Pipeline\\Pipeline.php(183): Illuminate\\Foundation\\Http\\Middleware\\TrimStrings->handle(Object(Illuminate\\Http\\Request), Object(Closure))
#42 C:\\Users\\User\\Desktop\\ING DAVID VEGA\\FULLSTACK\\MundoNavidenio365\\vendor\\laravel\\framework\\src\\Illuminate\\Foundation\\Http\\Middleware\\ValidatePostSize.php(27): Illuminate\\Pipeline\\Pipeline->Illuminate\\Pipeline\\{closure}(Object(Illuminate\\Http\\Request))
#43 C:\\Users\\User\\Desktop\\ING DAVID VEGA\\FULLSTACK\\MundoNavidenio365\\vendor\\laravel\\framework\\src\\Illuminate\\Pipeline\\Pipeline.php(183): Illuminate\\Foundation\\Http\\Middleware\\ValidatePostSize->handle(Object(Illuminate\\Http\\Request), Object(Closure))
#44 C:\\Users\\User\\Desktop\\ING DAVID VEGA\\FULLSTACK\\MundoNavidenio365\\vendor\\laravel\\framework\\src\\Illuminate\\Foundation\\Http\\Middleware\\PreventRequestsDuringMaintenance.php(99): Illuminate\\Pipeline\\Pipeline->Illuminate\\Pipeline\\{closure}(Object(Illuminate\\Http\\Request))
#45 C:\\Users\\User\\Desktop\\ING DAVID VEGA\\FULLSTACK\\MundoNavidenio365\\vendor\\laravel\\framework\\src\\Illuminate\\Pipeline\\Pipeline.php(183): Illuminate\\Foundation\\Http\\Middleware\\PreventRequestsDuringMaintenance->handle(Object(Illuminate\\Http\\Request), Object(Closure))
#46 C:\\Users\\User\\Desktop\\ING DAVID VEGA\\FULLSTACK\\MundoNavidenio365\\vendor\\laravel\\framework\\src\\Illuminate\\Http\\Middleware\\HandleCors.php(49): Illuminate\\Pipeline\\Pipeline->Illuminate\\Pipeline\\{closure}(Object(Illuminate\\Http\\Request))
#47 C:\\Users\\User\\Desktop\\ING DAVID VEGA\\FULLSTACK\\MundoNavidenio365\\vendor\\laravel\\framework\\src\\Illuminate\\Pipeline\\Pipeline.php(183): Illuminate\\Http\\Middleware\\HandleCors->handle(Object(Illuminate\\Http\\Request), Object(Closure))
#48 C:\\Users\\User\\Desktop\\ING DAVID VEGA\\FULLSTACK\\MundoNavidenio365\\vendor\\laravel\\framework\\src\\Illuminate\\Http\\Middleware\\TrustProxies.php(39): Illuminate\\Pipeline\\Pipeline->Illuminate\\Pipeline\\{closure}(Object(Illuminate\\Http\\Request))
#49 C:\\Users\\User\\Desktop\\ING DAVID VEGA\\FULLSTACK\\MundoNavidenio365\\vendor\\laravel\\framework\\src\\Illuminate\\Pipeline\\Pipeline.php(183): Illuminate\\Http\\Middleware\\TrustProxies->handle(Object(Illuminate\\Http\\Request), Object(Closure))
#50 C:\\Users\\User\\Desktop\\ING DAVID VEGA\\FULLSTACK\\MundoNavidenio365\\vendor\\laravel\\framework\\src\\Illuminate\\Pipeline\\Pipeline.php(119): Illuminate\\Pipeline\\Pipeline->Illuminate\\Pipeline\\{closure}(Object(Illuminate\\Http\\Request))
#51 C:\\Users\\User\\Desktop\\ING DAVID VEGA\\FULLSTACK\\MundoNavidenio365\\vendor\\laravel\\framework\\src\\Illuminate\\Foundation\\Http\\Kernel.php(175): Illuminate\\Pipeline\\Pipeline->then(Object(Closure))
#52 C:\\Users\\User\\Desktop\\ING DAVID VEGA\\FULLSTACK\\MundoNavidenio365\\vendor\\laravel\\framework\\src\\Illuminate\\Foundation\\Http\\Kernel.php(144): Illuminate\\Foundation\\Http\\Kernel->sendRequestThroughRouter(Object(Illuminate\\Http\\Request))
#53 C:\\Users\\User\\Desktop\\ING DAVID VEGA\\FULLSTACK\\MundoNavidenio365\\public\\index.php(51): Illuminate\\Foundation\\Http\\Kernel->handle(Object(Illuminate\\Http\\Request))
#54 C:\\Users\\User\\Desktop\\ING DAVID VEGA\\FULLSTACK\\MundoNavidenio365\\vendor\\laravel\\framework\\src\\Illuminate\\Foundation\\resources\\server.php(16): require_once('C:\\\\Users\\\\User\\\\D...')
#55 {main}
"} 
[2026-01-25 07:27:22] local.ERROR: Class App\Services\SignDOcumentToSRI: Failure signing data: error:0308010C:digital envelope routines::unsupported {"userId":1,"exception":"[object] (Exception(code: 0): Class App\\Services\\SignDOcumentToSRI: Failure signing data: error:0308010C:digital envelope routines::unsupported at C:\\Users\\User\\Desktop\\ING DAVID VEGA\\FULLSTACK\\MundoNavidenio365\\app\\Services\\TraitXadesbes.php:44)
[stacktrace]
#0 C:\\Users\\User\\Desktop\\ING DAVID VEGA\\FULLSTACK\\MundoNavidenio365\\app\\Services\\Sign.php(30): App\\Services\\Sign->readCerts()
#1 C:\\Users\\User\\Desktop\\ING DAVID VEGA\\FULLSTACK\\MundoNavidenio365\\app\\Services\\SignDOcumentToSRI.php(138): App\\Services\\Sign->__construct('file://C:\\\\Users...', 'Pablito0508', '<?xml version=\"...')
#2 C:\\Users\\User\\Desktop\\ING DAVID VEGA\\FULLSTACK\\MundoNavidenio365\\app\\Http\\Controllers\\Admin\\VentasController.php(830): App\\Services\\SignDOcumentToSRI->__construct('factura', 'file://C:\\\\Users...', 'Pablito0508', '<?xml version=\"...', Array, NULL)
#3 C:\\Users\\User\\Desktop\\ING DAVID VEGA\\FULLSTACK\\MundoNavidenio365\\vendor\\laravel\\framework\\src\\Illuminate\\Routing\\Controller.php(54): App\\Http\\Controllers\\Admin\\VentasController->guardarPagos(Object(Illuminate\\Http\\Request), '2')
#4 C:\\Users\\User\\Desktop\\ING DAVID VEGA\\FULLSTACK\\MundoNavidenio365\\vendor\\laravel\\framework\\src\\Illuminate\\Routing\\ControllerDispatcher.php(43): Illuminate\\Routing\\Controller->callAction('guardarPagos', Array)
#5 C:\\Users\\User\\Desktop\\ING DAVID VEGA\\FULLSTACK\\MundoNavidenio365\\vendor\\laravel\\framework\\src\\Illuminate\\Routing\\Route.php(259): Illuminate\\Routing\\ControllerDispatcher->dispatch(Object(Illuminate\\Routing\\Route), Object(App\\Http\\Controllers\\Admin\\VentasController), 'guardarPagos')
#6 C:\\Users\\User\\Desktop\\ING DAVID VEGA\\FULLSTACK\\MundoNavidenio365\\vendor\\laravel\\framework\\src\\Illuminate\\Routing\\Route.php(205): Illuminate\\Routing\\Route->runController()
#7 C:\\Users\\User\\Desktop\\ING DAVID VEGA\\FULLSTACK\\MundoNavidenio365\\vendor\\laravel\\framework\\src\\Illuminate\\Routing\\Router.php(806): Illuminate\\Routing\\Route->run()
#8 C:\\Users\\User\\Desktop\\ING DAVID VEGA\\FULLSTACK\\MundoNavidenio365\\vendor\\laravel\\framework\\src\\Illuminate\\Pipeline\\Pipeline.php(144): Illuminate\\Routing\\Router->Illuminate\\Routing\\{closure}(Object(Illuminate\\Http\\Request))
#9 C:\\Users\\User\\Desktop\\ING DAVID VEGA\\FULLSTACK\\MundoNavidenio365\\app\\Http\\Middleware\\RoleMiddleware.php(16): Illuminate\\Pipeline\\Pipeline->Illuminate\\Pipeline\\{closure}(Object(Illuminate\\Http\\Request))
#10 C:\\Users\\User\\Desktop\\ING DAVID VEGA\\FULLSTACK\\MundoNavidenio365\\vendor\\laravel\\framework\\src\\Illuminate\\Pipeline\\Pipeline.php(183): App\\Http\\Middleware\\RoleMiddleware->handle(Object(Illuminate\\Http\\Request), Object(Closure), 'Administrador')
#11 C:\\Users\\User\\Desktop\\ING DAVID VEGA\\FULLSTACK\\MundoNavidenio365\\vendor\\laravel\\framework\\src\\Illuminate\\Auth\\Middleware\\EnsureEmailIsVerified.php(41): Illuminate\\Pipeline\\Pipeline->Illuminate\\Pipeline\\{closure}(Object(Illuminate\\Http\\Request))
#12 C:\\Users\\User\\Desktop\\ING DAVID VEGA\\FULLSTACK\\MundoNavidenio365\\vendor\\laravel\\framework\\src\\Illuminate\\Pipeline\\Pipeline.php(183): Illuminate\\Auth\\Middleware\\EnsureEmailIsVerified->handle(Object(Illuminate\\Http\\Request), Object(Closure))
#13 C:\\Users\\User\\Desktop\\ING DAVID VEGA\\FULLSTACK\\MundoNavidenio365\\vendor\\laravel\\framework\\src\\Illuminate\\Http\\Middleware\\AddLinkHeadersForPreloadedAssets.php(20): Illuminate\\Pipeline\\Pipeline->Illuminate\\Pipeline\\{closure}(Object(Illuminate\\Http\\Request))
#14 C:\\Users\\User\\Desktop\\ING DAVID VEGA\\FULLSTACK\\MundoNavidenio365\\vendor\\laravel\\framework\\src\\Illuminate\\Pipeline\\Pipeline.php(183): Illuminate\\Http\\Middleware\\AddLinkHeadersForPreloadedAssets->handle(Object(Illuminate\\Http\\Request), Object(Closure))
#15 C:\\Users\\User\\Desktop\\ING DAVID VEGA\\FULLSTACK\\MundoNavidenio365\\vendor\\inertiajs\\inertia-laravel\\src\\Middleware.php(87): Illuminate\\Pipeline\\Pipeline->Illuminate\\Pipeline\\{closure}(Object(Illuminate\\Http\\Request))
#16 C:\\Users\\User\\Desktop\\ING DAVID VEGA\\FULLSTACK\\MundoNavidenio365\\vendor\\laravel\\framework\\src\\Illuminate\\Pipeline\\Pipeline.php(183): Inertia\\Middleware->handle(Object(Illuminate\\Http\\Request), Object(Closure))
#17 C:\\Users\\User\\Desktop\\ING DAVID VEGA\\FULLSTACK\\MundoNavidenio365\\vendor\\laravel\\framework\\src\\Illuminate\\Routing\\Middleware\\SubstituteBindings.php(50): Illuminate\\Pipeline\\Pipeline->Illuminate\\Pipeline\\{closure}(Object(Illuminate\\Http\\Request))
#18 C:\\Users\\User\\Desktop\\ING DAVID VEGA\\FULLSTACK\\MundoNavidenio365\\vendor\\laravel\\framework\\src\\Illuminate\\Pipeline\\Pipeline.php(183): Illuminate\\Routing\\Middleware\\SubstituteBindings->handle(Object(Illuminate\\Http\\Request), Object(Closure))
#19 C:\\Users\\User\\Desktop\\ING DAVID VEGA\\FULLSTACK\\MundoNavidenio365\\vendor\\laravel\\framework\\src\\Illuminate\\Auth\\Middleware\\Authenticate.php(57): Illuminate\\Pipeline\\Pipeline->Illuminate\\Pipeline\\{closure}(Object(Illuminate\\Http\\Request))
#20 C:\\Users\\User\\Desktop\\ING DAVID VEGA\\FULLSTACK\\MundoNavidenio365\\vendor\\laravel\\framework\\src\\Illuminate\\Pipeline\\Pipeline.php(183): Illuminate\\Auth\\Middleware\\Authenticate->handle(Object(Illuminate\\Http\\Request), Object(Closure))
#21 C:\\Users\\User\\Desktop\\ING DAVID VEGA\\FULLSTACK\\MundoNavidenio365\\vendor\\laravel\\framework\\src\\Illuminate\\Foundation\\Http\\Middleware\\VerifyCsrfToken.php(78): Illuminate\\Pipeline\\Pipeline->Illuminate\\Pipeline\\{closure}(Object(Illuminate\\Http\\Request))
#22 C:\\Users\\User\\Desktop\\ING DAVID VEGA\\FULLSTACK\\MundoNavidenio365\\vendor\\laravel\\framework\\src\\Illuminate\\Pipeline\\Pipeline.php(183): Illuminate\\Foundation\\Http\\Middleware\\VerifyCsrfToken->handle(Object(Illuminate\\Http\\Request), Object(Closure))
#23 C:\\Users\\User\\Desktop\\ING DAVID VEGA\\FULLSTACK\\MundoNavidenio365\\vendor\\laravel\\framework\\src\\Illuminate\\View\\Middleware\\ShareErrorsFromSession.php(49): Illuminate\\Pipeline\\Pipeline->Illuminate\\Pipeline\\{closure}(Object(Illuminate\\Http\\Request))
#24 C:\\Users\\User\\Desktop\\ING DAVID VEGA\\FULLSTACK\\MundoNavidenio365\\vendor\\laravel\\framework\\src\\Illuminate\\Pipeline\\Pipeline.php(183): Illuminate\\View\\Middleware\\ShareErrorsFromSession->handle(Object(Illuminate\\Http\\Request), Object(Closure))
#25 C:\\Users\\User\\Desktop\\ING DAVID VEGA\\FULLSTACK\\MundoNavidenio365\\vendor\\laravel\\framework\\src\\Illuminate\\Session\\Middleware\\StartSession.php(121): Illuminate\\Pipeline\\Pipeline->Illuminate\\Pipeline\\{closure}(Object(Illuminate\\Http\\Request))
#26 C:\\Users\\User\\Desktop\\ING DAVID VEGA\\FULLSTACK\\MundoNavidenio365\\vendor\\laravel\\framework\\src\\Illuminate\\Session\\Middleware\\StartSession.php(64): Illuminate\\Session\\Middleware\\StartSession->handleStatefulRequest(Object(Illuminate\\Http\\Request), Object(Illuminate\\Session\\Store), Object(Closure))
#27 C:\\Users\\User\\Desktop\\ING DAVID VEGA\\FULLSTACK\\MundoNavidenio365\\vendor\\laravel\\framework\\src\\Illuminate\\Pipeline\\Pipeline.php(183): Illuminate\\Session\\Middleware\\StartSession->handle(Object(Illuminate\\Http\\Request), Object(Closure))
#28 C:\\Users\\User\\Desktop\\ING DAVID VEGA\\FULLSTACK\\MundoNavidenio365\\vendor\\laravel\\framework\\src\\Illuminate\\Cookie\\Middleware\\AddQueuedCookiesToResponse.php(37): Illuminate\\Pipeline\\Pipeline->Illuminate\\Pipeline\\{closure}(Object(Illuminate\\Http\\Request))
#29 C:\\Users\\User\\Desktop\\ING DAVID VEGA\\FULLSTACK\\MundoNavidenio365\\vendor\\laravel\\framework\\src\\Illuminate\\Pipeline\\Pipeline.php(183): Illuminate\\Cookie\\Middleware\\AddQueuedCookiesToResponse->handle(Object(Illuminate\\Http\\Request), Object(Closure))
#30 C:\\Users\\User\\Desktop\\ING DAVID VEGA\\FULLSTACK\\MundoNavidenio365\\vendor\\laravel\\framework\\src\\Illuminate\\Cookie\\Middleware\\EncryptCookies.php(67): Illuminate\\Pipeline\\Pipeline->Illuminate\\Pipeline\\{closure}(Object(Illuminate\\Http\\Request))
#31 C:\\Users\\User\\Desktop\\ING DAVID VEGA\\FULLSTACK\\MundoNavidenio365\\vendor\\laravel\\framework\\src\\Illuminate\\Pipeline\\Pipeline.php(183): Illuminate\\Cookie\\Middleware\\EncryptCookies->handle(Object(Illuminate\\Http\\Request), Object(Closure))
#32 C:\\Users\\User\\Desktop\\ING DAVID VEGA\\FULLSTACK\\MundoNavidenio365\\vendor\\laravel\\framework\\src\\Illuminate\\Pipeline\\Pipeline.php(119): Illuminate\\Pipeline\\Pipeline->Illuminate\\Pipeline\\{closure}(Object(Illuminate\\Http\\Request))
#33 C:\\Users\\User\\Desktop\\ING DAVID VEGA\\FULLSTACK\\MundoNavidenio365\\vendor\\laravel\\framework\\src\\Illuminate\\Routing\\Router.php(805): Illuminate\\Pipeline\\Pipeline->then(Object(Closure))
#34 C:\\Users\\User\\Desktop\\ING DAVID VEGA\\FULLSTACK\\MundoNavidenio365\\vendor\\laravel\\framework\\src\\Illuminate\\Routing\\Router.php(784): Illuminate\\Routing\\Router->runRouteWithinStack(Object(Illuminate\\Routing\\Route), Object(Illuminate\\Http\\Request))
#35 C:\\Users\\User\\Desktop\\ING DAVID VEGA\\FULLSTACK\\MundoNavidenio365\\vendor\\laravel\\framework\\src\\Illuminate\\Routing\\Router.php(748): Illuminate\\Routing\\Router->runRoute(Object(Illuminate\\Http\\Request), Object(Illuminate\\Routing\\Route))
#36 C:\\Users\\User\\Desktop\\ING DAVID VEGA\\FULLSTACK\\MundoNavidenio365\\vendor\\laravel\\framework\\src\\Illuminate\\Routing\\Router.php(737): Illuminate\\Routing\\Router->dispatchToRoute(Object(Illuminate\\Http\\Request))
#37 C:\\Users\\User\\Desktop\\ING DAVID VEGA\\FULLSTACK\\MundoNavidenio365\\vendor\\laravel\\framework\\src\\Illuminate\\Foundation\\Http\\Kernel.php(200): Illuminate\\Routing\\Router->dispatch(Object(Illuminate\\Http\\Request))
#38 C:\\Users\\User\\Desktop\\ING DAVID VEGA\\FULLSTACK\\MundoNavidenio365\\vendor\\laravel\\framework\\src\\Illuminate\\Pipeline\\Pipeline.php(144): Illuminate\\Foundation\\Http\\Kernel->Illuminate\\Foundation\\Http\\{closure}(Object(Illuminate\\Http\\Request))
#39 C:\\Users\\User\\Desktop\\ING DAVID VEGA\\FULLSTACK\\MundoNavidenio365\\vendor\\laravel\\framework\\src\\Illuminate\\Foundation\\Http\\Middleware\\TransformsRequest.php(21): Illuminate\\Pipeline\\Pipeline->Illuminate\\Pipeline\\{closure}(Object(Illuminate\\Http\\Request))
#40 C:\\Users\\User\\Desktop\\ING DAVID VEGA\\FULLSTACK\\MundoNavidenio365\\vendor\\laravel\\framework\\src\\Illuminate\\Foundation\\Http\\Middleware\\ConvertEmptyStringsToNull.php(31): Illuminate\\Foundation\\Http\\Middleware\\TransformsRequest->handle(Object(Illuminate\\Http\\Request), Object(Closure))
#41 C:\\Users\\User\\Desktop\\ING DAVID VEGA\\FULLSTACK\\MundoNavidenio365\\vendor\\laravel\\framework\\src\\Illuminate\\Pipeline\\Pipeline.php(183): Illuminate\\Foundation\\Http\\Middleware\\ConvertEmptyStringsToNull->handle(Object(Illuminate\\Http\\Request), Object(Closure))
#42 C:\\Users\\User\\Desktop\\ING DAVID VEGA\\FULLSTACK\\MundoNavidenio365\\vendor\\laravel\\framework\\src\\Illuminate\\Foundation\\Http\\Middleware\\TransformsRequest.php(21): Illuminate\\Pipeline\\Pipeline->Illuminate\\Pipeline\\{closure}(Object(Illuminate\\Http\\Request))
#43 C:\\Users\\User\\Desktop\\ING DAVID VEGA\\FULLSTACK\\MundoNavidenio365\\vendor\\laravel\\framework\\src\\Illuminate\\Foundation\\Http\\Middleware\\TrimStrings.php(40): Illuminate\\Foundation\\Http\\Middleware\\TransformsRequest->handle(Object(Illuminate\\Http\\Request), Object(Closure))
#44 C:\\Users\\User\\Desktop\\ING DAVID VEGA\\FULLSTACK\\MundoNavidenio365\\vendor\\laravel\\framework\\src\\Illuminate\\Pipeline\\Pipeline.php(183): Illuminate\\Foundation\\Http\\Middleware\\TrimStrings->handle(Object(Illuminate\\Http\\Request), Object(Closure))
#45 C:\\Users\\User\\Desktop\\ING DAVID VEGA\\FULLSTACK\\MundoNavidenio365\\vendor\\laravel\\framework\\src\\Illuminate\\Foundation\\Http\\Middleware\\ValidatePostSize.php(27): Illuminate\\Pipeline\\Pipeline->Illuminate\\Pipeline\\{closure}(Object(Illuminate\\Http\\Request))
#46 C:\\Users\\User\\Desktop\\ING DAVID VEGA\\FULLSTACK\\MundoNavidenio365\\vendor\\laravel\\framework\\src\\Illuminate\\Pipeline\\Pipeline.php(183): Illuminate\\Foundation\\Http\\Middleware\\ValidatePostSize->handle(Object(Illuminate\\Http\\Request), Object(Closure))
#47 C:\\Users\\User\\Desktop\\ING DAVID VEGA\\FULLSTACK\\MundoNavidenio365\\vendor\\laravel\\framework\\src\\Illuminate\\Foundation\\Http\\Middleware\\PreventRequestsDuringMaintenance.php(99): Illuminate\\Pipeline\\Pipeline->Illuminate\\Pipeline\\{closure}(Object(Illuminate\\Http\\Request))
#48 C:\\Users\\User\\Desktop\\ING DAVID VEGA\\FULLSTACK\\MundoNavidenio365\\vendor\\laravel\\framework\\src\\Illuminate\\Pipeline\\Pipeline.php(183): Illuminate\\Foundation\\Http\\Middleware\\PreventRequestsDuringMaintenance->handle(Object(Illuminate\\Http\\Request), Object(Closure))
#49 C:\\Users\\User\\Desktop\\ING DAVID VEGA\\FULLSTACK\\MundoNavidenio365\\vendor\\laravel\\framework\\src\\Illuminate\\Http\\Middleware\\HandleCors.php(49): Illuminate\\Pipeline\\Pipeline->Illuminate\\Pipeline\\{closure}(Object(Illuminate\\Http\\Request))
#50 C:\\Users\\User\\Desktop\\ING DAVID VEGA\\FULLSTACK\\MundoNavidenio365\\vendor\\laravel\\framework\\src\\Illuminate\\Pipeline\\Pipeline.php(183): Illuminate\\Http\\Middleware\\HandleCors->handle(Object(Illuminate\\Http\\Request), Object(Closure))
#51 C:\\Users\\User\\Desktop\\ING DAVID VEGA\\FULLSTACK\\MundoNavidenio365\\vendor\\laravel\\framework\\src\\Illuminate\\Http\\Middleware\\TrustProxies.php(39): Illuminate\\Pipeline\\Pipeline->Illuminate\\Pipeline\\{closure}(Object(Illuminate\\Http\\Request))
#52 C:\\Users\\User\\Desktop\\ING DAVID VEGA\\FULLSTACK\\MundoNavidenio365\\vendor\\laravel\\framework\\src\\Illuminate\\Pipeline\\Pipeline.php(183): Illuminate\\Http\\Middleware\\TrustProxies->handle(Object(Illuminate\\Http\\Request), Object(Closure))
#53 C:\\Users\\User\\Desktop\\ING DAVID VEGA\\FULLSTACK\\MundoNavidenio365\\vendor\\laravel\\framework\\src\\Illuminate\\Pipeline\\Pipeline.php(119): Illuminate\\Pipeline\\Pipeline->Illuminate\\Pipeline\\{closure}(Object(Illuminate\\Http\\Request))
#54 C:\\Users\\User\\Desktop\\ING DAVID VEGA\\FULLSTACK\\MundoNavidenio365\\vendor\\laravel\\framework\\src\\Illuminate\\Foundation\\Http\\Kernel.php(175): Illuminate\\Pipeline\\Pipeline->then(Object(Closure))
#55 C:\\Users\\User\\Desktop\\ING DAVID VEGA\\FULLSTACK\\MundoNavidenio365\\vendor\\laravel\\framework\\src\\Illuminate\\Foundation\\Http\\Kernel.php(144): Illuminate\\Foundation\\Http\\Kernel->sendRequestThroughRouter(Object(Illuminate\\Http\\Request))
#56 C:\\Users\\User\\Desktop\\ING DAVID VEGA\\FULLSTACK\\MundoNavidenio365\\public\\index.php(51): Illuminate\\Foundation\\Http\\Kernel->handle(Object(Illuminate\\Http\\Request))
#57 C:\\Users\\User\\Desktop\\ING DAVID VEGA\\FULLSTACK\\MundoNavidenio365\\vendor\\laravel\\framework\\src\\Illuminate\\Foundation\\resources\\server.php(16): require_once('C:\\\\Users\\\\User\\\\D...')
#58 {main}
"} 
[2026-01-25 14:21:03] local.ERROR: Class App\Services\SignDOcumentToSRI: Failure signing data after legacy attempt: error:0308010C:digital envelope routines::unsupported {"userId":1,"exception":"[object] (Exception(code: 0): Class App\\Services\\SignDOcumentToSRI: Failure signing data after legacy attempt: error:0308010C:digital envelope routines::unsupported at C:\\Users\\User\\Desktop\\ING DAVID VEGA\\FULLSTACK\\MundoNavidenio365\\app\\Services\\TraitXadesbes.php:101)
[stacktrace]
#0 C:\\Users\\User\\Desktop\\ING DAVID VEGA\\FULLSTACK\\MundoNavidenio365\\app\\Services\\TraitXadesbes.php(51): App\\Services\\Sign->retryWithLegacy('0\\x82\"a\\x02\\x01\\x030\\x82\"\\x1A\\x06\\t*\\x86...')
#1 C:\\Users\\User\\Desktop\\ING DAVID VEGA\\FULLSTACK\\MundoNavidenio365\\app\\Services\\Sign.php(30): App\\Services\\Sign->readCerts()
#2 C:\\Users\\User\\Desktop\\ING DAVID VEGA\\FULLSTACK\\MundoNavidenio365\\app\\Services\\SignDOcumentToSRI.php(138): App\\Services\\Sign->__construct('file://C:\\\\Users...', 'Pablito0508', '<?xml version=\"...')
#3 C:\\Users\\User\\Desktop\\ING DAVID VEGA\\FULLSTACK\\MundoNavidenio365\\app\\Http\\Controllers\\Admin\\VentasController.php(830): App\\Services\\SignDOcumentToSRI->__construct('factura', 'file://C:\\\\Users...', 'Pablito0508', '<?xml version=\"...', Array, NULL)
#4 C:\\Users\\User\\Desktop\\ING DAVID VEGA\\FULLSTACK\\MundoNavidenio365\\vendor\\laravel\\framework\\src\\Illuminate\\Routing\\Controller.php(54): App\\Http\\Controllers\\Admin\\VentasController->guardarPagos(Object(Illuminate\\Http\\Request), '3')
#5 C:\\Users\\User\\Desktop\\ING DAVID VEGA\\FULLSTACK\\MundoNavidenio365\\vendor\\laravel\\framework\\src\\Illuminate\\Routing\\ControllerDispatcher.php(43): Illuminate\\Routing\\Controller->callAction('guardarPagos', Array)
#6 C:\\Users\\User\\Desktop\\ING DAVID VEGA\\FULLSTACK\\MundoNavidenio365\\vendor\\laravel\\framework\\src\\Illuminate\\Routing\\Route.php(259): Illuminate\\Routing\\ControllerDispatcher->dispatch(Object(Illuminate\\Routing\\Route), Object(App\\Http\\Controllers\\Admin\\VentasController), 'guardarPagos')
#7 C:\\Users\\User\\Desktop\\ING DAVID VEGA\\FULLSTACK\\MundoNavidenio365\\vendor\\laravel\\framework\\src\\Illuminate\\Routing\\Route.php(205): Illuminate\\Routing\\Route->runController()
#8 C:\\Users\\User\\Desktop\\ING DAVID VEGA\\FULLSTACK\\MundoNavidenio365\\vendor\\laravel\\framework\\src\\Illuminate\\Routing\\Router.php(806): Illuminate\\Routing\\Route->run()
#9 C:\\Users\\User\\Desktop\\ING DAVID VEGA\\FULLSTACK\\MundoNavidenio365\\vendor\\laravel\\framework\\src\\Illuminate\\Pipeline\\Pipeline.php(144): Illuminate\\Routing\\Router->Illuminate\\Routing\\{closure}(Object(Illuminate\\Http\\Request))
#10 C:\\Users\\User\\Desktop\\ING DAVID VEGA\\FULLSTACK\\MundoNavidenio365\\app\\Http\\Middleware\\RoleMiddleware.php(16): Illuminate\\Pipeline\\Pipeline->Illuminate\\Pipeline\\{closure}(Object(Illuminate\\Http\\Request))
#11 C:\\Users\\User\\Desktop\\ING DAVID VEGA\\FULLSTACK\\MundoNavidenio365\\vendor\\laravel\\framework\\src\\Illuminate\\Pipeline\\Pipeline.php(183): App\\Http\\Middleware\\RoleMiddleware->handle(Object(Illuminate\\Http\\Request), Object(Closure), 'Administrador')
#12 C:\\Users\\User\\Desktop\\ING DAVID VEGA\\FULLSTACK\\MundoNavidenio365\\vendor\\laravel\\framework\\src\\Illuminate\\Auth\\Middleware\\EnsureEmailIsVerified.php(41): Illuminate\\Pipeline\\Pipeline->Illuminate\\Pipeline\\{closure}(Object(Illuminate\\Http\\Request))
#13 C:\\Users\\User\\Desktop\\ING DAVID VEGA\\FULLSTACK\\MundoNavidenio365\\vendor\\laravel\\framework\\src\\Illuminate\\Pipeline\\Pipeline.php(183): Illuminate\\Auth\\Middleware\\EnsureEmailIsVerified->handle(Object(Illuminate\\Http\\Request), Object(Closure))
#14 C:\\Users\\User\\Desktop\\ING DAVID VEGA\\FULLSTACK\\MundoNavidenio365\\vendor\\laravel\\framework\\src\\Illuminate\\Http\\Middleware\\AddLinkHeadersForPreloadedAssets.php(20): Illuminate\\Pipeline\\Pipeline->Illuminate\\Pipeline\\{closure}(Object(Illuminate\\Http\\Request))
#15 C:\\Users\\User\\Desktop\\ING DAVID VEGA\\FULLSTACK\\MundoNavidenio365\\vendor\\laravel\\framework\\src\\Illuminate\\Pipeline\\Pipeline.php(183): Illuminate\\Http\\Middleware\\AddLinkHeadersForPreloadedAssets->handle(Object(Illuminate\\Http\\Request), Object(Closure))
#16 C:\\Users\\User\\Desktop\\ING DAVID VEGA\\FULLSTACK\\MundoNavidenio365\\vendor\\inertiajs\\inertia-laravel\\src\\Middleware.php(87): Illuminate\\Pipeline\\Pipeline->Illuminate\\Pipeline\\{closure}(Object(Illuminate\\Http\\Request))
#17 C:\\Users\\User\\Desktop\\ING DAVID VEGA\\FULLSTACK\\MundoNavidenio365\\vendor\\laravel\\framework\\src\\Illuminate\\Pipeline\\Pipeline.php(183): Inertia\\Middleware->handle(Object(Illuminate\\Http\\Request), Object(Closure))
#18 C:\\Users\\User\\Desktop\\ING DAVID VEGA\\FULLSTACK\\MundoNavidenio365\\vendor\\laravel\\framework\\src\\Illuminate\\Routing\\Middleware\\SubstituteBindings.php(50): Illuminate\\Pipeline\\Pipeline->Illuminate\\Pipeline\\{closure}(Object(Illuminate\\Http\\Request))
#19 C:\\Users\\User\\Desktop\\ING DAVID VEGA\\FULLSTACK\\MundoNavidenio365\\vendor\\laravel\\framework\\src\\Illuminate\\Pipeline\\Pipeline.php(183): Illuminate\\Routing\\Middleware\\SubstituteBindings->handle(Object(Illuminate\\Http\\Request), Object(Closure))
#20 C:\\Users\\User\\Desktop\\ING DAVID VEGA\\FULLSTACK\\MundoNavidenio365\\vendor\\laravel\\framework\\src\\Illuminate\\Auth\\Middleware\\Authenticate.php(57): Illuminate\\Pipeline\\Pipeline->Illuminate\\Pipeline\\{closure}(Object(Illuminate\\Http\\Request))
#21 C:\\Users\\User\\Desktop\\ING DAVID VEGA\\FULLSTACK\\MundoNavidenio365\\vendor\\laravel\\framework\\src\\Illuminate\\Pipeline\\Pipeline.php(183): Illuminate\\Auth\\Middleware\\Authenticate->handle(Object(Illuminate\\Http\\Request), Object(Closure))
#22 C:\\Users\\User\\Desktop\\ING DAVID VEGA\\FULLSTACK\\MundoNavidenio365\\vendor\\laravel\\framework\\src\\Illuminate\\Foundation\\Http\\Middleware\\VerifyCsrfToken.php(78): Illuminate\\Pipeline\\Pipeline->Illuminate\\Pipeline\\{closure}(Object(Illuminate\\Http\\Request))
#23 C:\\Users\\User\\Desktop\\ING DAVID VEGA\\FULLSTACK\\MundoNavidenio365\\vendor\\laravel\\framework\\src\\Illuminate\\Pipeline\\Pipeline.php(183): Illuminate\\Foundation\\Http\\Middleware\\VerifyCsrfToken->handle(Object(Illuminate\\Http\\Request), Object(Closure))
#24 C:\\Users\\User\\Desktop\\ING DAVID VEGA\\FULLSTACK\\MundoNavidenio365\\vendor\\laravel\\framework\\src\\Illuminate\\View\\Middleware\\ShareErrorsFromSession.php(49): Illuminate\\Pipeline\\Pipeline->Illuminate\\Pipeline\\{closure}(Object(Illuminate\\Http\\Request))
#25 C:\\Users\\User\\Desktop\\ING DAVID VEGA\\FULLSTACK\\MundoNavidenio365\\vendor\\laravel\\framework\\src\\Illuminate\\Pipeline\\Pipeline.php(183): Illuminate\\View\\Middleware\\ShareErrorsFromSession->handle(Object(Illuminate\\Http\\Request), Object(Closure))
#26 C:\\Users\\User\\Desktop\\ING DAVID VEGA\\FULLSTACK\\MundoNavidenio365\\vendor\\laravel\\framework\\src\\Illuminate\\Session\\Middleware\\StartSession.php(121): Illuminate\\Pipeline\\Pipeline->Illuminate\\Pipeline\\{closure}(Object(Illuminate\\Http\\Request))
#27 C:\\Users\\User\\Desktop\\ING DAVID VEGA\\FULLSTACK\\MundoNavidenio365\\vendor\\laravel\\framework\\src\\Illuminate\\Session\\Middleware\\StartSession.php(64): Illuminate\\Session\\Middleware\\StartSession->handleStatefulRequest(Object(Illuminate\\Http\\Request), Object(Illuminate\\Session\\Store), Object(Closure))
#28 C:\\Users\\User\\Desktop\\ING DAVID VEGA\\FULLSTACK\\MundoNavidenio365\\vendor\\laravel\\framework\\src\\Illuminate\\Pipeline\\Pipeline.php(183): Illuminate\\Session\\Middleware\\StartSession->handle(Object(Illuminate\\Http\\Request), Object(Closure))
#29 C:\\Users\\User\\Desktop\\ING DAVID VEGA\\FULLSTACK\\MundoNavidenio365\\vendor\\laravel\\framework\\src\\Illuminate\\Cookie\\Middleware\\AddQueuedCookiesToResponse.php(37): Illuminate\\Pipeline\\Pipeline->Illuminate\\Pipeline\\{closure}(Object(Illuminate\\Http\\Request))
#30 C:\\Users\\User\\Desktop\\ING DAVID VEGA\\FULLSTACK\\MundoNavidenio365\\vendor\\laravel\\framework\\src\\Illuminate\\Pipeline\\Pipeline.php(183): Illuminate\\Cookie\\Middleware\\AddQueuedCookiesToResponse->handle(Object(Illuminate\\Http\\Request), Object(Closure))
#31 C:\\Users\\User\\Desktop\\ING DAVID VEGA\\FULLSTACK\\MundoNavidenio365\\vendor\\laravel\\framework\\src\\Illuminate\\Cookie\\Middleware\\EncryptCookies.php(67): Illuminate\\Pipeline\\Pipeline->Illuminate\\Pipeline\\{closure}(Object(Illuminate\\Http\\Request))
#32 C:\\Users\\User\\Desktop\\ING DAVID VEGA\\FULLSTACK\\MundoNavidenio365\\vendor\\laravel\\framework\\src\\Illuminate\\Pipeline\\Pipeline.php(183): Illuminate\\Cookie\\Middleware\\EncryptCookies->handle(Object(Illuminate\\Http\\Request), Object(Closure))
#33 C:\\Users\\User\\Desktop\\ING DAVID VEGA\\FULLSTACK\\MundoNavidenio365\\vendor\\laravel\\framework\\src\\Illuminate\\Pipeline\\Pipeline.php(119): Illuminate\\Pipeline\\Pipeline->Illuminate\\Pipeline\\{closure}(Object(Illuminate\\Http\\Request))
#34 C:\\Users\\User\\Desktop\\ING DAVID VEGA\\FULLSTACK\\MundoNavidenio365\\vendor\\laravel\\framework\\src\\Illuminate\\Routing\\Router.php(805): Illuminate\\Pipeline\\Pipeline->then(Object(Closure))
#35 C:\\Users\\User\\Desktop\\ING DAVID VEGA\\FULLSTACK\\MundoNavidenio365\\vendor\\laravel\\framework\\src\\Illuminate\\Routing\\Router.php(784): Illuminate\\Routing\\Router->runRouteWithinStack(Object(Illuminate\\Routing\\Route), Object(Illuminate\\Http\\Request))
#36 C:\\Users\\User\\Desktop\\ING DAVID VEGA\\FULLSTACK\\MundoNavidenio365\\vendor\\laravel\\framework\\src\\Illuminate\\Routing\\Router.php(748): Illuminate\\Routing\\Router->runRoute(Object(Illuminate\\Http\\Request), Object(Illuminate\\Routing\\Route))
#37 C:\\Users\\User\\Desktop\\ING DAVID VEGA\\FULLSTACK\\MundoNavidenio365\\vendor\\laravel\\framework\\src\\Illuminate\\Routing\\Router.php(737): Illuminate\\Routing\\Router->dispatchToRoute(Object(Illuminate\\Http\\Request))
#38 C:\\Users\\User\\Desktop\\ING DAVID VEGA\\FULLSTACK\\MundoNavidenio365\\vendor\\laravel\\framework\\src\\Illuminate\\Foundation\\Http\\Kernel.php(200): Illuminate\\Routing\\Router->dispatch(Object(Illuminate\\Http\\Request))
#39 C:\\Users\\User\\Desktop\\ING DAVID VEGA\\FULLSTACK\\MundoNavidenio365\\vendor\\laravel\\framework\\src\\Illuminate\\Pipeline\\Pipeline.php(144): Illuminate\\Foundation\\Http\\Kernel->Illuminate\\Foundation\\Http\\{closure}(Object(Illuminate\\Http\\Request))
#40 C:\\Users\\User\\Desktop\\ING DAVID VEGA\\FULLSTACK\\MundoNavidenio365\\vendor\\laravel\\framework\\src\\Illuminate\\Foundation\\Http\\Middleware\\TransformsRequest.php(21): Illuminate\\Pipeline\\Pipeline->Illuminate\\Pipeline\\{closure}(Object(Illuminate\\Http\\Request))
#41 C:\\Users\\User\\Desktop\\ING DAVID VEGA\\FULLSTACK\\MundoNavidenio365\\vendor\\laravel\\framework\\src\\Illuminate\\Foundation\\Http\\Middleware\\ConvertEmptyStringsToNull.php(31): Illuminate\\Foundation\\Http\\Middleware\\TransformsRequest->handle(Object(Illuminate\\Http\\Request), Object(Closure))
#42 C:\\Users\\User\\Desktop\\ING DAVID VEGA\\FULLSTACK\\MundoNavidenio365\\vendor\\laravel\\framework\\src\\Illuminate\\Pipeline\\Pipeline.php(183): Illuminate\\Foundation\\Http\\Middleware\\ConvertEmptyStringsToNull->handle(Object(Illuminate\\Http\\Request), Object(Closure))
#43 C:\\Users\\User\\Desktop\\ING DAVID VEGA\\FULLSTACK\\MundoNavidenio365\\vendor\\laravel\\framework\\src\\Illuminate\\Foundation\\Http\\Middleware\\TransformsRequest.php(21): Illuminate\\Pipeline\\Pipeline->Illuminate\\Pipeline\\{closure}(Object(Illuminate\\Http\\Request))
#44 C:\\Users\\User\\Desktop\\ING DAVID VEGA\\FULLSTACK\\MundoNavidenio365\\vendor\\laravel\\framework\\src\\Illuminate\\Foundation\\Http\\Middleware\\TrimStrings.php(40): Illuminate\\Foundation\\Http\\Middleware\\TransformsRequest->handle(Object(Illuminate\\Http\\Request), Object(Closure))
#45 C:\\Users\\User\\Desktop\\ING DAVID VEGA\\FULLSTACK\\MundoNavidenio365\\vendor\\laravel\\framework\\src\\Illuminate\\Pipeline\\Pipeline.php(183): Illuminate\\Foundation\\Http\\Middleware\\TrimStrings->handle(Object(Illuminate\\Http\\Request), Object(Closure))
#46 C:\\Users\\User\\Desktop\\ING DAVID VEGA\\FULLSTACK\\MundoNavidenio365\\vendor\\laravel\\framework\\src\\Illuminate\\Foundation\\Http\\Middleware\\ValidatePostSize.php(27): Illuminate\\Pipeline\\Pipeline->Illuminate\\Pipeline\\{closure}(Object(Illuminate\\Http\\Request))
#47 C:\\Users\\User\\Desktop\\ING DAVID VEGA\\FULLSTACK\\MundoNavidenio365\\vendor\\laravel\\framework\\src\\Illuminate\\Pipeline\\Pipeline.php(183): Illuminate\\Foundation\\Http\\Middleware\\ValidatePostSize->handle(Object(Illuminate\\Http\\Request), Object(Closure))
#48 C:\\Users\\User\\Desktop\\ING DAVID VEGA\\FULLSTACK\\MundoNavidenio365\\vendor\\laravel\\framework\\src\\Illuminate\\Foundation\\Http\\Middleware\\PreventRequestsDuringMaintenance.php(99): Illuminate\\Pipeline\\Pipeline->Illuminate\\Pipeline\\{closure}(Object(Illuminate\\Http\\Request))
#49 C:\\Users\\User\\Desktop\\ING DAVID VEGA\\FULLSTACK\\MundoNavidenio365\\vendor\\laravel\\framework\\src\\Illuminate\\Pipeline\\Pipeline.php(183): Illuminate\\Foundation\\Http\\Middleware\\PreventRequestsDuringMaintenance->handle(Object(Illuminate\\Http\\Request), Object(Closure))
#50 C:\\Users\\User\\Desktop\\ING DAVID VEGA\\FULLSTACK\\MundoNavidenio365\\vendor\\laravel\\framework\\src\\Illuminate\\Http\\Middleware\\HandleCors.php(49): Illuminate\\Pipeline\\Pipeline->Illuminate\\Pipeline\\{closure}(Object(Illuminate\\Http\\Request))
#51 C:\\Users\\User\\Desktop\\ING DAVID VEGA\\FULLSTACK\\MundoNavidenio365\\vendor\\laravel\\framework\\src\\Illuminate\\Pipeline\\Pipeline.php(183): Illuminate\\Http\\Middleware\\HandleCors->handle(Object(Illuminate\\Http\\Request), Object(Closure))
#52 C:\\Users\\User\\Desktop\\ING DAVID VEGA\\FULLSTACK\\MundoNavidenio365\\vendor\\laravel\\framework\\src\\Illuminate\\Http\\Middleware\\TrustProxies.php(39): Illuminate\\Pipeline\\Pipeline->Illuminate\\Pipeline\\{closure}(Object(Illuminate\\Http\\Request))
#53 C:\\Users\\User\\Desktop\\ING DAVID VEGA\\FULLSTACK\\MundoNavidenio365\\vendor\\laravel\\framework\\src\\Illuminate\\Pipeline\\Pipeline.php(183): Illuminate\\Http\\Middleware\\TrustProxies->handle(Object(Illuminate\\Http\\Request), Object(Closure))
#54 C:\\Users\\User\\Desktop\\ING DAVID VEGA\\FULLSTACK\\MundoNavidenio365\\vendor\\laravel\\framework\\src\\Illuminate\\Pipeline\\Pipeline.php(119): Illuminate\\Pipeline\\Pipeline->Illuminate\\Pipeline\\{closure}(Object(Illuminate\\Http\\Request))
#55 C:\\Users\\User\\Desktop\\ING DAVID VEGA\\FULLSTACK\\MundoNavidenio365\\vendor\\laravel\\framework\\src\\Illuminate\\Foundation\\Http\\Kernel.php(175): Illuminate\\Pipeline\\Pipeline->then(Object(Closure))
#56 C:\\Users\\User\\Desktop\\ING DAVID VEGA\\FULLSTACK\\MundoNavidenio365\\vendor\\laravel\\framework\\src\\Illuminate\\Foundation\\Http\\Kernel.php(144): Illuminate\\Foundation\\Http\\Kernel->sendRequestThroughRouter(Object(Illuminate\\Http\\Request))
#57 C:\\Users\\User\\Desktop\\ING DAVID VEGA\\FULLSTACK\\MundoNavidenio365\\public\\index.php(51): Illuminate\\Foundation\\Http\\Kernel->handle(Object(Illuminate\\Http\\Request))
#58 C:\\Users\\User\\Desktop\\ING DAVID VEGA\\FULLSTACK\\MundoNavidenio365\\vendor\\laravel\\framework\\src\\Illuminate\\Foundation\\resources\\server.php(16): require_once('C:\\\\Users\\\\User\\\\D...')
#59 {main}
"} 
[2026-01-25 21:24:22] local.ERROR: Class App\Services\SignDOcumentToSRI: Failure signing data after legacy attempt: error:0308010C:digital envelope routines::unsupported {"userId":1,"exception":"[object] (Exception(code: 0): Class App\\Services\\SignDOcumentToSRI: Failure signing data after legacy attempt: error:0308010C:digital envelope routines::unsupported at C:\\Users\\User\\Desktop\\ING DAVID VEGA\\FULLSTACK\\MundoNavidenio365\\app\\Services\\TraitXadesbes.php:101)
[stacktrace]
#0 C:\\Users\\User\\Desktop\\ING DAVID VEGA\\FULLSTACK\\MundoNavidenio365\\app\\Services\\TraitXadesbes.php(51): App\\Services\\Sign->retryWithLegacy('0\\x82\"a\\x02\\x01\\x030\\x82\"\\x1A\\x06\\t*\\x86...')
#1 C:\\Users\\User\\Desktop\\ING DAVID VEGA\\FULLSTACK\\MundoNavidenio365\\app\\Services\\Sign.php(30): App\\Services\\Sign->readCerts()
#2 C:\\Users\\User\\Desktop\\ING DAVID VEGA\\FULLSTACK\\MundoNavidenio365\\app\\Services\\SignDOcumentToSRI.php(138): App\\Services\\Sign->__construct('file://C:\\\\Users...', 'Pablito0508', '<?xml version=\"...')
#3 C:\\Users\\User\\Desktop\\ING DAVID VEGA\\FULLSTACK\\MundoNavidenio365\\app\\Http\\Controllers\\Admin\\VentasController.php(830): App\\Services\\SignDOcumentToSRI->__construct('factura', 'file://C:\\\\Users...', 'Pablito0508', '<?xml version=\"...', Array, NULL)
#4 C:\\Users\\User\\Desktop\\ING DAVID VEGA\\FULLSTACK\\MundoNavidenio365\\vendor\\laravel\\framework\\src\\Illuminate\\Routing\\Controller.php(54): App\\Http\\Controllers\\Admin\\VentasController->guardarPagos(Object(Illuminate\\Http\\Request), '5')
#5 C:\\Users\\User\\Desktop\\ING DAVID VEGA\\FULLSTACK\\MundoNavidenio365\\vendor\\laravel\\framework\\src\\Illuminate\\Routing\\ControllerDispatcher.php(43): Illuminate\\Routing\\Controller->callAction('guardarPagos', Array)
#6 C:\\Users\\User\\Desktop\\ING DAVID VEGA\\FULLSTACK\\MundoNavidenio365\\vendor\\laravel\\framework\\src\\Illuminate\\Routing\\Route.php(259): Illuminate\\Routing\\ControllerDispatcher->dispatch(Object(Illuminate\\Routing\\Route), Object(App\\Http\\Controllers\\Admin\\VentasController), 'guardarPagos')
#7 C:\\Users\\User\\Desktop\\ING DAVID VEGA\\FULLSTACK\\MundoNavidenio365\\vendor\\laravel\\framework\\src\\Illuminate\\Routing\\Route.php(205): Illuminate\\Routing\\Route->runController()
#8 C:\\Users\\User\\Desktop\\ING DAVID VEGA\\FULLSTACK\\MundoNavidenio365\\vendor\\laravel\\framework\\src\\Illuminate\\Routing\\Router.php(806): Illuminate\\Routing\\Route->run()
#9 C:\\Users\\User\\Desktop\\ING DAVID VEGA\\FULLSTACK\\MundoNavidenio365\\vendor\\laravel\\framework\\src\\Illuminate\\Pipeline\\Pipeline.php(144): Illuminate\\Routing\\Router->Illuminate\\Routing\\{closure}(Object(Illuminate\\Http\\Request))
#10 C:\\Users\\User\\Desktop\\ING DAVID VEGA\\FULLSTACK\\MundoNavidenio365\\app\\Http\\Middleware\\RoleMiddleware.php(16): Illuminate\\Pipeline\\Pipeline->Illuminate\\Pipeline\\{closure}(Object(Illuminate\\Http\\Request))
#11 C:\\Users\\User\\Desktop\\ING DAVID VEGA\\FULLSTACK\\MundoNavidenio365\\vendor\\laravel\\framework\\src\\Illuminate\\Pipeline\\Pipeline.php(183): App\\Http\\Middleware\\RoleMiddleware->handle(Object(Illuminate\\Http\\Request), Object(Closure), 'Administrador')
#12 C:\\Users\\User\\Desktop\\ING DAVID VEGA\\FULLSTACK\\MundoNavidenio365\\vendor\\laravel\\framework\\src\\Illuminate\\Auth\\Middleware\\EnsureEmailIsVerified.php(41): Illuminate\\Pipeline\\Pipeline->Illuminate\\Pipeline\\{closure}(Object(Illuminate\\Http\\Request))
#13 C:\\Users\\User\\Desktop\\ING DAVID VEGA\\FULLSTACK\\MundoNavidenio365\\vendor\\laravel\\framework\\src\\Illuminate\\Pipeline\\Pipeline.php(183): Illuminate\\Auth\\Middleware\\EnsureEmailIsVerified->handle(Object(Illuminate\\Http\\Request), Object(Closure))
#14 C:\\Users\\User\\Desktop\\ING DAVID VEGA\\FULLSTACK\\MundoNavidenio365\\vendor\\laravel\\framework\\src\\Illuminate\\Http\\Middleware\\AddLinkHeadersForPreloadedAssets.php(20): Illuminate\\Pipeline\\Pipeline->Illuminate\\Pipeline\\{closure}(Object(Illuminate\\Http\\Request))
#15 C:\\Users\\User\\Desktop\\ING DAVID VEGA\\FULLSTACK\\MundoNavidenio365\\vendor\\laravel\\framework\\src\\Illuminate\\Pipeline\\Pipeline.php(183): Illuminate\\Http\\Middleware\\AddLinkHeadersForPreloadedAssets->handle(Object(Illuminate\\Http\\Request), Object(Closure))
#16 C:\\Users\\User\\Desktop\\ING DAVID VEGA\\FULLSTACK\\MundoNavidenio365\\vendor\\inertiajs\\inertia-laravel\\src\\Middleware.php(87): Illuminate\\Pipeline\\Pipeline->Illuminate\\Pipeline\\{closure}(Object(Illuminate\\Http\\Request))
#17 C:\\Users\\User\\Desktop\\ING DAVID VEGA\\FULLSTACK\\MundoNavidenio365\\vendor\\laravel\\framework\\src\\Illuminate\\Pipeline\\Pipeline.php(183): Inertia\\Middleware->handle(Object(Illuminate\\Http\\Request), Object(Closure))
#18 C:\\Users\\User\\Desktop\\ING DAVID VEGA\\FULLSTACK\\MundoNavidenio365\\vendor\\laravel\\framework\\src\\Illuminate\\Routing\\Middleware\\SubstituteBindings.php(50): Illuminate\\Pipeline\\Pipeline->Illuminate\\Pipeline\\{closure}(Object(Illuminate\\Http\\Request))
#19 C:\\Users\\User\\Desktop\\ING DAVID VEGA\\FULLSTACK\\MundoNavidenio365\\vendor\\laravel\\framework\\src\\Illuminate\\Pipeline\\Pipeline.php(183): Illuminate\\Routing\\Middleware\\SubstituteBindings->handle(Object(Illuminate\\Http\\Request), Object(Closure))
#20 C:\\Users\\User\\Desktop\\ING DAVID VEGA\\FULLSTACK\\MundoNavidenio365\\vendor\\laravel\\framework\\src\\Illuminate\\Auth\\Middleware\\Authenticate.php(57): Illuminate\\Pipeline\\Pipeline->Illuminate\\Pipeline\\{closure}(Object(Illuminate\\Http\\Request))
#21 C:\\Users\\User\\Desktop\\ING DAVID VEGA\\FULLSTACK\\MundoNavidenio365\\vendor\\laravel\\framework\\src\\Illuminate\\Pipeline\\Pipeline.php(183): Illuminate\\Auth\\Middleware\\Authenticate->handle(Object(Illuminate\\Http\\Request), Object(Closure))
#22 C:\\Users\\User\\Desktop\\ING DAVID VEGA\\FULLSTACK\\MundoNavidenio365\\vendor\\laravel\\framework\\src\\Illuminate\\Foundation\\Http\\Middleware\\VerifyCsrfToken.php(78): Illuminate\\Pipeline\\Pipeline->Illuminate\\Pipeline\\{closure}(Object(Illuminate\\Http\\Request))
#23 C:\\Users\\User\\Desktop\\ING DAVID VEGA\\FULLSTACK\\MundoNavidenio365\\vendor\\laravel\\framework\\src\\Illuminate\\Pipeline\\Pipeline.php(183): Illuminate\\Foundation\\Http\\Middleware\\VerifyCsrfToken->handle(Object(Illuminate\\Http\\Request), Object(Closure))
#24 C:\\Users\\User\\Desktop\\ING DAVID VEGA\\FULLSTACK\\MundoNavidenio365\\vendor\\laravel\\framework\\src\\Illuminate\\View\\Middleware\\ShareErrorsFromSession.php(49): Illuminate\\Pipeline\\Pipeline->Illuminate\\Pipeline\\{closure}(Object(Illuminate\\Http\\Request))
#25 C:\\Users\\User\\Desktop\\ING DAVID VEGA\\FULLSTACK\\MundoNavidenio365\\vendor\\laravel\\framework\\src\\Illuminate\\Pipeline\\Pipeline.php(183): Illuminate\\View\\Middleware\\ShareErrorsFromSession->handle(Object(Illuminate\\Http\\Request), Object(Closure))
#26 C:\\Users\\User\\Desktop\\ING DAVID VEGA\\FULLSTACK\\MundoNavidenio365\\vendor\\laravel\\framework\\src\\Illuminate\\Session\\Middleware\\StartSession.php(121): Illuminate\\Pipeline\\Pipeline->Illuminate\\Pipeline\\{closure}(Object(Illuminate\\Http\\Request))
#27 C:\\Users\\User\\Desktop\\ING DAVID VEGA\\FULLSTACK\\MundoNavidenio365\\vendor\\laravel\\framework\\src\\Illuminate\\Session\\Middleware\\StartSession.php(64): Illuminate\\Session\\Middleware\\StartSession->handleStatefulRequest(Object(Illuminate\\Http\\Request), Object(Illuminate\\Session\\Store), Object(Closure))
#28 C:\\Users\\User\\Desktop\\ING DAVID VEGA\\FULLSTACK\\MundoNavidenio365\\vendor\\laravel\\framework\\src\\Illuminate\\Pipeline\\Pipeline.php(183): Illuminate\\Session\\Middleware\\StartSession->handle(Object(Illuminate\\Http\\Request), Object(Closure))
#29 C:\\Users\\User\\Desktop\\ING DAVID VEGA\\FULLSTACK\\MundoNavidenio365\\vendor\\laravel\\framework\\src\\Illuminate\\Cookie\\Middleware\\AddQueuedCookiesToResponse.php(37): Illuminate\\Pipeline\\Pipeline->Illuminate\\Pipeline\\{closure}(Object(Illuminate\\Http\\Request))
#30 C:\\Users\\User\\Desktop\\ING DAVID VEGA\\FULLSTACK\\MundoNavidenio365\\vendor\\laravel\\framework\\src\\Illuminate\\Pipeline\\Pipeline.php(183): Illuminate\\Cookie\\Middleware\\AddQueuedCookiesToResponse->handle(Object(Illuminate\\Http\\Request), Object(Closure))
#31 C:\\Users\\User\\Desktop\\ING DAVID VEGA\\FULLSTACK\\MundoNavidenio365\\vendor\\laravel\\framework\\src\\Illuminate\\Cookie\\Middleware\\EncryptCookies.php(67): Illuminate\\Pipeline\\Pipeline->Illuminate\\Pipeline\\{closure}(Object(Illuminate\\Http\\Request))
#32 C:\\Users\\User\\Desktop\\ING DAVID VEGA\\FULLSTACK\\MundoNavidenio365\\vendor\\laravel\\framework\\src\\Illuminate\\Pipeline\\Pipeline.php(183): Illuminate\\Cookie\\Middleware\\EncryptCookies->handle(Object(Illuminate\\Http\\Request), Object(Closure))
#33 C:\\Users\\User\\Desktop\\ING DAVID VEGA\\FULLSTACK\\MundoNavidenio365\\vendor\\laravel\\framework\\src\\Illuminate\\Pipeline\\Pipeline.php(119): Illuminate\\Pipeline\\Pipeline->Illuminate\\Pipeline\\{closure}(Object(Illuminate\\Http\\Request))
#34 C:\\Users\\User\\Desktop\\ING DAVID VEGA\\FULLSTACK\\MundoNavidenio365\\vendor\\laravel\\framework\\src\\Illuminate\\Routing\\Router.php(805): Illuminate\\Pipeline\\Pipeline->then(Object(Closure))
#35 C:\\Users\\User\\Desktop\\ING DAVID VEGA\\FULLSTACK\\MundoNavidenio365\\vendor\\laravel\\framework\\src\\Illuminate\\Routing\\Router.php(784): Illuminate\\Routing\\Router->runRouteWithinStack(Object(Illuminate\\Routing\\Route), Object(Illuminate\\Http\\Request))
#36 C:\\Users\\User\\Desktop\\ING DAVID VEGA\\FULLSTACK\\MundoNavidenio365\\vendor\\laravel\\framework\\src\\Illuminate\\Routing\\Router.php(748): Illuminate\\Routing\\Router->runRoute(Object(Illuminate\\Http\\Request), Object(Illuminate\\Routing\\Route))
#37 C:\\Users\\User\\Desktop\\ING DAVID VEGA\\FULLSTACK\\MundoNavidenio365\\vendor\\laravel\\framework\\src\\Illuminate\\Routing\\Router.php(737): Illuminate\\Routing\\Router->dispatchToRoute(Object(Illuminate\\Http\\Request))
#38 C:\\Users\\User\\Desktop\\ING DAVID VEGA\\FULLSTACK\\MundoNavidenio365\\vendor\\laravel\\framework\\src\\Illuminate\\Foundation\\Http\\Kernel.php(200): Illuminate\\Routing\\Router->dispatch(Object(Illuminate\\Http\\Request))
#39 C:\\Users\\User\\Desktop\\ING DAVID VEGA\\FULLSTACK\\MundoNavidenio365\\vendor\\laravel\\framework\\src\\Illuminate\\Pipeline\\Pipeline.php(144): Illuminate\\Foundation\\Http\\Kernel->Illuminate\\Foundation\\Http\\{closure}(Object(Illuminate\\Http\\Request))
#40 C:\\Users\\User\\Desktop\\ING DAVID VEGA\\FULLSTACK\\MundoNavidenio365\\vendor\\laravel\\framework\\src\\Illuminate\\Foundation\\Http\\Middleware\\TransformsRequest.php(21): Illuminate\\Pipeline\\Pipeline->Illuminate\\Pipeline\\{closure}(Object(Illuminate\\Http\\Request))
#41 C:\\Users\\User\\Desktop\\ING DAVID VEGA\\FULLSTACK\\MundoNavidenio365\\vendor\\laravel\\framework\\src\\Illuminate\\Foundation\\Http\\Middleware\\ConvertEmptyStringsToNull.php(31): Illuminate\\Foundation\\Http\\Middleware\\TransformsRequest->handle(Object(Illuminate\\Http\\Request), Object(Closure))
#42 C:\\Users\\User\\Desktop\\ING DAVID VEGA\\FULLSTACK\\MundoNavidenio365\\vendor\\laravel\\framework\\src\\Illuminate\\Pipeline\\Pipeline.php(183): Illuminate\\Foundation\\Http\\Middleware\\ConvertEmptyStringsToNull->handle(Object(Illuminate\\Http\\Request), Object(Closure))
#43 C:\\Users\\User\\Desktop\\ING DAVID VEGA\\FULLSTACK\\MundoNavidenio365\\vendor\\laravel\\framework\\src\\Illuminate\\Foundation\\Http\\Middleware\\TransformsRequest.php(21): Illuminate\\Pipeline\\Pipeline->Illuminate\\Pipeline\\{closure}(Object(Illuminate\\Http\\Request))
#44 C:\\Users\\User\\Desktop\\ING DAVID VEGA\\FULLSTACK\\MundoNavidenio365\\vendor\\laravel\\framework\\src\\Illuminate\\Foundation\\Http\\Middleware\\TrimStrings.php(40): Illuminate\\Foundation\\Http\\Middleware\\TransformsRequest->handle(Object(Illuminate\\Http\\Request), Object(Closure))
#45 C:\\Users\\User\\Desktop\\ING DAVID VEGA\\FULLSTACK\\MundoNavidenio365\\vendor\\laravel\\framework\\src\\Illuminate\\Pipeline\\Pipeline.php(183): Illuminate\\Foundation\\Http\\Middleware\\TrimStrings->handle(Object(Illuminate\\Http\\Request), Object(Closure))
#46 C:\\Users\\User\\Desktop\\ING DAVID VEGA\\FULLSTACK\\MundoNavidenio365\\vendor\\laravel\\framework\\src\\Illuminate\\Foundation\\Http\\Middleware\\ValidatePostSize.php(27): Illuminate\\Pipeline\\Pipeline->Illuminate\\Pipeline\\{closure}(Object(Illuminate\\Http\\Request))
#47 C:\\Users\\User\\Desktop\\ING DAVID VEGA\\FULLSTACK\\MundoNavidenio365\\vendor\\laravel\\framework\\src\\Illuminate\\Pipeline\\Pipeline.php(183): Illuminate\\Foundation\\Http\\Middleware\\ValidatePostSize->handle(Object(Illuminate\\Http\\Request), Object(Closure))
#48 C:\\Users\\User\\Desktop\\ING DAVID VEGA\\FULLSTACK\\MundoNavidenio365\\vendor\\laravel\\framework\\src\\Illuminate\\Foundation\\Http\\Middleware\\PreventRequestsDuringMaintenance.php(99): Illuminate\\Pipeline\\Pipeline->Illuminate\\Pipeline\\{closure}(Object(Illuminate\\Http\\Request))
#49 C:\\Users\\User\\Desktop\\ING DAVID VEGA\\FULLSTACK\\MundoNavidenio365\\vendor\\laravel\\framework\\src\\Illuminate\\Pipeline\\Pipeline.php(183): Illuminate\\Foundation\\Http\\Middleware\\PreventRequestsDuringMaintenance->handle(Object(Illuminate\\Http\\Request), Object(Closure))
#50 C:\\Users\\User\\Desktop\\ING DAVID VEGA\\FULLSTACK\\MundoNavidenio365\\vendor\\laravel\\framework\\src\\Illuminate\\Http\\Middleware\\HandleCors.php(49): Illuminate\\Pipeline\\Pipeline->Illuminate\\Pipeline\\{closure}(Object(Illuminate\\Http\\Request))
#51 C:\\Users\\User\\Desktop\\ING DAVID VEGA\\FULLSTACK\\MundoNavidenio365\\vendor\\laravel\\framework\\src\\Illuminate\\Pipeline\\Pipeline.php(183): Illuminate\\Http\\Middleware\\HandleCors->handle(Object(Illuminate\\Http\\Request), Object(Closure))
#52 C:\\Users\\User\\Desktop\\ING DAVID VEGA\\FULLSTACK\\MundoNavidenio365\\vendor\\laravel\\framework\\src\\Illuminate\\Http\\Middleware\\TrustProxies.php(39): Illuminate\\Pipeline\\Pipeline->Illuminate\\Pipeline\\{closure}(Object(Illuminate\\Http\\Request))
#53 C:\\Users\\User\\Desktop\\ING DAVID VEGA\\FULLSTACK\\MundoNavidenio365\\vendor\\laravel\\framework\\src\\Illuminate\\Pipeline\\Pipeline.php(183): Illuminate\\Http\\Middleware\\TrustProxies->handle(Object(Illuminate\\Http\\Request), Object(Closure))
#54 C:\\Users\\User\\Desktop\\ING DAVID VEGA\\FULLSTACK\\MundoNavidenio365\\vendor\\laravel\\framework\\src\\Illuminate\\Pipeline\\Pipeline.php(119): Illuminate\\Pipeline\\Pipeline->Illuminate\\Pipeline\\{closure}(Object(Illuminate\\Http\\Request))
#55 C:\\Users\\User\\Desktop\\ING DAVID VEGA\\FULLSTACK\\MundoNavidenio365\\vendor\\laravel\\framework\\src\\Illuminate\\Foundation\\Http\\Kernel.php(175): Illuminate\\Pipeline\\Pipeline->then(Object(Closure))
#56 C:\\Users\\User\\Desktop\\ING DAVID VEGA\\FULLSTACK\\MundoNavidenio365\\vendor\\laravel\\framework\\src\\Illuminate\\Foundation\\Http\\Kernel.php(144): Illuminate\\Foundation\\Http\\Kernel->sendRequestThroughRouter(Object(Illuminate\\Http\\Request))
#57 C:\\Users\\User\\Desktop\\ING DAVID VEGA\\FULLSTACK\\MundoNavidenio365\\public\\index.php(51): Illuminate\\Foundation\\Http\\Kernel->handle(Object(Illuminate\\Http\\Request))
#58 C:\\Users\\User\\Desktop\\ING DAVID VEGA\\FULLSTACK\\MundoNavidenio365\\vendor\\laravel\\framework\\src\\Illuminate\\Foundation\\resources\\server.php(16): require_once('C:\\\\Users\\\\User\\\\D...')
#59 {main}
"} 
[2026-01-25 21:28:25] local.ERROR: Class App\Services\SignDOcumentToSRI: Failure signing data after legacy attempt: error:0308010C:digital envelope routines::unsupported {"userId":1,"exception":"[object] (Exception(code: 0): Class App\\Services\\SignDOcumentToSRI: Failure signing data after legacy attempt: error:0308010C:digital envelope routines::unsupported at C:\\Users\\User\\Desktop\\ING DAVID VEGA\\FULLSTACK\\MundoNavidenio365\\app\\Services\\TraitXadesbes.php:109)
[stacktrace]
#0 C:\\Users\\User\\Desktop\\ING DAVID VEGA\\FULLSTACK\\MundoNavidenio365\\app\\Services\\TraitXadesbes.php(56): App\\Services\\Sign->retryWithLegacy('0\\x82\"a\\x02\\x01\\x030\\x82\"\\x1A\\x06\\t*\\x86...')
#1 C:\\Users\\User\\Desktop\\ING DAVID VEGA\\FULLSTACK\\MundoNavidenio365\\app\\Services\\Sign.php(30): App\\Services\\Sign->readCerts()
#2 C:\\Users\\User\\Desktop\\ING DAVID VEGA\\FULLSTACK\\MundoNavidenio365\\app\\Services\\SignDOcumentToSRI.php(138): App\\Services\\Sign->__construct('file://C:\\\\Users...', 'Pablito0508', '<?xml version=\"...')
#3 C:\\Users\\User\\Desktop\\ING DAVID VEGA\\FULLSTACK\\MundoNavidenio365\\app\\Http\\Controllers\\Admin\\VentasController.php(830): App\\Services\\SignDOcumentToSRI->__construct('factura', 'file://C:\\\\Users...', 'Pablito0508', '<?xml version=\"...', Array, NULL)
#4 C:\\Users\\User\\Desktop\\ING DAVID VEGA\\FULLSTACK\\MundoNavidenio365\\vendor\\laravel\\framework\\src\\Illuminate\\Routing\\Controller.php(54): App\\Http\\Controllers\\Admin\\VentasController->guardarPagos(Object(Illuminate\\Http\\Request), '5')
#5 C:\\Users\\User\\Desktop\\ING DAVID VEGA\\FULLSTACK\\MundoNavidenio365\\vendor\\laravel\\framework\\src\\Illuminate\\Routing\\ControllerDispatcher.php(43): Illuminate\\Routing\\Controller->callAction('guardarPagos', Array)
#6 C:\\Users\\User\\Desktop\\ING DAVID VEGA\\FULLSTACK\\MundoNavidenio365\\vendor\\laravel\\framework\\src\\Illuminate\\Routing\\Route.php(259): Illuminate\\Routing\\ControllerDispatcher->dispatch(Object(Illuminate\\Routing\\Route), Object(App\\Http\\Controllers\\Admin\\VentasController), 'guardarPagos')
#7 C:\\Users\\User\\Desktop\\ING DAVID VEGA\\FULLSTACK\\MundoNavidenio365\\vendor\\laravel\\framework\\src\\Illuminate\\Routing\\Route.php(205): Illuminate\\Routing\\Route->runController()
#8 C:\\Users\\User\\Desktop\\ING DAVID VEGA\\FULLSTACK\\MundoNavidenio365\\vendor\\laravel\\framework\\src\\Illuminate\\Routing\\Router.php(806): Illuminate\\Routing\\Route->run()
#9 C:\\Users\\User\\Desktop\\ING DAVID VEGA\\FULLSTACK\\MundoNavidenio365\\vendor\\laravel\\framework\\src\\Illuminate\\Pipeline\\Pipeline.php(144): Illuminate\\Routing\\Router->Illuminate\\Routing\\{closure}(Object(Illuminate\\Http\\Request))
#10 C:\\Users\\User\\Desktop\\ING DAVID VEGA\\FULLSTACK\\MundoNavidenio365\\app\\Http\\Middleware\\RoleMiddleware.php(16): Illuminate\\Pipeline\\Pipeline->Illuminate\\Pipeline\\{closure}(Object(Illuminate\\Http\\Request))
#11 C:\\Users\\User\\Desktop\\ING DAVID VEGA\\FULLSTACK\\MundoNavidenio365\\vendor\\laravel\\framework\\src\\Illuminate\\Pipeline\\Pipeline.php(183): App\\Http\\Middleware\\RoleMiddleware->handle(Object(Illuminate\\Http\\Request), Object(Closure), 'Administrador')
#12 C:\\Users\\User\\Desktop\\ING DAVID VEGA\\FULLSTACK\\MundoNavidenio365\\vendor\\laravel\\framework\\src\\Illuminate\\Auth\\Middleware\\EnsureEmailIsVerified.php(41): Illuminate\\Pipeline\\Pipeline->Illuminate\\Pipeline\\{closure}(Object(Illuminate\\Http\\Request))
#13 C:\\Users\\User\\Desktop\\ING DAVID VEGA\\FULLSTACK\\MundoNavidenio365\\vendor\\laravel\\framework\\src\\Illuminate\\Pipeline\\Pipeline.php(183): Illuminate\\Auth\\Middleware\\EnsureEmailIsVerified->handle(Object(Illuminate\\Http\\Request), Object(Closure))
#14 C:\\Users\\User\\Desktop\\ING DAVID VEGA\\FULLSTACK\\MundoNavidenio365\\vendor\\laravel\\framework\\src\\Illuminate\\Http\\Middleware\\AddLinkHeadersForPreloadedAssets.php(20): Illuminate\\Pipeline\\Pipeline->Illuminate\\Pipeline\\{closure}(Object(Illuminate\\Http\\Request))
#15 C:\\Users\\User\\Desktop\\ING DAVID VEGA\\FULLSTACK\\MundoNavidenio365\\vendor\\laravel\\framework\\src\\Illuminate\\Pipeline\\Pipeline.php(183): Illuminate\\Http\\Middleware\\AddLinkHeadersForPreloadedAssets->handle(Object(Illuminate\\Http\\Request), Object(Closure))
#16 C:\\Users\\User\\Desktop\\ING DAVID VEGA\\FULLSTACK\\MundoNavidenio365\\vendor\\inertiajs\\inertia-laravel\\src\\Middleware.php(87): Illuminate\\Pipeline\\Pipeline->Illuminate\\Pipeline\\{closure}(Object(Illuminate\\Http\\Request))
#17 C:\\Users\\User\\Desktop\\ING DAVID VEGA\\FULLSTACK\\MundoNavidenio365\\vendor\\laravel\\framework\\src\\Illuminate\\Pipeline\\Pipeline.php(183): Inertia\\Middleware->handle(Object(Illuminate\\Http\\Request), Object(Closure))
#18 C:\\Users\\User\\Desktop\\ING DAVID VEGA\\FULLSTACK\\MundoNavidenio365\\vendor\\laravel\\framework\\src\\Illuminate\\Routing\\Middleware\\SubstituteBindings.php(50): Illuminate\\Pipeline\\Pipeline->Illuminate\\Pipeline\\{closure}(Object(Illuminate\\Http\\Request))
#19 C:\\Users\\User\\Desktop\\ING DAVID VEGA\\FULLSTACK\\MundoNavidenio365\\vendor\\laravel\\framework\\src\\Illuminate\\Pipeline\\Pipeline.php(183): Illuminate\\Routing\\Middleware\\SubstituteBindings->handle(Object(Illuminate\\Http\\Request), Object(Closure))
#20 C:\\Users\\User\\Desktop\\ING DAVID VEGA\\FULLSTACK\\MundoNavidenio365\\vendor\\laravel\\framework\\src\\Illuminate\\Auth\\Middleware\\Authenticate.php(57): Illuminate\\Pipeline\\Pipeline->Illuminate\\Pipeline\\{closure}(Object(Illuminate\\Http\\Request))
#21 C:\\Users\\User\\Desktop\\ING DAVID VEGA\\FULLSTACK\\MundoNavidenio365\\vendor\\laravel\\framework\\src\\Illuminate\\Pipeline\\Pipeline.php(183): Illuminate\\Auth\\Middleware\\Authenticate->handle(Object(Illuminate\\Http\\Request), Object(Closure))
#22 C:\\Users\\User\\Desktop\\ING DAVID VEGA\\FULLSTACK\\MundoNavidenio365\\vendor\\laravel\\framework\\src\\Illuminate\\Foundation\\Http\\Middleware\\VerifyCsrfToken.php(78): Illuminate\\Pipeline\\Pipeline->Illuminate\\Pipeline\\{closure}(Object(Illuminate\\Http\\Request))
#23 C:\\Users\\User\\Desktop\\ING DAVID VEGA\\FULLSTACK\\MundoNavidenio365\\vendor\\laravel\\framework\\src\\Illuminate\\Pipeline\\Pipeline.php(183): Illuminate\\Foundation\\Http\\Middleware\\VerifyCsrfToken->handle(Object(Illuminate\\Http\\Request), Object(Closure))
#24 C:\\Users\\User\\Desktop\\ING DAVID VEGA\\FULLSTACK\\MundoNavidenio365\\vendor\\laravel\\framework\\src\\Illuminate\\View\\Middleware\\ShareErrorsFromSession.php(49): Illuminate\\Pipeline\\Pipeline->Illuminate\\Pipeline\\{closure}(Object(Illuminate\\Http\\Request))
#25 C:\\Users\\User\\Desktop\\ING DAVID VEGA\\FULLSTACK\\MundoNavidenio365\\vendor\\laravel\\framework\\src\\Illuminate\\Pipeline\\Pipeline.php(183): Illuminate\\View\\Middleware\\ShareErrorsFromSession->handle(Object(Illuminate\\Http\\Request), Object(Closure))
#26 C:\\Users\\User\\Desktop\\ING DAVID VEGA\\FULLSTACK\\MundoNavidenio365\\vendor\\laravel\\framework\\src\\Illuminate\\Session\\Middleware\\StartSession.php(121): Illuminate\\Pipeline\\Pipeline->Illuminate\\Pipeline\\{closure}(Object(Illuminate\\Http\\Request))
#27 C:\\Users\\User\\Desktop\\ING DAVID VEGA\\FULLSTACK\\MundoNavidenio365\\vendor\\laravel\\framework\\src\\Illuminate\\Session\\Middleware\\StartSession.php(64): Illuminate\\Session\\Middleware\\StartSession->handleStatefulRequest(Object(Illuminate\\Http\\Request), Object(Illuminate\\Session\\Store), Object(Closure))
#28 C:\\Users\\User\\Desktop\\ING DAVID VEGA\\FULLSTACK\\MundoNavidenio365\\vendor\\laravel\\framework\\src\\Illuminate\\Pipeline\\Pipeline.php(183): Illuminate\\Session\\Middleware\\StartSession->handle(Object(Illuminate\\Http\\Request), Object(Closure))
#29 C:\\Users\\User\\Desktop\\ING DAVID VEGA\\FULLSTACK\\MundoNavidenio365\\vendor\\laravel\\framework\\src\\Illuminate\\Cookie\\Middleware\\AddQueuedCookiesToResponse.php(37): Illuminate\\Pipeline\\Pipeline->Illuminate\\Pipeline\\{closure}(Object(Illuminate\\Http\\Request))
#30 C:\\Users\\User\\Desktop\\ING DAVID VEGA\\FULLSTACK\\MundoNavidenio365\\vendor\\laravel\\framework\\src\\Illuminate\\Pipeline\\Pipeline.php(183): Illuminate\\Cookie\\Middleware\\AddQueuedCookiesToResponse->handle(Object(Illuminate\\Http\\Request), Object(Closure))
#31 C:\\Users\\User\\Desktop\\ING DAVID VEGA\\FULLSTACK\\MundoNavidenio365\\vendor\\laravel\\framework\\src\\Illuminate\\Cookie\\Middleware\\EncryptCookies.php(67): Illuminate\\Pipeline\\Pipeline->Illuminate\\Pipeline\\{closure}(Object(Illuminate\\Http\\Request))
#32 C:\\Users\\User\\Desktop\\ING DAVID VEGA\\FULLSTACK\\MundoNavidenio365\\vendor\\laravel\\framework\\src\\Illuminate\\Pipeline\\Pipeline.php(183): Illuminate\\Cookie\\Middleware\\EncryptCookies->handle(Object(Illuminate\\Http\\Request), Object(Closure))
#33 C:\\Users\\User\\Desktop\\ING DAVID VEGA\\FULLSTACK\\MundoNavidenio365\\vendor\\laravel\\framework\\src\\Illuminate\\Pipeline\\Pipeline.php(119): Illuminate\\Pipeline\\Pipeline->Illuminate\\Pipeline\\{closure}(Object(Illuminate\\Http\\Request))
#34 C:\\Users\\User\\Desktop\\ING DAVID VEGA\\FULLSTACK\\MundoNavidenio365\\vendor\\laravel\\framework\\src\\Illuminate\\Routing\\Router.php(805): Illuminate\\Pipeline\\Pipeline->then(Object(Closure))
#35 C:\\Users\\User\\Desktop\\ING DAVID VEGA\\FULLSTACK\\MundoNavidenio365\\vendor\\laravel\\framework\\src\\Illuminate\\Routing\\Router.php(784): Illuminate\\Routing\\Router->runRouteWithinStack(Object(Illuminate\\Routing\\Route), Object(Illuminate\\Http\\Request))
#36 C:\\Users\\User\\Desktop\\ING DAVID VEGA\\FULLSTACK\\MundoNavidenio365\\vendor\\laravel\\framework\\src\\Illuminate\\Routing\\Router.php(748): Illuminate\\Routing\\Router->runRoute(Object(Illuminate\\Http\\Request), Object(Illuminate\\Routing\\Route))
#37 C:\\Users\\User\\Desktop\\ING DAVID VEGA\\FULLSTACK\\MundoNavidenio365\\vendor\\laravel\\framework\\src\\Illuminate\\Routing\\Router.php(737): Illuminate\\Routing\\Router->dispatchToRoute(Object(Illuminate\\Http\\Request))
#38 C:\\Users\\User\\Desktop\\ING DAVID VEGA\\FULLSTACK\\MundoNavidenio365\\vendor\\laravel\\framework\\src\\Illuminate\\Foundation\\Http\\Kernel.php(200): Illuminate\\Routing\\Router->dispatch(Object(Illuminate\\Http\\Request))
#39 C:\\Users\\User\\Desktop\\ING DAVID VEGA\\FULLSTACK\\MundoNavidenio365\\vendor\\laravel\\framework\\src\\Illuminate\\Pipeline\\Pipeline.php(144): Illuminate\\Foundation\\Http\\Kernel->Illuminate\\Foundation\\Http\\{closure}(Object(Illuminate\\Http\\Request))
#40 C:\\Users\\User\\Desktop\\ING DAVID VEGA\\FULLSTACK\\MundoNavidenio365\\vendor\\laravel\\framework\\src\\Illuminate\\Foundation\\Http\\Middleware\\TransformsRequest.php(21): Illuminate\\Pipeline\\Pipeline->Illuminate\\Pipeline\\{closure}(Object(Illuminate\\Http\\Request))
#41 C:\\Users\\User\\Desktop\\ING DAVID VEGA\\FULLSTACK\\MundoNavidenio365\\vendor\\laravel\\framework\\src\\Illuminate\\Foundation\\Http\\Middleware\\ConvertEmptyStringsToNull.php(31): Illuminate\\Foundation\\Http\\Middleware\\TransformsRequest->handle(Object(Illuminate\\Http\\Request), Object(Closure))
#42 C:\\Users\\User\\Desktop\\ING DAVID VEGA\\FULLSTACK\\MundoNavidenio365\\vendor\\laravel\\framework\\src\\Illuminate\\Pipeline\\Pipeline.php(183): Illuminate\\Foundation\\Http\\Middleware\\ConvertEmptyStringsToNull->handle(Object(Illuminate\\Http\\Request), Object(Closure))
#43 C:\\Users\\User\\Desktop\\ING DAVID VEGA\\FULLSTACK\\MundoNavidenio365\\vendor\\laravel\\framework\\src\\Illuminate\\Foundation\\Http\\Middleware\\TransformsRequest.php(21): Illuminate\\Pipeline\\Pipeline->Illuminate\\Pipeline\\{closure}(Object(Illuminate\\Http\\Request))
#44 C:\\Users\\User\\Desktop\\ING DAVID VEGA\\FULLSTACK\\MundoNavidenio365\\vendor\\laravel\\framework\\src\\Illuminate\\Foundation\\Http\\Middleware\\TrimStrings.php(40): Illuminate\\Foundation\\Http\\Middleware\\TransformsRequest->handle(Object(Illuminate\\Http\\Request), Object(Closure))
#45 C:\\Users\\User\\Desktop\\ING DAVID VEGA\\FULLSTACK\\MundoNavidenio365\\vendor\\laravel\\framework\\src\\Illuminate\\Pipeline\\Pipeline.php(183): Illuminate\\Foundation\\Http\\Middleware\\TrimStrings->handle(Object(Illuminate\\Http\\Request), Object(Closure))
#46 C:\\Users\\User\\Desktop\\ING DAVID VEGA\\FULLSTACK\\MundoNavidenio365\\vendor\\laravel\\framework\\src\\Illuminate\\Foundation\\Http\\Middleware\\ValidatePostSize.php(27): Illuminate\\Pipeline\\Pipeline->Illuminate\\Pipeline\\{closure}(Object(Illuminate\\Http\\Request))
#47 C:\\Users\\User\\Desktop\\ING DAVID VEGA\\FULLSTACK\\MundoNavidenio365\\vendor\\laravel\\framework\\src\\Illuminate\\Pipeline\\Pipeline.php(183): Illuminate\\Foundation\\Http\\Middleware\\ValidatePostSize->handle(Object(Illuminate\\Http\\Request), Object(Closure))
#48 C:\\Users\\User\\Desktop\\ING DAVID VEGA\\FULLSTACK\\MundoNavidenio365\\vendor\\laravel\\framework\\src\\Illuminate\\Foundation\\Http\\Middleware\\PreventRequestsDuringMaintenance.php(99): Illuminate\\Pipeline\\Pipeline->Illuminate\\Pipeline\\{closure}(Object(Illuminate\\Http\\Request))
#49 C:\\Users\\User\\Desktop\\ING DAVID VEGA\\FULLSTACK\\MundoNavidenio365\\vendor\\laravel\\framework\\src\\Illuminate\\Pipeline\\Pipeline.php(183): Illuminate\\Foundation\\Http\\Middleware\\PreventRequestsDuringMaintenance->handle(Object(Illuminate\\Http\\Request), Object(Closure))
#50 C:\\Users\\User\\Desktop\\ING DAVID VEGA\\FULLSTACK\\MundoNavidenio365\\vendor\\laravel\\framework\\src\\Illuminate\\Http\\Middleware\\HandleCors.php(49): Illuminate\\Pipeline\\Pipeline->Illuminate\\Pipeline\\{closure}(Object(Illuminate\\Http\\Request))
#51 C:\\Users\\User\\Desktop\\ING DAVID VEGA\\FULLSTACK\\MundoNavidenio365\\vendor\\laravel\\framework\\src\\Illuminate\\Pipeline\\Pipeline.php(183): Illuminate\\Http\\Middleware\\HandleCors->handle(Object(Illuminate\\Http\\Request), Object(Closure))
#52 C:\\Users\\User\\Desktop\\ING DAVID VEGA\\FULLSTACK\\MundoNavidenio365\\vendor\\laravel\\framework\\src\\Illuminate\\Http\\Middleware\\TrustProxies.php(39): Illuminate\\Pipeline\\Pipeline->Illuminate\\Pipeline\\{closure}(Object(Illuminate\\Http\\Request))
#53 C:\\Users\\User\\Desktop\\ING DAVID VEGA\\FULLSTACK\\MundoNavidenio365\\vendor\\laravel\\framework\\src\\Illuminate\\Pipeline\\Pipeline.php(183): Illuminate\\Http\\Middleware\\TrustProxies->handle(Object(Illuminate\\Http\\Request), Object(Closure))
#54 C:\\Users\\User\\Desktop\\ING DAVID VEGA\\FULLSTACK\\MundoNavidenio365\\vendor\\laravel\\framework\\src\\Illuminate\\Pipeline\\Pipeline.php(119): Illuminate\\Pipeline\\Pipeline->Illuminate\\Pipeline\\{closure}(Object(Illuminate\\Http\\Request))
#55 C:\\Users\\User\\Desktop\\ING DAVID VEGA\\FULLSTACK\\MundoNavidenio365\\vendor\\laravel\\framework\\src\\Illuminate\\Foundation\\Http\\Kernel.php(175): Illuminate\\Pipeline\\Pipeline->then(Object(Closure))
#56 C:\\Users\\User\\Desktop\\ING DAVID VEGA\\FULLSTACK\\MundoNavidenio365\\vendor\\laravel\\framework\\src\\Illuminate\\Foundation\\Http\\Kernel.php(144): Illuminate\\Foundation\\Http\\Kernel->sendRequestThroughRouter(Object(Illuminate\\Http\\Request))
#57 C:\\Users\\User\\Desktop\\ING DAVID VEGA\\FULLSTACK\\MundoNavidenio365\\public\\index.php(51): Illuminate\\Foundation\\Http\\Kernel->handle(Object(Illuminate\\Http\\Request))
#58 C:\\Users\\User\\Desktop\\ING DAVID VEGA\\FULLSTACK\\MundoNavidenio365\\vendor\\laravel\\framework\\src\\Illuminate\\Foundation\\resources\\server.php(16): require_once('C:\\\\Users\\\\User\\\\D...')
#59 {main}
"} 
[2026-01-25 21:29:40] local.ERROR: Class "SoapClient" not found {"userId":1,"exception":"[object] (Error(code: 0): Class \"SoapClient\" not found at C:\\Users\\User\\Desktop\\ING DAVID VEGA\\FULLSTACK\\MundoNavidenio365\\app\\Http\\Controllers\\Admin\\VentasController.php:857)
[stacktrace]
#0 C:\\Users\\User\\Desktop\\ING DAVID VEGA\\FULLSTACK\\MundoNavidenio365\\vendor\\laravel\\framework\\src\\Illuminate\\Routing\\Controller.php(54): App\\Http\\Controllers\\Admin\\VentasController->guardarPagos(Object(Illuminate\\Http\\Request), '5')
#1 C:\\Users\\User\\Desktop\\ING DAVID VEGA\\FULLSTACK\\MundoNavidenio365\\vendor\\laravel\\framework\\src\\Illuminate\\Routing\\ControllerDispatcher.php(43): Illuminate\\Routing\\Controller->callAction('guardarPagos', Array)
#2 C:\\Users\\User\\Desktop\\ING DAVID VEGA\\FULLSTACK\\MundoNavidenio365\\vendor\\laravel\\framework\\src\\Illuminate\\Routing\\Route.php(259): Illuminate\\Routing\\ControllerDispatcher->dispatch(Object(Illuminate\\Routing\\Route), Object(App\\Http\\Controllers\\Admin\\VentasController), 'guardarPagos')
#3 C:\\Users\\User\\Desktop\\ING DAVID VEGA\\FULLSTACK\\MundoNavidenio365\\vendor\\laravel\\framework\\src\\Illuminate\\Routing\\Route.php(205): Illuminate\\Routing\\Route->runController()
#4 C:\\Users\\User\\Desktop\\ING DAVID VEGA\\FULLSTACK\\MundoNavidenio365\\vendor\\laravel\\framework\\src\\Illuminate\\Routing\\Router.php(806): Illuminate\\Routing\\Route->run()
#5 C:\\Users\\User\\Desktop\\ING DAVID VEGA\\FULLSTACK\\MundoNavidenio365\\vendor\\laravel\\framework\\src\\Illuminate\\Pipeline\\Pipeline.php(144): Illuminate\\Routing\\Router->Illuminate\\Routing\\{closure}(Object(Illuminate\\Http\\Request))
#6 C:\\Users\\User\\Desktop\\ING DAVID VEGA\\FULLSTACK\\MundoNavidenio365\\app\\Http\\Middleware\\RoleMiddleware.php(16): Illuminate\\Pipeline\\Pipeline->Illuminate\\Pipeline\\{closure}(Object(Illuminate\\Http\\Request))
#7 C:\\Users\\User\\Desktop\\ING DAVID VEGA\\FULLSTACK\\MundoNavidenio365\\vendor\\laravel\\framework\\src\\Illuminate\\Pipeline\\Pipeline.php(183): App\\Http\\Middleware\\RoleMiddleware->handle(Object(Illuminate\\Http\\Request), Object(Closure), 'Administrador')
#8 C:\\Users\\User\\Desktop\\ING DAVID VEGA\\FULLSTACK\\MundoNavidenio365\\vendor\\laravel\\framework\\src\\Illuminate\\Auth\\Middleware\\EnsureEmailIsVerified.php(41): Illuminate\\Pipeline\\Pipeline->Illuminate\\Pipeline\\{closure}(Object(Illuminate\\Http\\Request))
#9 C:\\Users\\User\\Desktop\\ING DAVID VEGA\\FULLSTACK\\MundoNavidenio365\\vendor\\laravel\\framework\\src\\Illuminate\\Pipeline\\Pipeline.php(183): Illuminate\\Auth\\Middleware\\EnsureEmailIsVerified->handle(Object(Illuminate\\Http\\Request), Object(Closure))
#10 C:\\Users\\User\\Desktop\\ING DAVID VEGA\\FULLSTACK\\MundoNavidenio365\\vendor\\laravel\\framework\\src\\Illuminate\\Http\\Middleware\\AddLinkHeadersForPreloadedAssets.php(20): Illuminate\\Pipeline\\Pipeline->Illuminate\\Pipeline\\{closure}(Object(Illuminate\\Http\\Request))
#11 C:\\Users\\User\\Desktop\\ING DAVID VEGA\\FULLSTACK\\MundoNavidenio365\\vendor\\laravel\\framework\\src\\Illuminate\\Pipeline\\Pipeline.php(183): Illuminate\\Http\\Middleware\\AddLinkHeadersForPreloadedAssets->handle(Object(Illuminate\\Http\\Request), Object(Closure))
#12 C:\\Users\\User\\Desktop\\ING DAVID VEGA\\FULLSTACK\\MundoNavidenio365\\vendor\\inertiajs\\inertia-laravel\\src\\Middleware.php(87): Illuminate\\Pipeline\\Pipeline->Illuminate\\Pipeline\\{closure}(Object(Illuminate\\Http\\Request))
#13 C:\\Users\\User\\Desktop\\ING DAVID VEGA\\FULLSTACK\\MundoNavidenio365\\vendor\\laravel\\framework\\src\\Illuminate\\Pipeline\\Pipeline.php(183): Inertia\\Middleware->handle(Object(Illuminate\\Http\\Request), Object(Closure))
#14 C:\\Users\\User\\Desktop\\ING DAVID VEGA\\FULLSTACK\\MundoNavidenio365\\vendor\\laravel\\framework\\src\\Illuminate\\Routing\\Middleware\\SubstituteBindings.php(50): Illuminate\\Pipeline\\Pipeline->Illuminate\\Pipeline\\{closure}(Object(Illuminate\\Http\\Request))
#15 C:\\Users\\User\\Desktop\\ING DAVID VEGA\\FULLSTACK\\MundoNavidenio365\\vendor\\laravel\\framework\\src\\Illuminate\\Pipeline\\Pipeline.php(183): Illuminate\\Routing\\Middleware\\SubstituteBindings->handle(Object(Illuminate\\Http\\Request), Object(Closure))
#16 C:\\Users\\User\\Desktop\\ING DAVID VEGA\\FULLSTACK\\MundoNavidenio365\\vendor\\laravel\\framework\\src\\Illuminate\\Auth\\Middleware\\Authenticate.php(57): Illuminate\\Pipeline\\Pipeline->Illuminate\\Pipeline\\{closure}(Object(Illuminate\\Http\\Request))
#17 C:\\Users\\User\\Desktop\\ING DAVID VEGA\\FULLSTACK\\MundoNavidenio365\\vendor\\laravel\\framework\\src\\Illuminate\\Pipeline\\Pipeline.php(183): Illuminate\\Auth\\Middleware\\Authenticate->handle(Object(Illuminate\\Http\\Request), Object(Closure))
#18 C:\\Users\\User\\Desktop\\ING DAVID VEGA\\FULLSTACK\\MundoNavidenio365\\vendor\\laravel\\framework\\src\\Illuminate\\Foundation\\Http\\Middleware\\VerifyCsrfToken.php(78): Illuminate\\Pipeline\\Pipeline->Illuminate\\Pipeline\\{closure}(Object(Illuminate\\Http\\Request))
#19 C:\\Users\\User\\Desktop\\ING DAVID VEGA\\FULLSTACK\\MundoNavidenio365\\vendor\\laravel\\framework\\src\\Illuminate\\Pipeline\\Pipeline.php(183): Illuminate\\Foundation\\Http\\Middleware\\VerifyCsrfToken->handle(Object(Illuminate\\Http\\Request), Object(Closure))
#20 C:\\Users\\User\\Desktop\\ING DAVID VEGA\\FULLSTACK\\MundoNavidenio365\\vendor\\laravel\\framework\\src\\Illuminate\\View\\Middleware\\ShareErrorsFromSession.php(49): Illuminate\\Pipeline\\Pipeline->Illuminate\\Pipeline\\{closure}(Object(Illuminate\\Http\\Request))
#21 C:\\Users\\User\\Desktop\\ING DAVID VEGA\\FULLSTACK\\MundoNavidenio365\\vendor\\laravel\\framework\\src\\Illuminate\\Pipeline\\Pipeline.php(183): Illuminate\\View\\Middleware\\ShareErrorsFromSession->handle(Object(Illuminate\\Http\\Request), Object(Closure))
#22 C:\\Users\\User\\Desktop\\ING DAVID VEGA\\FULLSTACK\\MundoNavidenio365\\vendor\\laravel\\framework\\src\\Illuminate\\Session\\Middleware\\StartSession.php(121): Illuminate\\Pipeline\\Pipeline->Illuminate\\Pipeline\\{closure}(Object(Illuminate\\Http\\Request))
#23 C:\\Users\\User\\Desktop\\ING DAVID VEGA\\FULLSTACK\\MundoNavidenio365\\vendor\\laravel\\framework\\src\\Illuminate\\Session\\Middleware\\StartSession.php(64): Illuminate\\Session\\Middleware\\StartSession->handleStatefulRequest(Object(Illuminate\\Http\\Request), Object(Illuminate\\Session\\Store), Object(Closure))
#24 C:\\Users\\User\\Desktop\\ING DAVID VEGA\\FULLSTACK\\MundoNavidenio365\\vendor\\laravel\\framework\\src\\Illuminate\\Pipeline\\Pipeline.php(183): Illuminate\\Session\\Middleware\\StartSession->handle(Object(Illuminate\\Http\\Request), Object(Closure))
#25 C:\\Users\\User\\Desktop\\ING DAVID VEGA\\FULLSTACK\\MundoNavidenio365\\vendor\\laravel\\framework\\src\\Illuminate\\Cookie\\Middleware\\AddQueuedCookiesToResponse.php(37): Illuminate\\Pipeline\\Pipeline->Illuminate\\Pipeline\\{closure}(Object(Illuminate\\Http\\Request))
#26 C:\\Users\\User\\Desktop\\ING DAVID VEGA\\FULLSTACK\\MundoNavidenio365\\vendor\\laravel\\framework\\src\\Illuminate\\Pipeline\\Pipeline.php(183): Illuminate\\Cookie\\Middleware\\AddQueuedCookiesToResponse->handle(Object(Illuminate\\Http\\Request), Object(Closure))
#27 C:\\Users\\User\\Desktop\\ING DAVID VEGA\\FULLSTACK\\MundoNavidenio365\\vendor\\laravel\\framework\\src\\Illuminate\\Cookie\\Middleware\\EncryptCookies.php(67): Illuminate\\Pipeline\\Pipeline->Illuminate\\Pipeline\\{closure}(Object(Illuminate\\Http\\Request))
#28 C:\\Users\\User\\Desktop\\ING DAVID VEGA\\FULLSTACK\\MundoNavidenio365\\vendor\\laravel\\framework\\src\\Illuminate\\Pipeline\\Pipeline.php(183): Illuminate\\Cookie\\Middleware\\EncryptCookies->handle(Object(Illuminate\\Http\\Request), Object(Closure))
#29 C:\\Users\\User\\Desktop\\ING DAVID VEGA\\FULLSTACK\\MundoNavidenio365\\vendor\\laravel\\framework\\src\\Illuminate\\Pipeline\\Pipeline.php(119): Illuminate\\Pipeline\\Pipeline->Illuminate\\Pipeline\\{closure}(Object(Illuminate\\Http\\Request))
#30 C:\\Users\\User\\Desktop\\ING DAVID VEGA\\FULLSTACK\\MundoNavidenio365\\vendor\\laravel\\framework\\src\\Illuminate\\Routing\\Router.php(805): Illuminate\\Pipeline\\Pipeline->then(Object(Closure))
#31 C:\\Users\\User\\Desktop\\ING DAVID VEGA\\FULLSTACK\\MundoNavidenio365\\vendor\\laravel\\framework\\src\\Illuminate\\Routing\\Router.php(784): Illuminate\\Routing\\Router->runRouteWithinStack(Object(Illuminate\\Routing\\Route), Object(Illuminate\\Http\\Request))
#32 C:\\Users\\User\\Desktop\\ING DAVID VEGA\\FULLSTACK\\MundoNavidenio365\\vendor\\laravel\\framework\\src\\Illuminate\\Routing\\Router.php(748): Illuminate\\Routing\\Router->runRoute(Object(Illuminate\\Http\\Request), Object(Illuminate\\Routing\\Route))
#33 C:\\Users\\User\\Desktop\\ING DAVID VEGA\\FULLSTACK\\MundoNavidenio365\\vendor\\laravel\\framework\\src\\Illuminate\\Routing\\Router.php(737): Illuminate\\Routing\\Router->dispatchToRoute(Object(Illuminate\\Http\\Request))
#34 C:\\Users\\User\\Desktop\\ING DAVID VEGA\\FULLSTACK\\MundoNavidenio365\\vendor\\laravel\\framework\\src\\Illuminate\\Foundation\\Http\\Kernel.php(200): Illuminate\\Routing\\Router->dispatch(Object(Illuminate\\Http\\Request))
#35 C:\\Users\\User\\Desktop\\ING DAVID VEGA\\FULLSTACK\\MundoNavidenio365\\vendor\\laravel\\framework\\src\\Illuminate\\Pipeline\\Pipeline.php(144): Illuminate\\Foundation\\Http\\Kernel->Illuminate\\Foundation\\Http\\{closure}(Object(Illuminate\\Http\\Request))
#36 C:\\Users\\User\\Desktop\\ING DAVID VEGA\\FULLSTACK\\MundoNavidenio365\\vendor\\laravel\\framework\\src\\Illuminate\\Foundation\\Http\\Middleware\\TransformsRequest.php(21): Illuminate\\Pipeline\\Pipeline->Illuminate\\Pipeline\\{closure}(Object(Illuminate\\Http\\Request))
#37 C:\\Users\\User\\Desktop\\ING DAVID VEGA\\FULLSTACK\\MundoNavidenio365\\vendor\\laravel\\framework\\src\\Illuminate\\Foundation\\Http\\Middleware\\ConvertEmptyStringsToNull.php(31): Illuminate\\Foundation\\Http\\Middleware\\TransformsRequest->handle(Object(Illuminate\\Http\\Request), Object(Closure))
#38 C:\\Users\\User\\Desktop\\ING DAVID VEGA\\FULLSTACK\\MundoNavidenio365\\vendor\\laravel\\framework\\src\\Illuminate\\Pipeline\\Pipeline.php(183): Illuminate\\Foundation\\Http\\Middleware\\ConvertEmptyStringsToNull->handle(Object(Illuminate\\Http\\Request), Object(Closure))
#39 C:\\Users\\User\\Desktop\\ING DAVID VEGA\\FULLSTACK\\MundoNavidenio365\\vendor\\laravel\\framework\\src\\Illuminate\\Foundation\\Http\\Middleware\\TransformsRequest.php(21): Illuminate\\Pipeline\\Pipeline->Illuminate\\Pipeline\\{closure}(Object(Illuminate\\Http\\Request))
#40 C:\\Users\\User\\Desktop\\ING DAVID VEGA\\FULLSTACK\\MundoNavidenio365\\vendor\\laravel\\framework\\src\\Illuminate\\Foundation\\Http\\Middleware\\TrimStrings.php(40): Illuminate\\Foundation\\Http\\Middleware\\TransformsRequest->handle(Object(Illuminate\\Http\\Request), Object(Closure))
#41 C:\\Users\\User\\Desktop\\ING DAVID VEGA\\FULLSTACK\\MundoNavidenio365\\vendor\\laravel\\framework\\src\\Illuminate\\Pipeline\\Pipeline.php(183): Illuminate\\Foundation\\Http\\Middleware\\TrimStrings->handle(Object(Illuminate\\Http\\Request), Object(Closure))
#42 C:\\Users\\User\\Desktop\\ING DAVID VEGA\\FULLSTACK\\MundoNavidenio365\\vendor\\laravel\\framework\\src\\Illuminate\\Foundation\\Http\\Middleware\\ValidatePostSize.php(27): Illuminate\\Pipeline\\Pipeline->Illuminate\\Pipeline\\{closure}(Object(Illuminate\\Http\\Request))
#43 C:\\Users\\User\\Desktop\\ING DAVID VEGA\\FULLSTACK\\MundoNavidenio365\\vendor\\laravel\\framework\\src\\Illuminate\\Pipeline\\Pipeline.php(183): Illuminate\\Foundation\\Http\\Middleware\\ValidatePostSize->handle(Object(Illuminate\\Http\\Request), Object(Closure))
#44 C:\\Users\\User\\Desktop\\ING DAVID VEGA\\FULLSTACK\\MundoNavidenio365\\vendor\\laravel\\framework\\src\\Illuminate\\Foundation\\Http\\Middleware\\PreventRequestsDuringMaintenance.php(99): Illuminate\\Pipeline\\Pipeline->Illuminate\\Pipeline\\{closure}(Object(Illuminate\\Http\\Request))
#45 C:\\Users\\User\\Desktop\\ING DAVID VEGA\\FULLSTACK\\MundoNavidenio365\\vendor\\laravel\\framework\\src\\Illuminate\\Pipeline\\Pipeline.php(183): Illuminate\\Foundation\\Http\\Middleware\\PreventRequestsDuringMaintenance->handle(Object(Illuminate\\Http\\Request), Object(Closure))
#46 C:\\Users\\User\\Desktop\\ING DAVID VEGA\\FULLSTACK\\MundoNavidenio365\\vendor\\laravel\\framework\\src\\Illuminate\\Http\\Middleware\\HandleCors.php(49): Illuminate\\Pipeline\\Pipeline->Illuminate\\Pipeline\\{closure}(Object(Illuminate\\Http\\Request))
#47 C:\\Users\\User\\Desktop\\ING DAVID VEGA\\FULLSTACK\\MundoNavidenio365\\vendor\\laravel\\framework\\src\\Illuminate\\Pipeline\\Pipeline.php(183): Illuminate\\Http\\Middleware\\HandleCors->handle(Object(Illuminate\\Http\\Request), Object(Closure))
#48 C:\\Users\\User\\Desktop\\ING DAVID VEGA\\FULLSTACK\\MundoNavidenio365\\vendor\\laravel\\framework\\src\\Illuminate\\Http\\Middleware\\TrustProxies.php(39): Illuminate\\Pipeline\\Pipeline->Illuminate\\Pipeline\\{closure}(Object(Illuminate\\Http\\Request))
#49 C:\\Users\\User\\Desktop\\ING DAVID VEGA\\FULLSTACK\\MundoNavidenio365\\vendor\\laravel\\framework\\src\\Illuminate\\Pipeline\\Pipeline.php(183): Illuminate\\Http\\Middleware\\TrustProxies->handle(Object(Illuminate\\Http\\Request), Object(Closure))
#50 C:\\Users\\User\\Desktop\\ING DAVID VEGA\\FULLSTACK\\MundoNavidenio365\\vendor\\laravel\\framework\\src\\Illuminate\\Pipeline\\Pipeline.php(119): Illuminate\\Pipeline\\Pipeline->Illuminate\\Pipeline\\{closure}(Object(Illuminate\\Http\\Request))
#51 C:\\Users\\User\\Desktop\\ING DAVID VEGA\\FULLSTACK\\MundoNavidenio365\\vendor\\laravel\\framework\\src\\Illuminate\\Foundation\\Http\\Kernel.php(175): Illuminate\\Pipeline\\Pipeline->then(Object(Closure))
#52 C:\\Users\\User\\Desktop\\ING DAVID VEGA\\FULLSTACK\\MundoNavidenio365\\vendor\\laravel\\framework\\src\\Illuminate\\Foundation\\Http\\Kernel.php(144): Illuminate\\Foundation\\Http\\Kernel->sendRequestThroughRouter(Object(Illuminate\\Http\\Request))
#53 C:\\Users\\User\\Desktop\\ING DAVID VEGA\\FULLSTACK\\MundoNavidenio365\\public\\index.php(51): Illuminate\\Foundation\\Http\\Kernel->handle(Object(Illuminate\\Http\\Request))
#54 C:\\Users\\User\\Desktop\\ING DAVID VEGA\\FULLSTACK\\MundoNavidenio365\\vendor\\laravel\\framework\\src\\Illuminate\\Foundation\\resources\\server.php(16): require_once('C:\\\\Users\\\\User\\\\D...')
#55 {main}
"} 
[2026-01-25 21:33:46] local.ERROR: Class "SoapClient" not found {"userId":1,"exception":"[object] (Error(code: 0): Class \"SoapClient\" not found at C:\\Users\\User\\Desktop\\ING DAVID VEGA\\FULLSTACK\\MundoNavidenio365\\app\\Http\\Controllers\\Admin\\VentasController.php:857)
[stacktrace]
#0 C:\\Users\\User\\Desktop\\ING DAVID VEGA\\FULLSTACK\\MundoNavidenio365\\vendor\\laravel\\framework\\src\\Illuminate\\Routing\\Controller.php(54): App\\Http\\Controllers\\Admin\\VentasController->guardarPagos(Object(Illuminate\\Http\\Request), '5')
#1 C:\\Users\\User\\Desktop\\ING DAVID VEGA\\FULLSTACK\\MundoNavidenio365\\vendor\\laravel\\framework\\src\\Illuminate\\Routing\\ControllerDispatcher.php(43): Illuminate\\Routing\\Controller->callAction('guardarPagos', Array)
#2 C:\\Users\\User\\Desktop\\ING DAVID VEGA\\FULLSTACK\\MundoNavidenio365\\vendor\\laravel\\framework\\src\\Illuminate\\Routing\\Route.php(259): Illuminate\\Routing\\ControllerDispatcher->dispatch(Object(Illuminate\\Routing\\Route), Object(App\\Http\\Controllers\\Admin\\VentasController), 'guardarPagos')
#3 C:\\Users\\User\\Desktop\\ING DAVID VEGA\\FULLSTACK\\MundoNavidenio365\\vendor\\laravel\\framework\\src\\Illuminate\\Routing\\Route.php(205): Illuminate\\Routing\\Route->runController()
#4 C:\\Users\\User\\Desktop\\ING DAVID VEGA\\FULLSTACK\\MundoNavidenio365\\vendor\\laravel\\framework\\src\\Illuminate\\Routing\\Router.php(806): Illuminate\\Routing\\Route->run()
#5 C:\\Users\\User\\Desktop\\ING DAVID VEGA\\FULLSTACK\\MundoNavidenio365\\vendor\\laravel\\framework\\src\\Illuminate\\Pipeline\\Pipeline.php(144): Illuminate\\Routing\\Router->Illuminate\\Routing\\{closure}(Object(Illuminate\\Http\\Request))
#6 C:\\Users\\User\\Desktop\\ING DAVID VEGA\\FULLSTACK\\MundoNavidenio365\\app\\Http\\Middleware\\RoleMiddleware.php(16): Illuminate\\Pipeline\\Pipeline->Illuminate\\Pipeline\\{closure}(Object(Illuminate\\Http\\Request))
#7 C:\\Users\\User\\Desktop\\ING DAVID VEGA\\FULLSTACK\\MundoNavidenio365\\vendor\\laravel\\framework\\src\\Illuminate\\Pipeline\\Pipeline.php(183): App\\Http\\Middleware\\RoleMiddleware->handle(Object(Illuminate\\Http\\Request), Object(Closure), 'Administrador')
#8 C:\\Users\\User\\Desktop\\ING DAVID VEGA\\FULLSTACK\\MundoNavidenio365\\vendor\\laravel\\framework\\src\\Illuminate\\Auth\\Middleware\\EnsureEmailIsVerified.php(41): Illuminate\\Pipeline\\Pipeline->Illuminate\\Pipeline\\{closure}(Object(Illuminate\\Http\\Request))
#9 C:\\Users\\User\\Desktop\\ING DAVID VEGA\\FULLSTACK\\MundoNavidenio365\\vendor\\laravel\\framework\\src\\Illuminate\\Pipeline\\Pipeline.php(183): Illuminate\\Auth\\Middleware\\EnsureEmailIsVerified->handle(Object(Illuminate\\Http\\Request), Object(Closure))
#10 C:\\Users\\User\\Desktop\\ING DAVID VEGA\\FULLSTACK\\MundoNavidenio365\\vendor\\laravel\\framework\\src\\Illuminate\\Http\\Middleware\\AddLinkHeadersForPreloadedAssets.php(20): Illuminate\\Pipeline\\Pipeline->Illuminate\\Pipeline\\{closure}(Object(Illuminate\\Http\\Request))
#11 C:\\Users\\User\\Desktop\\ING DAVID VEGA\\FULLSTACK\\MundoNavidenio365\\vendor\\laravel\\framework\\src\\Illuminate\\Pipeline\\Pipeline.php(183): Illuminate\\Http\\Middleware\\AddLinkHeadersForPreloadedAssets->handle(Object(Illuminate\\Http\\Request), Object(Closure))
#12 C:\\Users\\User\\Desktop\\ING DAVID VEGA\\FULLSTACK\\MundoNavidenio365\\vendor\\inertiajs\\inertia-laravel\\src\\Middleware.php(87): Illuminate\\Pipeline\\Pipeline->Illuminate\\Pipeline\\{closure}(Object(Illuminate\\Http\\Request))
#13 C:\\Users\\User\\Desktop\\ING DAVID VEGA\\FULLSTACK\\MundoNavidenio365\\vendor\\laravel\\framework\\src\\Illuminate\\Pipeline\\Pipeline.php(183): Inertia\\Middleware->handle(Object(Illuminate\\Http\\Request), Object(Closure))
#14 C:\\Users\\User\\Desktop\\ING DAVID VEGA\\FULLSTACK\\MundoNavidenio365\\vendor\\laravel\\framework\\src\\Illuminate\\Routing\\Middleware\\SubstituteBindings.php(50): Illuminate\\Pipeline\\Pipeline->Illuminate\\Pipeline\\{closure}(Object(Illuminate\\Http\\Request))
#15 C:\\Users\\User\\Desktop\\ING DAVID VEGA\\FULLSTACK\\MundoNavidenio365\\vendor\\laravel\\framework\\src\\Illuminate\\Pipeline\\Pipeline.php(183): Illuminate\\Routing\\Middleware\\SubstituteBindings->handle(Object(Illuminate\\Http\\Request), Object(Closure))
#16 C:\\Users\\User\\Desktop\\ING DAVID VEGA\\FULLSTACK\\MundoNavidenio365\\vendor\\laravel\\framework\\src\\Illuminate\\Auth\\Middleware\\Authenticate.php(57): Illuminate\\Pipeline\\Pipeline->Illuminate\\Pipeline\\{closure}(Object(Illuminate\\Http\\Request))
#17 C:\\Users\\User\\Desktop\\ING DAVID VEGA\\FULLSTACK\\MundoNavidenio365\\vendor\\laravel\\framework\\src\\Illuminate\\Pipeline\\Pipeline.php(183): Illuminate\\Auth\\Middleware\\Authenticate->handle(Object(Illuminate\\Http\\Request), Object(Closure))
#18 C:\\Users\\User\\Desktop\\ING DAVID VEGA\\FULLSTACK\\MundoNavidenio365\\vendor\\laravel\\framework\\src\\Illuminate\\Foundation\\Http\\Middleware\\VerifyCsrfToken.php(78): Illuminate\\Pipeline\\Pipeline->Illuminate\\Pipeline\\{closure}(Object(Illuminate\\Http\\Request))
#19 C:\\Users\\User\\Desktop\\ING DAVID VEGA\\FULLSTACK\\MundoNavidenio365\\vendor\\laravel\\framework\\src\\Illuminate\\Pipeline\\Pipeline.php(183): Illuminate\\Foundation\\Http\\Middleware\\VerifyCsrfToken->handle(Object(Illuminate\\Http\\Request), Object(Closure))
#20 C:\\Users\\User\\Desktop\\ING DAVID VEGA\\FULLSTACK\\MundoNavidenio365\\vendor\\laravel\\framework\\src\\Illuminate\\View\\Middleware\\ShareErrorsFromSession.php(49): Illuminate\\Pipeline\\Pipeline->Illuminate\\Pipeline\\{closure}(Object(Illuminate\\Http\\Request))
#21 C:\\Users\\User\\Desktop\\ING DAVID VEGA\\FULLSTACK\\MundoNavidenio365\\vendor\\laravel\\framework\\src\\Illuminate\\Pipeline\\Pipeline.php(183): Illuminate\\View\\Middleware\\ShareErrorsFromSession->handle(Object(Illuminate\\Http\\Request), Object(Closure))
#22 C:\\Users\\User\\Desktop\\ING DAVID VEGA\\FULLSTACK\\MundoNavidenio365\\vendor\\laravel\\framework\\src\\Illuminate\\Session\\Middleware\\StartSession.php(121): Illuminate\\Pipeline\\Pipeline->Illuminate\\Pipeline\\{closure}(Object(Illuminate\\Http\\Request))
#23 C:\\Users\\User\\Desktop\\ING DAVID VEGA\\FULLSTACK\\MundoNavidenio365\\vendor\\laravel\\framework\\src\\Illuminate\\Session\\Middleware\\StartSession.php(64): Illuminate\\Session\\Middleware\\StartSession->handleStatefulRequest(Object(Illuminate\\Http\\Request), Object(Illuminate\\Session\\Store), Object(Closure))
#24 C:\\Users\\User\\Desktop\\ING DAVID VEGA\\FULLSTACK\\MundoNavidenio365\\vendor\\laravel\\framework\\src\\Illuminate\\Pipeline\\Pipeline.php(183): Illuminate\\Session\\Middleware\\StartSession->handle(Object(Illuminate\\Http\\Request), Object(Closure))
#25 C:\\Users\\User\\Desktop\\ING DAVID VEGA\\FULLSTACK\\MundoNavidenio365\\vendor\\laravel\\framework\\src\\Illuminate\\Cookie\\Middleware\\AddQueuedCookiesToResponse.php(37): Illuminate\\Pipeline\\Pipeline->Illuminate\\Pipeline\\{closure}(Object(Illuminate\\Http\\Request))
#26 C:\\Users\\User\\Desktop\\ING DAVID VEGA\\FULLSTACK\\MundoNavidenio365\\vendor\\laravel\\framework\\src\\Illuminate\\Pipeline\\Pipeline.php(183): Illuminate\\Cookie\\Middleware\\AddQueuedCookiesToResponse->handle(Object(Illuminate\\Http\\Request), Object(Closure))
#27 C:\\Users\\User\\Desktop\\ING DAVID VEGA\\FULLSTACK\\MundoNavidenio365\\vendor\\laravel\\framework\\src\\Illuminate\\Cookie\\Middleware\\EncryptCookies.php(67): Illuminate\\Pipeline\\Pipeline->Illuminate\\Pipeline\\{closure}(Object(Illuminate\\Http\\Request))
#28 C:\\Users\\User\\Desktop\\ING DAVID VEGA\\FULLSTACK\\MundoNavidenio365\\vendor\\laravel\\framework\\src\\Illuminate\\Pipeline\\Pipeline.php(183): Illuminate\\Cookie\\Middleware\\EncryptCookies->handle(Object(Illuminate\\Http\\Request), Object(Closure))
#29 C:\\Users\\User\\Desktop\\ING DAVID VEGA\\FULLSTACK\\MundoNavidenio365\\vendor\\laravel\\framework\\src\\Illuminate\\Pipeline\\Pipeline.php(119): Illuminate\\Pipeline\\Pipeline->Illuminate\\Pipeline\\{closure}(Object(Illuminate\\Http\\Request))
#30 C:\\Users\\User\\Desktop\\ING DAVID VEGA\\FULLSTACK\\MundoNavidenio365\\vendor\\laravel\\framework\\src\\Illuminate\\Routing\\Router.php(805): Illuminate\\Pipeline\\Pipeline->then(Object(Closure))
#31 C:\\Users\\User\\Desktop\\ING DAVID VEGA\\FULLSTACK\\MundoNavidenio365\\vendor\\laravel\\framework\\src\\Illuminate\\Routing\\Router.php(784): Illuminate\\Routing\\Router->runRouteWithinStack(Object(Illuminate\\Routing\\Route), Object(Illuminate\\Http\\Request))
#32 C:\\Users\\User\\Desktop\\ING DAVID VEGA\\FULLSTACK\\MundoNavidenio365\\vendor\\laravel\\framework\\src\\Illuminate\\Routing\\Router.php(748): Illuminate\\Routing\\Router->runRoute(Object(Illuminate\\Http\\Request), Object(Illuminate\\Routing\\Route))
#33 C:\\Users\\User\\Desktop\\ING DAVID VEGA\\FULLSTACK\\MundoNavidenio365\\vendor\\laravel\\framework\\src\\Illuminate\\Routing\\Router.php(737): Illuminate\\Routing\\Router->dispatchToRoute(Object(Illuminate\\Http\\Request))
#34 C:\\Users\\User\\Desktop\\ING DAVID VEGA\\FULLSTACK\\MundoNavidenio365\\vendor\\laravel\\framework\\src\\Illuminate\\Foundation\\Http\\Kernel.php(200): Illuminate\\Routing\\Router->dispatch(Object(Illuminate\\Http\\Request))
#35 C:\\Users\\User\\Desktop\\ING DAVID VEGA\\FULLSTACK\\MundoNavidenio365\\vendor\\laravel\\framework\\src\\Illuminate\\Pipeline\\Pipeline.php(144): Illuminate\\Foundation\\Http\\Kernel->Illuminate\\Foundation\\Http\\{closure}(Object(Illuminate\\Http\\Request))
#36 C:\\Users\\User\\Desktop\\ING DAVID VEGA\\FULLSTACK\\MundoNavidenio365\\vendor\\laravel\\framework\\src\\Illuminate\\Foundation\\Http\\Middleware\\TransformsRequest.php(21): Illuminate\\Pipeline\\Pipeline->Illuminate\\Pipeline\\{closure}(Object(Illuminate\\Http\\Request))
#37 C:\\Users\\User\\Desktop\\ING DAVID VEGA\\FULLSTACK\\MundoNavidenio365\\vendor\\laravel\\framework\\src\\Illuminate\\Foundation\\Http\\Middleware\\ConvertEmptyStringsToNull.php(31): Illuminate\\Foundation\\Http\\Middleware\\TransformsRequest->handle(Object(Illuminate\\Http\\Request), Object(Closure))
#38 C:\\Users\\User\\Desktop\\ING DAVID VEGA\\FULLSTACK\\MundoNavidenio365\\vendor\\laravel\\framework\\src\\Illuminate\\Pipeline\\Pipeline.php(183): Illuminate\\Foundation\\Http\\Middleware\\ConvertEmptyStringsToNull->handle(Object(Illuminate\\Http\\Request), Object(Closure))
#39 C:\\Users\\User\\Desktop\\ING DAVID VEGA\\FULLSTACK\\MundoNavidenio365\\vendor\\laravel\\framework\\src\\Illuminate\\Foundation\\Http\\Middleware\\TransformsRequest.php(21): Illuminate\\Pipeline\\Pipeline->Illuminate\\Pipeline\\{closure}(Object(Illuminate\\Http\\Request))
#40 C:\\Users\\User\\Desktop\\ING DAVID VEGA\\FULLSTACK\\MundoNavidenio365\\vendor\\laravel\\framework\\src\\Illuminate\\Foundation\\Http\\Middleware\\TrimStrings.php(40): Illuminate\\Foundation\\Http\\Middleware\\TransformsRequest->handle(Object(Illuminate\\Http\\Request), Object(Closure))
#41 C:\\Users\\User\\Desktop\\ING DAVID VEGA\\FULLSTACK\\MundoNavidenio365\\vendor\\laravel\\framework\\src\\Illuminate\\Pipeline\\Pipeline.php(183): Illuminate\\Foundation\\Http\\Middleware\\TrimStrings->handle(Object(Illuminate\\Http\\Request), Object(Closure))
#42 C:\\Users\\User\\Desktop\\ING DAVID VEGA\\FULLSTACK\\MundoNavidenio365\\vendor\\laravel\\framework\\src\\Illuminate\\Foundation\\Http\\Middleware\\ValidatePostSize.php(27): Illuminate\\Pipeline\\Pipeline->Illuminate\\Pipeline\\{closure}(Object(Illuminate\\Http\\Request))
#43 C:\\Users\\User\\Desktop\\ING DAVID VEGA\\FULLSTACK\\MundoNavidenio365\\vendor\\laravel\\framework\\src\\Illuminate\\Pipeline\\Pipeline.php(183): Illuminate\\Foundation\\Http\\Middleware\\ValidatePostSize->handle(Object(Illuminate\\Http\\Request), Object(Closure))
#44 C:\\Users\\User\\Desktop\\ING DAVID VEGA\\FULLSTACK\\MundoNavidenio365\\vendor\\laravel\\framework\\src\\Illuminate\\Foundation\\Http\\Middleware\\PreventRequestsDuringMaintenance.php(99): Illuminate\\Pipeline\\Pipeline->Illuminate\\Pipeline\\{closure}(Object(Illuminate\\Http\\Request))
#45 C:\\Users\\User\\Desktop\\ING DAVID VEGA\\FULLSTACK\\MundoNavidenio365\\vendor\\laravel\\framework\\src\\Illuminate\\Pipeline\\Pipeline.php(183): Illuminate\\Foundation\\Http\\Middleware\\PreventRequestsDuringMaintenance->handle(Object(Illuminate\\Http\\Request), Object(Closure))
#46 C:\\Users\\User\\Desktop\\ING DAVID VEGA\\FULLSTACK\\MundoNavidenio365\\vendor\\laravel\\framework\\src\\Illuminate\\Http\\Middleware\\HandleCors.php(49): Illuminate\\Pipeline\\Pipeline->Illuminate\\Pipeline\\{closure}(Object(Illuminate\\Http\\Request))
#47 C:\\Users\\User\\Desktop\\ING DAVID VEGA\\FULLSTACK\\MundoNavidenio365\\vendor\\laravel\\framework\\src\\Illuminate\\Pipeline\\Pipeline.php(183): Illuminate\\Http\\Middleware\\HandleCors->handle(Object(Illuminate\\Http\\Request), Object(Closure))
#48 C:\\Users\\User\\Desktop\\ING DAVID VEGA\\FULLSTACK\\MundoNavidenio365\\vendor\\laravel\\framework\\src\\Illuminate\\Http\\Middleware\\TrustProxies.php(39): Illuminate\\Pipeline\\Pipeline->Illuminate\\Pipeline\\{closure}(Object(Illuminate\\Http\\Request))
#49 C:\\Users\\User\\Desktop\\ING DAVID VEGA\\FULLSTACK\\MundoNavidenio365\\vendor\\laravel\\framework\\src\\Illuminate\\Pipeline\\Pipeline.php(183): Illuminate\\Http\\Middleware\\TrustProxies->handle(Object(Illuminate\\Http\\Request), Object(Closure))
#50 C:\\Users\\User\\Desktop\\ING DAVID VEGA\\FULLSTACK\\MundoNavidenio365\\vendor\\laravel\\framework\\src\\Illuminate\\Pipeline\\Pipeline.php(119): Illuminate\\Pipeline\\Pipeline->Illuminate\\Pipeline\\{closure}(Object(Illuminate\\Http\\Request))
#51 C:\\Users\\User\\Desktop\\ING DAVID VEGA\\FULLSTACK\\MundoNavidenio365\\vendor\\laravel\\framework\\src\\Illuminate\\Foundation\\Http\\Kernel.php(175): Illuminate\\Pipeline\\Pipeline->then(Object(Closure))
#52 C:\\Users\\User\\Desktop\\ING DAVID VEGA\\FULLSTACK\\MundoNavidenio365\\vendor\\laravel\\framework\\src\\Illuminate\\Foundation\\Http\\Kernel.php(144): Illuminate\\Foundation\\Http\\Kernel->sendRequestThroughRouter(Object(Illuminate\\Http\\Request))
#53 C:\\Users\\User\\Desktop\\ING DAVID VEGA\\FULLSTACK\\MundoNavidenio365\\public\\index.php(51): Illuminate\\Foundation\\Http\\Kernel->handle(Object(Illuminate\\Http\\Request))
#54 C:\\Users\\User\\Desktop\\ING DAVID VEGA\\FULLSTACK\\MundoNavidenio365\\vendor\\laravel\\framework\\src\\Illuminate\\Foundation\\resources\\server.php(16): require_once('C:\\\\Users\\\\User\\\\D...')
#55 {main}
"} 
[2026-01-25 22:58:40] local.ERROR: The "--columns" option does not exist. {"exception":"[object] (Symfony\\Component\\Console\\Exception\\RuntimeException(code: 0): The \"--columns\" option does not exist. at C:\\Users\\User\\Desktop\\ING DAVID VEGA\\FULLSTACK\\MundoNavidenio365\\vendor\\symfony\\console\\Input\\ArgvInput.php:223)
[stacktrace]
#0 C:\\Users\\User\\Desktop\\ING DAVID VEGA\\FULLSTACK\\MundoNavidenio365\\vendor\\symfony\\console\\Input\\ArgvInput.php(150): Symfony\\Component\\Console\\Input\\ArgvInput->addLongOption('columns', 'method,uri,name')
#1 C:\\Users\\User\\Desktop\\ING DAVID VEGA\\FULLSTACK\\MundoNavidenio365\\vendor\\symfony\\console\\Input\\ArgvInput.php(85): Symfony\\Component\\Console\\Input\\ArgvInput->parseLongOption('--columns=metho...')
#2 C:\\Users\\User\\Desktop\\ING DAVID VEGA\\FULLSTACK\\MundoNavidenio365\\vendor\\symfony\\console\\Input\\ArgvInput.php(74): Symfony\\Component\\Console\\Input\\ArgvInput->parseToken('--columns=metho...', true)
#3 C:\\Users\\User\\Desktop\\ING DAVID VEGA\\FULLSTACK\\MundoNavidenio365\\vendor\\symfony\\console\\Input\\Input.php(56): Symfony\\Component\\Console\\Input\\ArgvInput->parse()
#4 C:\\Users\\User\\Desktop\\ING DAVID VEGA\\FULLSTACK\\MundoNavidenio365\\vendor\\symfony\\console\\Command\\Command.php(285): Symfony\\Component\\Console\\Input\\Input->bind(Object(Symfony\\Component\\Console\\Input\\InputDefinition))
#5 C:\\Users\\User\\Desktop\\ING DAVID VEGA\\FULLSTACK\\MundoNavidenio365\\vendor\\laravel\\framework\\src\\Illuminate\\Console\\Command.php(180): Symfony\\Component\\Console\\Command\\Command->run(Object(Symfony\\Component\\Console\\Input\\ArgvInput), Object(Illuminate\\Console\\OutputStyle))
#6 C:\\Users\\User\\Desktop\\ING DAVID VEGA\\FULLSTACK\\MundoNavidenio365\\vendor\\symfony\\console\\Application.php(1096): Illuminate\\Console\\Command->run(Object(Symfony\\Component\\Console\\Input\\ArgvInput), Object(Symfony\\Component\\Console\\Output\\ConsoleOutput))
#7 C:\\Users\\User\\Desktop\\ING DAVID VEGA\\FULLSTACK\\MundoNavidenio365\\vendor\\symfony\\console\\Application.php(324): Symfony\\Component\\Console\\Application->doRunCommand(Object(Illuminate\\Foundation\\Console\\RouteListCommand), Object(Symfony\\Component\\Console\\Input\\ArgvInput), Object(Symfony\\Component\\Console\\Output\\ConsoleOutput))
#8 C:\\Users\\User\\Desktop\\ING DAVID VEGA\\FULLSTACK\\MundoNavidenio365\\vendor\\symfony\\console\\Application.php(175): Symfony\\Component\\Console\\Application->doRun(Object(Symfony\\Component\\Console\\Input\\ArgvInput), Object(Symfony\\Component\\Console\\Output\\ConsoleOutput))
#9 C:\\Users\\User\\Desktop\\ING DAVID VEGA\\FULLSTACK\\MundoNavidenio365\\vendor\\laravel\\framework\\src\\Illuminate\\Foundation\\Console\\Kernel.php(201): Symfony\\Component\\Console\\Application->run(Object(Symfony\\Component\\Console\\Input\\ArgvInput), Object(Symfony\\Component\\Console\\Output\\ConsoleOutput))
#10 C:\\Users\\User\\Desktop\\ING DAVID VEGA\\FULLSTACK\\MundoNavidenio365\\artisan(35): Illuminate\\Foundation\\Console\\Kernel->handle(Object(Symfony\\Component\\Console\\Input\\ArgvInput), Object(Symfony\\Component\\Console\\Output\\ConsoleOutput))
#11 {main}
"} 
[2026-07-25 01:59:14] local.ERROR: Unclosed '{' on line 729 does not match ')' {"exception":"[object] (ParseError(code: 0): Unclosed '{' on line 729 does not match ')' at C:\\Users\\User\\Desktop\\ING DAVID VEGA\\FULLSTACK\\MundoNavidenio365\\app\\Http\\Controllers\\Admin\\VentasController.php:884)
[stacktrace]
#0 C:\\Users\\User\\Desktop\\ING DAVID VEGA\\FULLSTACK\\MundoNavidenio365\\vendor\\composer\\ClassLoader.php(427): Composer\\Autoload\\{closure}('C:\\\\Users\\\\User\\\\D...')
#1 [internal function]: Composer\\Autoload\\ClassLoader->loadClass('App\\\\Http\\\\Contro...')
#2 C:\\Users\\User\\Desktop\\ING DAVID VEGA\\FULLSTACK\\MundoNavidenio365\\vendor\\laravel\\framework\\src\\Illuminate\\Routing\\Route.php(1096): is_a('App\\\\Http\\\\Contro...', 'Illuminate\\\\Rout...', true)
#3 C:\\Users\\User\\Desktop\\ING DAVID VEGA\\FULLSTACK\\MundoNavidenio365\\vendor\\laravel\\framework\\src\\Illuminate\\Routing\\Route.php(1035): Illuminate\\Routing\\Route->controllerMiddleware()
#4 C:\\Users\\User\\Desktop\\ING DAVID VEGA\\FULLSTACK\\MundoNavidenio365\\vendor\\laravel\\framework\\src\\Illuminate\\Routing\\Router.php(818): Illuminate\\Routing\\Route->gatherMiddleware()
#5 C:\\Users\\User\\Desktop\\ING DAVID VEGA\\FULLSTACK\\MundoNavidenio365\\vendor\\laravel\\framework\\src\\Illuminate\\Routing\\Router.php(800): Illuminate\\Routing\\Router->gatherRouteMiddleware(Object(Illuminate\\Routing\\Route))
#6 C:\\Users\\User\\Desktop\\ING DAVID VEGA\\FULLSTACK\\MundoNavidenio365\\vendor\\laravel\\framework\\src\\Illuminate\\Routing\\Router.php(784): Illuminate\\Routing\\Router->runRouteWithinStack(Object(Illuminate\\Routing\\Route), Object(Illuminate\\Http\\Request))
#7 C:\\Users\\User\\Desktop\\ING DAVID VEGA\\FULLSTACK\\MundoNavidenio365\\vendor\\laravel\\framework\\src\\Illuminate\\Routing\\Router.php(748): Illuminate\\Routing\\Router->runRoute(Object(Illuminate\\Http\\Request), Object(Illuminate\\Routing\\Route))
#8 C:\\Users\\User\\Desktop\\ING DAVID VEGA\\FULLSTACK\\MundoNavidenio365\\vendor\\laravel\\framework\\src\\Illuminate\\Routing\\Router.php(737): Illuminate\\Routing\\Router->dispatchToRoute(Object(Illuminate\\Http\\Request))
#9 C:\\Users\\User\\Desktop\\ING DAVID VEGA\\FULLSTACK\\MundoNavidenio365\\vendor\\laravel\\framework\\src\\Illuminate\\Foundation\\Http\\Kernel.php(200): Illuminate\\Routing\\Router->dispatch(Object(Illuminate\\Http\\Request))
#10 C:\\Users\\User\\Desktop\\ING DAVID VEGA\\FULLSTACK\\MundoNavidenio365\\vendor\\laravel\\framework\\src\\Illuminate\\Pipeline\\Pipeline.php(144): Illuminate\\Foundation\\Http\\Kernel->Illuminate\\Foundation\\Http\\{closure}(Object(Illuminate\\Http\\Request))
#11 C:\\Users\\User\\Desktop\\ING DAVID VEGA\\FULLSTACK\\MundoNavidenio365\\vendor\\laravel\\framework\\src\\Illuminate\\Foundation\\Http\\Middleware\\TransformsRequest.php(21): Illuminate\\Pipeline\\Pipeline->Illuminate\\Pipeline\\{closure}(Object(Illuminate\\Http\\Request))
#12 C:\\Users\\User\\Desktop\\ING DAVID VEGA\\FULLSTACK\\MundoNavidenio365\\vendor\\laravel\\framework\\src\\Illuminate\\Foundation\\Http\\Middleware\\ConvertEmptyStringsToNull.php(31): Illuminate\\Foundation\\Http\\Middleware\\TransformsRequest->handle(Object(Illuminate\\Http\\Request), Object(Closure))
#13 C:\\Users\\User\\Desktop\\ING DAVID VEGA\\FULLSTACK\\MundoNavidenio365\\vendor\\laravel\\framework\\src\\Illuminate\\Pipeline\\Pipeline.php(183): Illuminate\\Foundation\\Http\\Middleware\\ConvertEmptyStringsToNull->handle(Object(Illuminate\\Http\\Request), Object(Closure))
#14 C:\\Users\\User\\Desktop\\ING DAVID VEGA\\FULLSTACK\\MundoNavidenio365\\vendor\\laravel\\framework\\src\\Illuminate\\Foundation\\Http\\Middleware\\TransformsRequest.php(21): Illuminate\\Pipeline\\Pipeline->Illuminate\\Pipeline\\{closure}(Object(Illuminate\\Http\\Request))
#15 C:\\Users\\User\\Desktop\\ING DAVID VEGA\\FULLSTACK\\MundoNavidenio365\\vendor\\laravel\\framework\\src\\Illuminate\\Foundation\\Http\\Middleware\\TrimStrings.php(40): Illuminate\\Foundation\\Http\\Middleware\\TransformsRequest->handle(Object(Illuminate\\Http\\Request), Object(Closure))
#16 C:\\Users\\User\\Desktop\\ING DAVID VEGA\\FULLSTACK\\MundoNavidenio365\\vendor\\laravel\\framework\\src\\Illuminate\\Pipeline\\Pipeline.php(183): Illuminate\\Foundation\\Http\\Middleware\\TrimStrings->handle(Object(Illuminate\\Http\\Request), Object(Closure))
#17 C:\\Users\\User\\Desktop\\ING DAVID VEGA\\FULLSTACK\\MundoNavidenio365\\vendor\\laravel\\framework\\src\\Illuminate\\Foundation\\Http\\Middleware\\ValidatePostSize.php(27): Illuminate\\Pipeline\\Pipeline->Illuminate\\Pipeline\\{closure}(Object(Illuminate\\Http\\Request))
#18 C:\\Users\\User\\Desktop\\ING DAVID VEGA\\FULLSTACK\\MundoNavidenio365\\vendor\\laravel\\framework\\src\\Illuminate\\Pipeline\\Pipeline.php(183): Illuminate\\Foundation\\Http\\Middleware\\ValidatePostSize->handle(Object(Illuminate\\Http\\Request), Object(Closure))
#19 C:\\Users\\User\\Desktop\\ING DAVID VEGA\\FULLSTACK\\MundoNavidenio365\\vendor\\laravel\\framework\\src\\Illuminate\\Foundation\\Http\\Middleware\\PreventRequestsDuringMaintenance.php(99): Illuminate\\Pipeline\\Pipeline->Illuminate\\Pipeline\\{closure}(Object(Illuminate\\Http\\Request))
#20 C:\\Users\\User\\Desktop\\ING DAVID VEGA\\FULLSTACK\\MundoNavidenio365\\vendor\\laravel\\framework\\src\\Illuminate\\Pipeline\\Pipeline.php(183): Illuminate\\Foundation\\Http\\Middleware\\PreventRequestsDuringMaintenance->handle(Object(Illuminate\\Http\\Request), Object(Closure))
#21 C:\\Users\\User\\Desktop\\ING DAVID VEGA\\FULLSTACK\\MundoNavidenio365\\vendor\\laravel\\framework\\src\\Illuminate\\Http\\Middleware\\HandleCors.php(49): Illuminate\\Pipeline\\Pipeline->Illuminate\\Pipeline\\{closure}(Object(Illuminate\\Http\\Request))
#22 C:\\Users\\User\\Desktop\\ING DAVID VEGA\\FULLSTACK\\MundoNavidenio365\\vendor\\laravel\\framework\\src\\Illuminate\\Pipeline\\Pipeline.php(183): Illuminate\\Http\\Middleware\\HandleCors->handle(Object(Illuminate\\Http\\Request), Object(Closure))
#23 C:\\Users\\User\\Desktop\\ING DAVID VEGA\\FULLSTACK\\MundoNavidenio365\\vendor\\laravel\\framework\\src\\Illuminate\\Http\\Middleware\\TrustProxies.php(39): Illuminate\\Pipeline\\Pipeline->Illuminate\\Pipeline\\{closure}(Object(Illuminate\\Http\\Request))
#24 C:\\Users\\User\\Desktop\\ING DAVID VEGA\\FULLSTACK\\MundoNavidenio365\\vendor\\laravel\\framework\\src\\Illuminate\\Pipeline\\Pipeline.php(183): Illuminate\\Http\\Middleware\\TrustProxies->handle(Object(Illuminate\\Http\\Request), Object(Closure))
#25 C:\\Users\\User\\Desktop\\ING DAVID VEGA\\FULLSTACK\\MundoNavidenio365\\vendor\\laravel\\framework\\src\\Illuminate\\Pipeline\\Pipeline.php(119): Illuminate\\Pipeline\\Pipeline->Illuminate\\Pipeline\\{closure}(Object(Illuminate\\Http\\Request))
#26 C:\\Users\\User\\Desktop\\ING DAVID VEGA\\FULLSTACK\\MundoNavidenio365\\vendor\\laravel\\framework\\src\\Illuminate\\Foundation\\Http\\Kernel.php(175): Illuminate\\Pipeline\\Pipeline->then(Object(Closure))
#27 C:\\Users\\User\\Desktop\\ING DAVID VEGA\\FULLSTACK\\MundoNavidenio365\\vendor\\laravel\\framework\\src\\Illuminate\\Foundation\\Http\\Kernel.php(144): Illuminate\\Foundation\\Http\\Kernel->sendRequestThroughRouter(Object(Illuminate\\Http\\Request))
#28 C:\\Users\\User\\Desktop\\ING DAVID VEGA\\FULLSTACK\\MundoNavidenio365\\public\\index.php(51): Illuminate\\Foundation\\Http\\Kernel->handle(Object(Illuminate\\Http\\Request))
#29 C:\\Users\\User\\Desktop\\ING DAVID VEGA\\FULLSTACK\\MundoNavidenio365\\vendor\\laravel\\framework\\src\\Illuminate\\Foundation\\resources\\server.php(16): require_once('C:\\\\Users\\\\User\\\\D...')
#30 {main}
"} 
[2026-07-25 02:11:36] local.ERROR: App\Services\SriFacturaService::procesarNotaCreditoSRI(): Argument #1 ($nc) must be of type App\Services\NotaCredito, App\Models\NotaCredito given, called in C:\Users\User\Desktop\ING DAVID VEGA\FULLSTACK\MundoNavidenio365\app\Http\Controllers\Admin\NotasCreditoController.php on line 519 {"userId":4,"exception":"[object] (TypeError(code: 0): App\\Services\\SriFacturaService::procesarNotaCreditoSRI(): Argument #1 ($nc) must be of type App\\Services\\NotaCredito, App\\Models\\NotaCredito given, called in C:\\Users\\User\\Desktop\\ING DAVID VEGA\\FULLSTACK\\MundoNavidenio365\\app\\Http\\Controllers\\Admin\\NotasCreditoController.php on line 519 at C:\\Users\\User\\Desktop\\ING DAVID VEGA\\FULLSTACK\\MundoNavidenio365\\app\\Services\\SriFacturaService.php:620)
[stacktrace]
#0 C:\\Users\\User\\Desktop\\ING DAVID VEGA\\FULLSTACK\\MundoNavidenio365\\app\\Http\\Controllers\\Admin\\NotasCreditoController.php(519): App\\Services\\SriFacturaService->procesarNotaCreditoSRI(Object(App\\Models\\NotaCredito), Array)
#1 C:\\Users\\User\\Desktop\\ING DAVID VEGA\\FULLSTACK\\MundoNavidenio365\\app\\Http\\Controllers\\Admin\\NotasCreditoController.php(407): App\\Http\\Controllers\\Admin\\NotasCreditoController->emitirFirmarEnviar(1)
#2 C:\\Users\\User\\Desktop\\ING DAVID VEGA\\FULLSTACK\\MundoNavidenio365\\vendor\\laravel\\framework\\src\\Illuminate\\Routing\\Controller.php(54): App\\Http\\Controllers\\Admin\\NotasCreditoController->cargarProductosDesdeFactura(Object(Illuminate\\Http\\Request), '5')
#3 C:\\Users\\User\\Desktop\\ING DAVID VEGA\\FULLSTACK\\MundoNavidenio365\\vendor\\laravel\\framework\\src\\Illuminate\\Routing\\ControllerDispatcher.php(43): Illuminate\\Routing\\Controller->callAction('cargarProductos...', Array)
#4 C:\\Users\\User\\Desktop\\ING DAVID VEGA\\FULLSTACK\\MundoNavidenio365\\vendor\\laravel\\framework\\src\\Illuminate\\Routing\\Route.php(259): Illuminate\\Routing\\ControllerDispatcher->dispatch(Object(Illuminate\\Routing\\Route), Object(App\\Http\\Controllers\\Admin\\NotasCreditoController), 'cargarProductos...')
#5 C:\\Users\\User\\Desktop\\ING DAVID VEGA\\FULLSTACK\\MundoNavidenio365\\vendor\\laravel\\framework\\src\\Illuminate\\Routing\\Route.php(205): Illuminate\\Routing\\Route->runController()
#6 C:\\Users\\User\\Desktop\\ING DAVID VEGA\\FULLSTACK\\MundoNavidenio365\\vendor\\laravel\\framework\\src\\Illuminate\\Routing\\Router.php(806): Illuminate\\Routing\\Route->run()
#7 C:\\Users\\User\\Desktop\\ING DAVID VEGA\\FULLSTACK\\MundoNavidenio365\\vendor\\laravel\\framework\\src\\Illuminate\\Pipeline\\Pipeline.php(144): Illuminate\\Routing\\Router->Illuminate\\Routing\\{closure}(Object(Illuminate\\Http\\Request))
#8 C:\\Users\\User\\Desktop\\ING DAVID VEGA\\FULLSTACK\\MundoNavidenio365\\app\\Http\\Middleware\\RoleMiddleware.php(16): Illuminate\\Pipeline\\Pipeline->Illuminate\\Pipeline\\{closure}(Object(Illuminate\\Http\\Request))
#9 C:\\Users\\User\\Desktop\\ING DAVID VEGA\\FULLSTACK\\MundoNavidenio365\\vendor\\laravel\\framework\\src\\Illuminate\\Pipeline\\Pipeline.php(183): App\\Http\\Middleware\\RoleMiddleware->handle(Object(Illuminate\\Http\\Request), Object(Closure), 'Administrador')
#10 C:\\Users\\User\\Desktop\\ING DAVID VEGA\\FULLSTACK\\MundoNavidenio365\\vendor\\laravel\\framework\\src\\Illuminate\\Auth\\Middleware\\EnsureEmailIsVerified.php(41): Illuminate\\Pipeline\\Pipeline->Illuminate\\Pipeline\\{closure}(Object(Illuminate\\Http\\Request))
#11 C:\\Users\\User\\Desktop\\ING DAVID VEGA\\FULLSTACK\\MundoNavidenio365\\vendor\\laravel\\framework\\src\\Illuminate\\Pipeline\\Pipeline.php(183): Illuminate\\Auth\\Middleware\\EnsureEmailIsVerified->handle(Object(Illuminate\\Http\\Request), Object(Closure))
#12 C:\\Users\\User\\Desktop\\ING DAVID VEGA\\FULLSTACK\\MundoNavidenio365\\vendor\\laravel\\framework\\src\\Illuminate\\Http\\Middleware\\AddLinkHeadersForPreloadedAssets.php(20): Illuminate\\Pipeline\\Pipeline->Illuminate\\Pipeline\\{closure}(Object(Illuminate\\Http\\Request))
#13 C:\\Users\\User\\Desktop\\ING DAVID VEGA\\FULLSTACK\\MundoNavidenio365\\vendor\\laravel\\framework\\src\\Illuminate\\Pipeline\\Pipeline.php(183): Illuminate\\Http\\Middleware\\AddLinkHeadersForPreloadedAssets->handle(Object(Illuminate\\Http\\Request), Object(Closure))
#14 C:\\Users\\User\\Desktop\\ING DAVID VEGA\\FULLSTACK\\MundoNavidenio365\\vendor\\inertiajs\\inertia-laravel\\src\\Middleware.php(87): Illuminate\\Pipeline\\Pipeline->Illuminate\\Pipeline\\{closure}(Object(Illuminate\\Http\\Request))
#15 C:\\Users\\User\\Desktop\\ING DAVID VEGA\\FULLSTACK\\MundoNavidenio365\\vendor\\laravel\\framework\\src\\Illuminate\\Pipeline\\Pipeline.php(183): Inertia\\Middleware->handle(Object(Illuminate\\Http\\Request), Object(Closure))
#16 C:\\Users\\User\\Desktop\\ING DAVID VEGA\\FULLSTACK\\MundoNavidenio365\\vendor\\laravel\\framework\\src\\Illuminate\\Routing\\Middleware\\SubstituteBindings.php(50): Illuminate\\Pipeline\\Pipeline->Illuminate\\Pipeline\\{closure}(Object(Illuminate\\Http\\Request))
#17 C:\\Users\\User\\Desktop\\ING DAVID VEGA\\FULLSTACK\\MundoNavidenio365\\vendor\\laravel\\framework\\src\\Illuminate\\Pipeline\\Pipeline.php(183): Illuminate\\Routing\\Middleware\\SubstituteBindings->handle(Object(Illuminate\\Http\\Request), Object(Closure))
#18 C:\\Users\\User\\Desktop\\ING DAVID VEGA\\FULLSTACK\\MundoNavidenio365\\vendor\\laravel\\framework\\src\\Illuminate\\Auth\\Middleware\\Authenticate.php(57): Illuminate\\Pipeline\\Pipeline->Illuminate\\Pipeline\\{closure}(Object(Illuminate\\Http\\Request))
#19 C:\\Users\\User\\Desktop\\ING DAVID VEGA\\FULLSTACK\\MundoNavidenio365\\vendor\\laravel\\framework\\src\\Illuminate\\Pipeline\\Pipeline.php(183): Illuminate\\Auth\\Middleware\\Authenticate->handle(Object(Illuminate\\Http\\Request), Object(Closure))
#20 C:\\Users\\User\\Desktop\\ING DAVID VEGA\\FULLSTACK\\MundoNavidenio365\\vendor\\laravel\\framework\\src\\Illuminate\\Foundation\\Http\\Middleware\\VerifyCsrfToken.php(78): Illuminate\\Pipeline\\Pipeline->Illuminate\\Pipeline\\{closure}(Object(Illuminate\\Http\\Request))
#21 C:\\Users\\User\\Desktop\\ING DAVID VEGA\\FULLSTACK\\MundoNavidenio365\\vendor\\laravel\\framework\\src\\Illuminate\\Pipeline\\Pipeline.php(183): Illuminate\\Foundation\\Http\\Middleware\\VerifyCsrfToken->handle(Object(Illuminate\\Http\\Request), Object(Closure))
#22 C:\\Users\\User\\Desktop\\ING DAVID VEGA\\FULLSTACK\\MundoNavidenio365\\vendor\\laravel\\framework\\src\\Illuminate\\View\\Middleware\\ShareErrorsFromSession.php(49): Illuminate\\Pipeline\\Pipeline->Illuminate\\Pipeline\\{closure}(Object(Illuminate\\Http\\Request))
#23 C:\\Users\\User\\Desktop\\ING DAVID VEGA\\FULLSTACK\\MundoNavidenio365\\vendor\\laravel\\framework\\src\\Illuminate\\Pipeline\\Pipeline.php(183): Illuminate\\View\\Middleware\\ShareErrorsFromSession->handle(Object(Illuminate\\Http\\Request), Object(Closure))
#24 C:\\Users\\User\\Desktop\\ING DAVID VEGA\\FULLSTACK\\MundoNavidenio365\\vendor\\laravel\\framework\\src\\Illuminate\\Session\\Middleware\\StartSession.php(121): Illuminate\\Pipeline\\Pipeline->Illuminate\\Pipeline\\{closure}(Object(Illuminate\\Http\\Request))
#25 C:\\Users\\User\\Desktop\\ING DAVID VEGA\\FULLSTACK\\MundoNavidenio365\\vendor\\laravel\\framework\\src\\Illuminate\\Session\\Middleware\\StartSession.php(64): Illuminate\\Session\\Middleware\\StartSession->handleStatefulRequest(Object(Illuminate\\Http\\Request), Object(Illuminate\\Session\\Store), Object(Closure))
#26 C:\\Users\\User\\Desktop\\ING DAVID VEGA\\FULLSTACK\\MundoNavidenio365\\vendor\\laravel\\framework\\src\\Illuminate\\Pipeline\\Pipeline.php(183): Illuminate\\Session\\Middleware\\StartSession->handle(Object(Illuminate\\Http\\Request), Object(Closure))
#27 C:\\Users\\User\\Desktop\\ING DAVID VEGA\\FULLSTACK\\MundoNavidenio365\\vendor\\laravel\\framework\\src\\Illuminate\\Cookie\\Middleware\\AddQueuedCookiesToResponse.php(37): Illuminate\\Pipeline\\Pipeline->Illuminate\\Pipeline\\{closure}(Object(Illuminate\\Http\\Request))
#28 C:\\Users\\User\\Desktop\\ING DAVID VEGA\\FULLSTACK\\MundoNavidenio365\\vendor\\laravel\\framework\\src\\Illuminate\\Pipeline\\Pipeline.php(183): Illuminate\\Cookie\\Middleware\\AddQueuedCookiesToResponse->handle(Object(Illuminate\\Http\\Request), Object(Closure))
#29 C:\\Users\\User\\Desktop\\ING DAVID VEGA\\FULLSTACK\\MundoNavidenio365\\vendor\\laravel\\framework\\src\\Illuminate\\Cookie\\Middleware\\EncryptCookies.php(67): Illuminate\\Pipeline\\Pipeline->Illuminate\\Pipeline\\{closure}(Object(Illuminate\\Http\\Request))
#30 C:\\Users\\User\\Desktop\\ING DAVID VEGA\\FULLSTACK\\MundoNavidenio365\\vendor\\laravel\\framework\\src\\Illuminate\\Pipeline\\Pipeline.php(183): Illuminate\\Cookie\\Middleware\\EncryptCookies->handle(Object(Illuminate\\Http\\Request), Object(Closure))
#31 C:\\Users\\User\\Desktop\\ING DAVID VEGA\\FULLSTACK\\MundoNavidenio365\\vendor\\laravel\\framework\\src\\Illuminate\\Pipeline\\Pipeline.php(119): Illuminate\\Pipeline\\Pipeline->Illuminate\\Pipeline\\{closure}(Object(Illuminate\\Http\\Request))
#32 C:\\Users\\User\\Desktop\\ING DAVID VEGA\\FULLSTACK\\MundoNavidenio365\\vendor\\laravel\\framework\\src\\Illuminate\\Routing\\Router.php(805): Illuminate\\Pipeline\\Pipeline->then(Object(Closure))
#33 C:\\Users\\User\\Desktop\\ING DAVID VEGA\\FULLSTACK\\MundoNavidenio365\\vendor\\laravel\\framework\\src\\Illuminate\\Routing\\Router.php(784): Illuminate\\Routing\\Router->runRouteWithinStack(Object(Illuminate\\Routing\\Route), Object(Illuminate\\Http\\Request))
#34 C:\\Users\\User\\Desktop\\ING DAVID VEGA\\FULLSTACK\\MundoNavidenio365\\vendor\\laravel\\framework\\src\\Illuminate\\Routing\\Router.php(748): Illuminate\\Routing\\Router->runRoute(Object(Illuminate\\Http\\Request), Object(Illuminate\\Routing\\Route))
#35 C:\\Users\\User\\Desktop\\ING DAVID VEGA\\FULLSTACK\\MundoNavidenio365\\vendor\\laravel\\framework\\src\\Illuminate\\Routing\\Router.php(737): Illuminate\\Routing\\Router->dispatchToRoute(Object(Illuminate\\Http\\Request))
#36 C:\\Users\\User\\Desktop\\ING DAVID VEGA\\FULLSTACK\\MundoNavidenio365\\vendor\\laravel\\framework\\src\\Illuminate\\Foundation\\Http\\Kernel.php(200): Illuminate\\Routing\\Router->dispatch(Object(Illuminate\\Http\\Request))
#37 C:\\Users\\User\\Desktop\\ING DAVID VEGA\\FULLSTACK\\MundoNavidenio365\\vendor\\laravel\\framework\\src\\Illuminate\\Pipeline\\Pipeline.php(144): Illuminate\\Foundation\\Http\\Kernel->Illuminate\\Foundation\\Http\\{closure}(Object(Illuminate\\Http\\Request))
#38 C:\\Users\\User\\Desktop\\ING DAVID VEGA\\FULLSTACK\\MundoNavidenio365\\vendor\\laravel\\framework\\src\\Illuminate\\Foundation\\Http\\Middleware\\TransformsRequest.php(21): Illuminate\\Pipeline\\Pipeline->Illuminate\\Pipeline\\{closure}(Object(Illuminate\\Http\\Request))
#39 C:\\Users\\User\\Desktop\\ING DAVID VEGA\\FULLSTACK\\MundoNavidenio365\\vendor\\laravel\\framework\\src\\Illuminate\\Foundation\\Http\\Middleware\\ConvertEmptyStringsToNull.php(31): Illuminate\\Foundation\\Http\\Middleware\\TransformsRequest->handle(Object(Illuminate\\Http\\Request), Object(Closure))
#40 C:\\Users\\User\\Desktop\\ING DAVID VEGA\\FULLSTACK\\MundoNavidenio365\\vendor\\laravel\\framework\\src\\Illuminate\\Pipeline\\Pipeline.php(183): Illuminate\\Foundation\\Http\\Middleware\\ConvertEmptyStringsToNull->handle(Object(Illuminate\\Http\\Request), Object(Closure))
#41 C:\\Users\\User\\Desktop\\ING DAVID VEGA\\FULLSTACK\\MundoNavidenio365\\vendor\\laravel\\framework\\src\\Illuminate\\Foundation\\Http\\Middleware\\TransformsRequest.php(21): Illuminate\\Pipeline\\Pipeline->Illuminate\\Pipeline\\{closure}(Object(Illuminate\\Http\\Request))
#42 C:\\Users\\User\\Desktop\\ING DAVID VEGA\\FULLSTACK\\MundoNavidenio365\\vendor\\laravel\\framework\\src\\Illuminate\\Foundation\\Http\\Middleware\\TrimStrings.php(40): Illuminate\\Foundation\\Http\\Middleware\\TransformsRequest->handle(Object(Illuminate\\Http\\Request), Object(Closure))
#43 C:\\Users\\User\\Desktop\\ING DAVID VEGA\\FULLSTACK\\MundoNavidenio365\\vendor\\laravel\\framework\\src\\Illuminate\\Pipeline\\Pipeline.php(183): Illuminate\\Foundation\\Http\\Middleware\\TrimStrings->handle(Object(Illuminate\\Http\\Request), Object(Closure))
#44 C:\\Users\\User\\Desktop\\ING DAVID VEGA\\FULLSTACK\\MundoNavidenio365\\vendor\\laravel\\framework\\src\\Illuminate\\Foundation\\Http\\Middleware\\ValidatePostSize.php(27): Illuminate\\Pipeline\\Pipeline->Illuminate\\Pipeline\\{closure}(Object(Illuminate\\Http\\Request))
#45 C:\\Users\\User\\Desktop\\ING DAVID VEGA\\FULLSTACK\\MundoNavidenio365\\vendor\\laravel\\framework\\src\\Illuminate\\Pipeline\\Pipeline.php(183): Illuminate\\Foundation\\Http\\Middleware\\ValidatePostSize->handle(Object(Illuminate\\Http\\Request), Object(Closure))
#46 C:\\Users\\User\\Desktop\\ING DAVID VEGA\\FULLSTACK\\MundoNavidenio365\\vendor\\laravel\\framework\\src\\Illuminate\\Foundation\\Http\\Middleware\\PreventRequestsDuringMaintenance.php(99): Illuminate\\Pipeline\\Pipeline->Illuminate\\Pipeline\\{closure}(Object(Illuminate\\Http\\Request))
#47 C:\\Users\\User\\Desktop\\ING DAVID VEGA\\FULLSTACK\\MundoNavidenio365\\vendor\\laravel\\framework\\src\\Illuminate\\Pipeline\\Pipeline.php(183): Illuminate\\Foundation\\Http\\Middleware\\PreventRequestsDuringMaintenance->handle(Object(Illuminate\\Http\\Request), Object(Closure))
#48 C:\\Users\\User\\Desktop\\ING DAVID VEGA\\FULLSTACK\\MundoNavidenio365\\vendor\\laravel\\framework\\src\\Illuminate\\Http\\Middleware\\HandleCors.php(49): Illuminate\\Pipeline\\Pipeline->Illuminate\\Pipeline\\{closure}(Object(Illuminate\\Http\\Request))
#49 C:\\Users\\User\\Desktop\\ING DAVID VEGA\\FULLSTACK\\MundoNavidenio365\\vendor\\laravel\\framework\\src\\Illuminate\\Pipeline\\Pipeline.php(183): Illuminate\\Http\\Middleware\\HandleCors->handle(Object(Illuminate\\Http\\Request), Object(Closure))
#50 C:\\Users\\User\\Desktop\\ING DAVID VEGA\\FULLSTACK\\MundoNavidenio365\\vendor\\laravel\\framework\\src\\Illuminate\\Http\\Middleware\\TrustProxies.php(39): Illuminate\\Pipeline\\Pipeline->Illuminate\\Pipeline\\{closure}(Object(Illuminate\\Http\\Request))
#51 C:\\Users\\User\\Desktop\\ING DAVID VEGA\\FULLSTACK\\MundoNavidenio365\\vendor\\laravel\\framework\\src\\Illuminate\\Pipeline\\Pipeline.php(183): Illuminate\\Http\\Middleware\\TrustProxies->handle(Object(Illuminate\\Http\\Request), Object(Closure))
#52 C:\\Users\\User\\Desktop\\ING DAVID VEGA\\FULLSTACK\\MundoNavidenio365\\vendor\\laravel\\framework\\src\\Illuminate\\Pipeline\\Pipeline.php(119): Illuminate\\Pipeline\\Pipeline->Illuminate\\Pipeline\\{closure}(Object(Illuminate\\Http\\Request))
#53 C:\\Users\\User\\Desktop\\ING DAVID VEGA\\FULLSTACK\\MundoNavidenio365\\vendor\\laravel\\framework\\src\\Illuminate\\Foundation\\Http\\Kernel.php(175): Illuminate\\Pipeline\\Pipeline->then(Object(Closure))
#54 C:\\Users\\User\\Desktop\\ING DAVID VEGA\\FULLSTACK\\MundoNavidenio365\\vendor\\laravel\\framework\\src\\Illuminate\\Foundation\\Http\\Kernel.php(144): Illuminate\\Foundation\\Http\\Kernel->sendRequestThroughRouter(Object(Illuminate\\Http\\Request))
#55 C:\\Users\\User\\Desktop\\ING DAVID VEGA\\FULLSTACK\\MundoNavidenio365\\public\\index.php(51): Illuminate\\Foundation\\Http\\Kernel->handle(Object(Illuminate\\Http\\Request))
#56 C:\\Users\\User\\Desktop\\ING DAVID VEGA\\FULLSTACK\\MundoNavidenio365\\vendor\\laravel\\framework\\src\\Illuminate\\Foundation\\resources\\server.php(16): require_once('C:\\\\Users\\\\User\\\\D...')
#57 {main}
"} 
[2026-07-25 02:21:42] local.ERROR: SQLSTATE[42S22]: Column not found: 1054 Unknown column 'nc_ref.sri_estado_autorizacion' in 'field list' (Connection: mysql, SQL: select `ventas`.`id`, `ventas`.`fecha`, `ventas`.`estado`, `ventas`.`estab`, `ventas`.`pto_emision`, `ventas`.`secuencial`, `ventas`.`subtotal`, `ventas`.`impuesto_15`, `ventas`.`impuesto_0`, `ventas`.`descuento`, `ventas`.`total`, `clientes`.`nombres` as `cliente_nombres`, `clientes`.`ci_o_ruc` as `cliente_ci_o_ruc`, `nc_ref`.`id` as `nc_id`, `nc_ref`.`estado` as `nc_estado`, `nc_ref`.`sri_estado_autorizacion` as `nc_sri_estado` from `ventas` left join `clientes` on `clientes`.`id` = `ventas`.`cliente_id` left join `notas_credito` as `nc_ref` on `nc_ref`.`venta_id` = `ventas`.`id` where `ventas`.`estado` = autorizado order by `ventas`.`id` desc limit 15 offset 0) {"userId":4,"exception":"[object] (Illuminate\\Database\\QueryException(code: 42S22): SQLSTATE[42S22]: Column not found: 1054 Unknown column 'nc_ref.sri_estado_autorizacion' in 'field list' (Connection: mysql, SQL: select `ventas`.`id`, `ventas`.`fecha`, `ventas`.`estado`, `ventas`.`estab`, `ventas`.`pto_emision`, `ventas`.`secuencial`, `ventas`.`subtotal`, `ventas`.`impuesto_15`, `ventas`.`impuesto_0`, `ventas`.`descuento`, `ventas`.`total`, `clientes`.`nombres` as `cliente_nombres`, `clientes`.`ci_o_ruc` as `cliente_ci_o_ruc`, `nc_ref`.`id` as `nc_id`, `nc_ref`.`estado` as `nc_estado`, `nc_ref`.`sri_estado_autorizacion` as `nc_sri_estado` from `ventas` left join `clientes` on `clientes`.`id` = `ventas`.`cliente_id` left join `notas_credito` as `nc_ref` on `nc_ref`.`venta_id` = `ventas`.`id` where `ventas`.`estado` = autorizado order by `ventas`.`id` desc limit 15 offset 0) at C:\\Users\\User\\Desktop\\ING DAVID VEGA\\FULLSTACK\\MundoNavidenio365\\vendor\\laravel\\framework\\src\\Illuminate\\Database\\Connection.php:829)
[stacktrace]
#0 C:\\Users\\User\\Desktop\\ING DAVID VEGA\\FULLSTACK\\MundoNavidenio365\\vendor\\laravel\\framework\\src\\Illuminate\\Database\\Connection.php(783): Illuminate\\Database\\Connection->runQueryCallback('select `ventas`...', Array, Object(Closure))
#1 C:\\Users\\User\\Desktop\\ING DAVID VEGA\\FULLSTACK\\MundoNavidenio365\\vendor\\laravel\\framework\\src\\Illuminate\\Database\\Connection.php(414): Illuminate\\Database\\Connection->run('select `ventas`...', Array, Object(Closure))
#2 C:\\Users\\User\\Desktop\\ING DAVID VEGA\\FULLSTACK\\MundoNavidenio365\\vendor\\laravel\\framework\\src\\Illuminate\\Database\\Query\\Builder.php(2913): Illuminate\\Database\\Connection->select('select `ventas`...', Array, true)
#3 C:\\Users\\User\\Desktop\\ING DAVID VEGA\\FULLSTACK\\MundoNavidenio365\\vendor\\laravel\\framework\\src\\Illuminate\\Database\\Query\\Builder.php(2902): Illuminate\\Database\\Query\\Builder->runSelect()
#4 C:\\Users\\User\\Desktop\\ING DAVID VEGA\\FULLSTACK\\MundoNavidenio365\\vendor\\laravel\\framework\\src\\Illuminate\\Database\\Query\\Builder.php(3456): Illuminate\\Database\\Query\\Builder->Illuminate\\Database\\Query\\{closure}()
#5 C:\\Users\\User\\Desktop\\ING DAVID VEGA\\FULLSTACK\\MundoNavidenio365\\vendor\\laravel\\framework\\src\\Illuminate\\Database\\Query\\Builder.php(2901): Illuminate\\Database\\Query\\Builder->onceWithColumns(Array, Object(Closure))
#6 C:\\Users\\User\\Desktop\\ING DAVID VEGA\\FULLSTACK\\MundoNavidenio365\\vendor\\laravel\\framework\\src\\Illuminate\\Database\\Query\\Builder.php(2936): Illuminate\\Database\\Query\\Builder->get(Array)
#7 C:\\Users\\User\\Desktop\\ING DAVID VEGA\\FULLSTACK\\MundoNavidenio365\\app\\Http\\Controllers\\Admin\\NotasCreditoController.php(245): Illuminate\\Database\\Query\\Builder->paginate(15)
#8 C:\\Users\\User\\Desktop\\ING DAVID VEGA\\FULLSTACK\\MundoNavidenio365\\vendor\\laravel\\framework\\src\\Illuminate\\Routing\\Controller.php(54): App\\Http\\Controllers\\Admin\\NotasCreditoController->facturasIndex(Object(Illuminate\\Http\\Request))
#9 C:\\Users\\User\\Desktop\\ING DAVID VEGA\\FULLSTACK\\MundoNavidenio365\\vendor\\laravel\\framework\\src\\Illuminate\\Routing\\ControllerDispatcher.php(43): Illuminate\\Routing\\Controller->callAction('facturasIndex', Array)
#10 C:\\Users\\User\\Desktop\\ING DAVID VEGA\\FULLSTACK\\MundoNavidenio365\\vendor\\laravel\\framework\\src\\Illuminate\\Routing\\Route.php(259): Illuminate\\Routing\\ControllerDispatcher->dispatch(Object(Illuminate\\Routing\\Route), Object(App\\Http\\Controllers\\Admin\\NotasCreditoController), 'facturasIndex')
#11 C:\\Users\\User\\Desktop\\ING DAVID VEGA\\FULLSTACK\\MundoNavidenio365\\vendor\\laravel\\framework\\src\\Illuminate\\Routing\\Route.php(205): Illuminate\\Routing\\Route->runController()
#12 C:\\Users\\User\\Desktop\\ING DAVID VEGA\\FULLSTACK\\MundoNavidenio365\\vendor\\laravel\\framework\\src\\Illuminate\\Routing\\Router.php(806): Illuminate\\Routing\\Route->run()
#13 C:\\Users\\User\\Desktop\\ING DAVID VEGA\\FULLSTACK\\MundoNavidenio365\\vendor\\laravel\\framework\\src\\Illuminate\\Pipeline\\Pipeline.php(144): Illuminate\\Routing\\Router->Illuminate\\Routing\\{closure}(Object(Illuminate\\Http\\Request))
#14 C:\\Users\\User\\Desktop\\ING DAVID VEGA\\FULLSTACK\\MundoNavidenio365\\app\\Http\\Middleware\\RoleMiddleware.php(16): Illuminate\\Pipeline\\Pipeline->Illuminate\\Pipeline\\{closure}(Object(Illuminate\\Http\\Request))
#15 C:\\Users\\User\\Desktop\\ING DAVID VEGA\\FULLSTACK\\MundoNavidenio365\\vendor\\laravel\\framework\\src\\Illuminate\\Pipeline\\Pipeline.php(183): App\\Http\\Middleware\\RoleMiddleware->handle(Object(Illuminate\\Http\\Request), Object(Closure), 'Administrador')
#16 C:\\Users\\User\\Desktop\\ING DAVID VEGA\\FULLSTACK\\MundoNavidenio365\\vendor\\laravel\\framework\\src\\Illuminate\\Auth\\Middleware\\EnsureEmailIsVerified.php(41): Illuminate\\Pipeline\\Pipeline->Illuminate\\Pipeline\\{closure}(Object(Illuminate\\Http\\Request))
#17 C:\\Users\\User\\Desktop\\ING DAVID VEGA\\FULLSTACK\\MundoNavidenio365\\vendor\\laravel\\framework\\src\\Illuminate\\Pipeline\\Pipeline.php(183): Illuminate\\Auth\\Middleware\\EnsureEmailIsVerified->handle(Object(Illuminate\\Http\\Request), Object(Closure))
#18 C:\\Users\\User\\Desktop\\ING DAVID VEGA\\FULLSTACK\\MundoNavidenio365\\vendor\\laravel\\framework\\src\\Illuminate\\Http\\Middleware\\AddLinkHeadersForPreloadedAssets.php(20): Illuminate\\Pipeline\\Pipeline->Illuminate\\Pipeline\\{closure}(Object(Illuminate\\Http\\Request))
#19 C:\\Users\\User\\Desktop\\ING DAVID VEGA\\FULLSTACK\\MundoNavidenio365\\vendor\\laravel\\framework\\src\\Illuminate\\Pipeline\\Pipeline.php(183): Illuminate\\Http\\Middleware\\AddLinkHeadersForPreloadedAssets->handle(Object(Illuminate\\Http\\Request), Object(Closure))
#20 C:\\Users\\User\\Desktop\\ING DAVID VEGA\\FULLSTACK\\MundoNavidenio365\\vendor\\inertiajs\\inertia-laravel\\src\\Middleware.php(87): Illuminate\\Pipeline\\Pipeline->Illuminate\\Pipeline\\{closure}(Object(Illuminate\\Http\\Request))
#21 C:\\Users\\User\\Desktop\\ING DAVID VEGA\\FULLSTACK\\MundoNavidenio365\\vendor\\laravel\\framework\\src\\Illuminate\\Pipeline\\Pipeline.php(183): Inertia\\Middleware->handle(Object(Illuminate\\Http\\Request), Object(Closure))
#22 C:\\Users\\User\\Desktop\\ING DAVID VEGA\\FULLSTACK\\MundoNavidenio365\\vendor\\laravel\\framework\\src\\Illuminate\\Routing\\Middleware\\SubstituteBindings.php(50): Illuminate\\Pipeline\\Pipeline->Illuminate\\Pipeline\\{closure}(Object(Illuminate\\Http\\Request))
#23 C:\\Users\\User\\Desktop\\ING DAVID VEGA\\FULLSTACK\\MundoNavidenio365\\vendor\\laravel\\framework\\src\\Illuminate\\Pipeline\\Pipeline.php(183): Illuminate\\Routing\\Middleware\\SubstituteBindings->handle(Object(Illuminate\\Http\\Request), Object(Closure))
#24 C:\\Users\\User\\Desktop\\ING DAVID VEGA\\FULLSTACK\\MundoNavidenio365\\vendor\\laravel\\framework\\src\\Illuminate\\Auth\\Middleware\\Authenticate.php(57): Illuminate\\Pipeline\\Pipeline->Illuminate\\Pipeline\\{closure}(Object(Illuminate\\Http\\Request))
#25 C:\\Users\\User\\Desktop\\ING DAVID VEGA\\FULLSTACK\\MundoNavidenio365\\vendor\\laravel\\framework\\src\\Illuminate\\Pipeline\\Pipeline.php(183): Illuminate\\Auth\\Middleware\\Authenticate->handle(Object(Illuminate\\Http\\Request), Object(Closure))
#26 C:\\Users\\User\\Desktop\\ING DAVID VEGA\\FULLSTACK\\MundoNavidenio365\\vendor\\laravel\\framework\\src\\Illuminate\\Foundation\\Http\\Middleware\\VerifyCsrfToken.php(78): Illuminate\\Pipeline\\Pipeline->Illuminate\\Pipeline\\{closure}(Object(Illuminate\\Http\\Request))
#27 C:\\Users\\User\\Desktop\\ING DAVID VEGA\\FULLSTACK\\MundoNavidenio365\\vendor\\laravel\\framework\\src\\Illuminate\\Pipeline\\Pipeline.php(183): Illuminate\\Foundation\\Http\\Middleware\\VerifyCsrfToken->handle(Object(Illuminate\\Http\\Request), Object(Closure))
#28 C:\\Users\\User\\Desktop\\ING DAVID VEGA\\FULLSTACK\\MundoNavidenio365\\vendor\\laravel\\framework\\src\\Illuminate\\View\\Middleware\\ShareErrorsFromSession.php(49): Illuminate\\Pipeline\\Pipeline->Illuminate\\Pipeline\\{closure}(Object(Illuminate\\Http\\Request))
#29 C:\\Users\\User\\Desktop\\ING DAVID VEGA\\FULLSTACK\\MundoNavidenio365\\vendor\\laravel\\framework\\src\\Illuminate\\Pipeline\\Pipeline.php(183): Illuminate\\View\\Middleware\\ShareErrorsFromSession->handle(Object(Illuminate\\Http\\Request), Object(Closure))
#30 C:\\Users\\User\\Desktop\\ING DAVID VEGA\\FULLSTACK\\MundoNavidenio365\\vendor\\laravel\\framework\\src\\Illuminate\\Session\\Middleware\\StartSession.php(121): Illuminate\\Pipeline\\Pipeline->Illuminate\\Pipeline\\{closure}(Object(Illuminate\\Http\\Request))
#31 C:\\Users\\User\\Desktop\\ING DAVID VEGA\\FULLSTACK\\MundoNavidenio365\\vendor\\laravel\\framework\\src\\Illuminate\\Session\\Middleware\\StartSession.php(64): Illuminate\\Session\\Middleware\\StartSession->handleStatefulRequest(Object(Illuminate\\Http\\Request), Object(Illuminate\\Session\\Store), Object(Closure))
#32 C:\\Users\\User\\Desktop\\ING DAVID VEGA\\FULLSTACK\\MundoNavidenio365\\vendor\\laravel\\framework\\src\\Illuminate\\Pipeline\\Pipeline.php(183): Illuminate\\Session\\Middleware\\StartSession->handle(Object(Illuminate\\Http\\Request), Object(Closure))
#33 C:\\Users\\User\\Desktop\\ING DAVID VEGA\\FULLSTACK\\MundoNavidenio365\\vendor\\laravel\\framework\\src\\Illuminate\\Cookie\\Middleware\\AddQueuedCookiesToResponse.php(37): Illuminate\\Pipeline\\Pipeline->Illuminate\\Pipeline\\{closure}(Object(Illuminate\\Http\\Request))
#34 C:\\Users\\User\\Desktop\\ING DAVID VEGA\\FULLSTACK\\MundoNavidenio365\\vendor\\laravel\\framework\\src\\Illuminate\\Pipeline\\Pipeline.php(183): Illuminate\\Cookie\\Middleware\\AddQueuedCookiesToResponse->handle(Object(Illuminate\\Http\\Request), Object(Closure))
#35 C:\\Users\\User\\Desktop\\ING DAVID VEGA\\FULLSTACK\\MundoNavidenio365\\vendor\\laravel\\framework\\src\\Illuminate\\Cookie\\Middleware\\EncryptCookies.php(67): Illuminate\\Pipeline\\Pipeline->Illuminate\\Pipeline\\{closure}(Object(Illuminate\\Http\\Request))
#36 C:\\Users\\User\\Desktop\\ING DAVID VEGA\\FULLSTACK\\MundoNavidenio365\\vendor\\laravel\\framework\\src\\Illuminate\\Pipeline\\Pipeline.php(183): Illuminate\\Cookie\\Middleware\\EncryptCookies->handle(Object(Illuminate\\Http\\Request), Object(Closure))
#37 C:\\Users\\User\\Desktop\\ING DAVID VEGA\\FULLSTACK\\MundoNavidenio365\\vendor\\laravel\\framework\\src\\Illuminate\\Pipeline\\Pipeline.php(119): Illuminate\\Pipeline\\Pipeline->Illuminate\\Pipeline\\{closure}(Object(Illuminate\\Http\\Request))
#38 C:\\Users\\User\\Desktop\\ING DAVID VEGA\\FULLSTACK\\MundoNavidenio365\\vendor\\laravel\\framework\\src\\Illuminate\\Routing\\Router.php(805): Illuminate\\Pipeline\\Pipeline->then(Object(Closure))
#39 C:\\Users\\User\\Desktop\\ING DAVID VEGA\\FULLSTACK\\MundoNavidenio365\\vendor\\laravel\\framework\\src\\Illuminate\\Routing\\Router.php(784): Illuminate\\Routing\\Router->runRouteWithinStack(Object(Illuminate\\Routing\\Route), Object(Illuminate\\Http\\Request))
#40 C:\\Users\\User\\Desktop\\ING DAVID VEGA\\FULLSTACK\\MundoNavidenio365\\vendor\\laravel\\framework\\src\\Illuminate\\Routing\\Router.php(748): Illuminate\\Routing\\Router->runRoute(Object(Illuminate\\Http\\Request), Object(Illuminate\\Routing\\Route))
#41 C:\\Users\\User\\Desktop\\ING DAVID VEGA\\FULLSTACK\\MundoNavidenio365\\vendor\\laravel\\framework\\src\\Illuminate\\Routing\\Router.php(737): Illuminate\\Routing\\Router->dispatchToRoute(Object(Illuminate\\Http\\Request))
#42 C:\\Users\\User\\Desktop\\ING DAVID VEGA\\FULLSTACK\\MundoNavidenio365\\vendor\\laravel\\framework\\src\\Illuminate\\Foundation\\Http\\Kernel.php(200): Illuminate\\Routing\\Router->dispatch(Object(Illuminate\\Http\\Request))
#43 C:\\Users\\User\\Desktop\\ING DAVID VEGA\\FULLSTACK\\MundoNavidenio365\\vendor\\laravel\\framework\\src\\Illuminate\\Pipeline\\Pipeline.php(144): Illuminate\\Foundation\\Http\\Kernel->Illuminate\\Foundation\\Http\\{closure}(Object(Illuminate\\Http\\Request))
#44 C:\\Users\\User\\Desktop\\ING DAVID VEGA\\FULLSTACK\\MundoNavidenio365\\vendor\\laravel\\framework\\src\\Illuminate\\Foundation\\Http\\Middleware\\TransformsRequest.php(21): Illuminate\\Pipeline\\Pipeline->Illuminate\\Pipeline\\{closure}(Object(Illuminate\\Http\\Request))
#45 C:\\Users\\User\\Desktop\\ING DAVID VEGA\\FULLSTACK\\MundoNavidenio365\\vendor\\laravel\\framework\\src\\Illuminate\\Foundation\\Http\\Middleware\\ConvertEmptyStringsToNull.php(31): Illuminate\\Foundation\\Http\\Middleware\\TransformsRequest->handle(Object(Illuminate\\Http\\Request), Object(Closure))
#46 C:\\Users\\User\\Desktop\\ING DAVID VEGA\\FULLSTACK\\MundoNavidenio365\\vendor\\laravel\\framework\\src\\Illuminate\\Pipeline\\Pipeline.php(183): Illuminate\\Foundation\\Http\\Middleware\\ConvertEmptyStringsToNull->handle(Object(Illuminate\\Http\\Request), Object(Closure))
#47 C:\\Users\\User\\Desktop\\ING DAVID VEGA\\FULLSTACK\\MundoNavidenio365\\vendor\\laravel\\framework\\src\\Illuminate\\Foundation\\Http\\Middleware\\TransformsRequest.php(21): Illuminate\\Pipeline\\Pipeline->Illuminate\\Pipeline\\{closure}(Object(Illuminate\\Http\\Request))
#48 C:\\Users\\User\\Desktop\\ING DAVID VEGA\\FULLSTACK\\MundoNavidenio365\\vendor\\laravel\\framework\\src\\Illuminate\\Foundation\\Http\\Middleware\\TrimStrings.php(40): Illuminate\\Foundation\\Http\\Middleware\\TransformsRequest->handle(Object(Illuminate\\Http\\Request), Object(Closure))
#49 C:\\Users\\User\\Desktop\\ING DAVID VEGA\\FULLSTACK\\MundoNavidenio365\\vendor\\laravel\\framework\\src\\Illuminate\\Pipeline\\Pipeline.php(183): Illuminate\\Foundation\\Http\\Middleware\\TrimStrings->handle(Object(Illuminate\\Http\\Request), Object(Closure))
#50 C:\\Users\\User\\Desktop\\ING DAVID VEGA\\FULLSTACK\\MundoNavidenio365\\vendor\\laravel\\framework\\src\\Illuminate\\Foundation\\Http\\Middleware\\ValidatePostSize.php(27): Illuminate\\Pipeline\\Pipeline->Illuminate\\Pipeline\\{closure}(Object(Illuminate\\Http\\Request))
#51 C:\\Users\\User\\Desktop\\ING DAVID VEGA\\FULLSTACK\\MundoNavidenio365\\vendor\\laravel\\framework\\src\\Illuminate\\Pipeline\\Pipeline.php(183): Illuminate\\Foundation\\Http\\Middleware\\ValidatePostSize->handle(Object(Illuminate\\Http\\Request), Object(Closure))
#52 C:\\Users\\User\\Desktop\\ING DAVID VEGA\\FULLSTACK\\MundoNavidenio365\\vendor\\laravel\\framework\\src\\Illuminate\\Foundation\\Http\\Middleware\\PreventRequestsDuringMaintenance.php(99): Illuminate\\Pipeline\\Pipeline->Illuminate\\Pipeline\\{closure}(Object(Illuminate\\Http\\Request))
#53 C:\\Users\\User\\Desktop\\ING DAVID VEGA\\FULLSTACK\\MundoNavidenio365\\vendor\\laravel\\framework\\src\\Illuminate\\Pipeline\\Pipeline.php(183): Illuminate\\Foundation\\Http\\Middleware\\PreventRequestsDuringMaintenance->handle(Object(Illuminate\\Http\\Request), Object(Closure))
#54 C:\\Users\\User\\Desktop\\ING DAVID VEGA\\FULLSTACK\\MundoNavidenio365\\vendor\\laravel\\framework\\src\\Illuminate\\Http\\Middleware\\HandleCors.php(49): Illuminate\\Pipeline\\Pipeline->Illuminate\\Pipeline\\{closure}(Object(Illuminate\\Http\\Request))
#55 C:\\Users\\User\\Desktop\\ING DAVID VEGA\\FULLSTACK\\MundoNavidenio365\\vendor\\laravel\\framework\\src\\Illuminate\\Pipeline\\Pipeline.php(183): Illuminate\\Http\\Middleware\\HandleCors->handle(Object(Illuminate\\Http\\Request), Object(Closure))
#56 C:\\Users\\User\\Desktop\\ING DAVID VEGA\\FULLSTACK\\MundoNavidenio365\\vendor\\laravel\\framework\\src\\Illuminate\\Http\\Middleware\\TrustProxies.php(39): Illuminate\\Pipeline\\Pipeline->Illuminate\\Pipeline\\{closure}(Object(Illuminate\\Http\\Request))
#57 C:\\Users\\User\\Desktop\\ING DAVID VEGA\\FULLSTACK\\MundoNavidenio365\\vendor\\laravel\\framework\\src\\Illuminate\\Pipeline\\Pipeline.php(183): Illuminate\\Http\\Middleware\\TrustProxies->handle(Object(Illuminate\\Http\\Request), Object(Closure))
#58 C:\\Users\\User\\Desktop\\ING DAVID VEGA\\FULLSTACK\\MundoNavidenio365\\vendor\\laravel\\framework\\src\\Illuminate\\Pipeline\\Pipeline.php(119): Illuminate\\Pipeline\\Pipeline->Illuminate\\Pipeline\\{closure}(Object(Illuminate\\Http\\Request))
#59 C:\\Users\\User\\Desktop\\ING DAVID VEGA\\FULLSTACK\\MundoNavidenio365\\vendor\\laravel\\framework\\src\\Illuminate\\Foundation\\Http\\Kernel.php(175): Illuminate\\Pipeline\\Pipeline->then(Object(Closure))
#60 C:\\Users\\User\\Desktop\\ING DAVID VEGA\\FULLSTACK\\MundoNavidenio365\\vendor\\laravel\\framework\\src\\Illuminate\\Foundation\\Http\\Kernel.php(144): Illuminate\\Foundation\\Http\\Kernel->sendRequestThroughRouter(Object(Illuminate\\Http\\Request))
#61 C:\\Users\\User\\Desktop\\ING DAVID VEGA\\FULLSTACK\\MundoNavidenio365\\public\\index.php(51): Illuminate\\Foundation\\Http\\Kernel->handle(Object(Illuminate\\Http\\Request))
#62 C:\\Users\\User\\Desktop\\ING DAVID VEGA\\FULLSTACK\\MundoNavidenio365\\vendor\\laravel\\framework\\src\\Illuminate\\Foundation\\resources\\server.php(16): require_once('C:\\\\Users\\\\User\\\\D...')
#63 {main}

[previous exception] [object] (PDOException(code: 42S22): SQLSTATE[42S22]: Column not found: 1054 Unknown column 'nc_ref.sri_estado_autorizacion' in 'field list' at C:\\Users\\User\\Desktop\\ING DAVID VEGA\\FULLSTACK\\MundoNavidenio365\\vendor\\laravel\\framework\\src\\Illuminate\\Database\\Connection.php:423)
[stacktrace]
#0 C:\\Users\\User\\Desktop\\ING DAVID VEGA\\FULLSTACK\\MundoNavidenio365\\vendor\\laravel\\framework\\src\\Illuminate\\Database\\Connection.php(423): PDO->prepare('select `ventas`...')
#1 C:\\Users\\User\\Desktop\\ING DAVID VEGA\\FULLSTACK\\MundoNavidenio365\\vendor\\laravel\\framework\\src\\Illuminate\\Database\\Connection.php(816): Illuminate\\Database\\Connection->Illuminate\\Database\\{closure}('select `ventas`...', Array)
#2 C:\\Users\\User\\Desktop\\ING DAVID VEGA\\FULLSTACK\\MundoNavidenio365\\vendor\\laravel\\framework\\src\\Illuminate\\Database\\Connection.php(783): Illuminate\\Database\\Connection->runQueryCallback('select `ventas`...', Array, Object(Closure))
#3 C:\\Users\\User\\Desktop\\ING DAVID VEGA\\FULLSTACK\\MundoNavidenio365\\vendor\\laravel\\framework\\src\\Illuminate\\Database\\Connection.php(414): Illuminate\\Database\\Connection->run('select `ventas`...', Array, Object(Closure))
#4 C:\\Users\\User\\Desktop\\ING DAVID VEGA\\FULLSTACK\\MundoNavidenio365\\vendor\\laravel\\framework\\src\\Illuminate\\Database\\Query\\Builder.php(2913): Illuminate\\Database\\Connection->select('select `ventas`...', Array, true)
#5 C:\\Users\\User\\Desktop\\ING DAVID VEGA\\FULLSTACK\\MundoNavidenio365\\vendor\\laravel\\framework\\src\\Illuminate\\Database\\Query\\Builder.php(2902): Illuminate\\Database\\Query\\Builder->runSelect()
#6 C:\\Users\\User\\Desktop\\ING DAVID VEGA\\FULLSTACK\\MundoNavidenio365\\vendor\\laravel\\framework\\src\\Illuminate\\Database\\Query\\Builder.php(3456): Illuminate\\Database\\Query\\Builder->Illuminate\\Database\\Query\\{closure}()
#7 C:\\Users\\User\\Desktop\\ING DAVID VEGA\\FULLSTACK\\MundoNavidenio365\\vendor\\laravel\\framework\\src\\Illuminate\\Database\\Query\\Builder.php(2901): Illuminate\\Database\\Query\\Builder->onceWithColumns(Array, Object(Closure))
#8 C:\\Users\\User\\Desktop\\ING DAVID VEGA\\FULLSTACK\\MundoNavidenio365\\vendor\\laravel\\framework\\src\\Illuminate\\Database\\Query\\Builder.php(2936): Illuminate\\Database\\Query\\Builder->get(Array)
#9 C:\\Users\\User\\Desktop\\ING DAVID VEGA\\FULLSTACK\\MundoNavidenio365\\app\\Http\\Controllers\\Admin\\NotasCreditoController.php(245): Illuminate\\Database\\Query\\Builder->paginate(15)
#10 C:\\Users\\User\\Desktop\\ING DAVID VEGA\\FULLSTACK\\MundoNavidenio365\\vendor\\laravel\\framework\\src\\Illuminate\\Routing\\Controller.php(54): App\\Http\\Controllers\\Admin\\NotasCreditoController->facturasIndex(Object(Illuminate\\Http\\Request))
#11 C:\\Users\\User\\Desktop\\ING DAVID VEGA\\FULLSTACK\\MundoNavidenio365\\vendor\\laravel\\framework\\src\\Illuminate\\Routing\\ControllerDispatcher.php(43): Illuminate\\Routing\\Controller->callAction('facturasIndex', Array)
#12 C:\\Users\\User\\Desktop\\ING DAVID VEGA\\FULLSTACK\\MundoNavidenio365\\vendor\\laravel\\framework\\src\\Illuminate\\Routing\\Route.php(259): Illuminate\\Routing\\ControllerDispatcher->dispatch(Object(Illuminate\\Routing\\Route), Object(App\\Http\\Controllers\\Admin\\NotasCreditoController), 'facturasIndex')
#13 C:\\Users\\User\\Desktop\\ING DAVID VEGA\\FULLSTACK\\MundoNavidenio365\\vendor\\laravel\\framework\\src\\Illuminate\\Routing\\Route.php(205): Illuminate\\Routing\\Route->runController()
#14 C:\\Users\\User\\Desktop\\ING DAVID VEGA\\FULLSTACK\\MundoNavidenio365\\vendor\\laravel\\framework\\src\\Illuminate\\Routing\\Router.php(806): Illuminate\\Routing\\Route->run()
#15 C:\\Users\\User\\Desktop\\ING DAVID VEGA\\FULLSTACK\\MundoNavidenio365\\vendor\\laravel\\framework\\src\\Illuminate\\Pipeline\\Pipeline.php(144): Illuminate\\Routing\\Router->Illuminate\\Routing\\{closure}(Object(Illuminate\\Http\\Request))
#16 C:\\Users\\User\\Desktop\\ING DAVID VEGA\\FULLSTACK\\MundoNavidenio365\\app\\Http\\Middleware\\RoleMiddleware.php(16): Illuminate\\Pipeline\\Pipeline->Illuminate\\Pipeline\\{closure}(Object(Illuminate\\Http\\Request))
#17 C:\\Users\\User\\Desktop\\ING DAVID VEGA\\FULLSTACK\\MundoNavidenio365\\vendor\\laravel\\framework\\src\\Illuminate\\Pipeline\\Pipeline.php(183): App\\Http\\Middleware\\RoleMiddleware->handle(Object(Illuminate\\Http\\Request), Object(Closure), 'Administrador')
#18 C:\\Users\\User\\Desktop\\ING DAVID VEGA\\FULLSTACK\\MundoNavidenio365\\vendor\\laravel\\framework\\src\\Illuminate\\Auth\\Middleware\\EnsureEmailIsVerified.php(41): Illuminate\\Pipeline\\Pipeline->Illuminate\\Pipeline\\{closure}(Object(Illuminate\\Http\\Request))
#19 C:\\Users\\User\\Desktop\\ING DAVID VEGA\\FULLSTACK\\MundoNavidenio365\\vendor\\laravel\\framework\\src\\Illuminate\\Pipeline\\Pipeline.php(183): Illuminate\\Auth\\Middleware\\EnsureEmailIsVerified->handle(Object(Illuminate\\Http\\Request), Object(Closure))
#20 C:\\Users\\User\\Desktop\\ING DAVID VEGA\\FULLSTACK\\MundoNavidenio365\\vendor\\laravel\\framework\\src\\Illuminate\\Http\\Middleware\\AddLinkHeadersForPreloadedAssets.php(20): Illuminate\\Pipeline\\Pipeline->Illuminate\\Pipeline\\{closure}(Object(Illuminate\\Http\\Request))
#21 C:\\Users\\User\\Desktop\\ING DAVID VEGA\\FULLSTACK\\MundoNavidenio365\\vendor\\laravel\\framework\\src\\Illuminate\\Pipeline\\Pipeline.php(183): Illuminate\\Http\\Middleware\\AddLinkHeadersForPreloadedAssets->handle(Object(Illuminate\\Http\\Request), Object(Closure))
#22 C:\\Users\\User\\Desktop\\ING DAVID VEGA\\FULLSTACK\\MundoNavidenio365\\vendor\\inertiajs\\inertia-laravel\\src\\Middleware.php(87): Illuminate\\Pipeline\\Pipeline->Illuminate\\Pipeline\\{closure}(Object(Illuminate\\Http\\Request))
#23 C:\\Users\\User\\Desktop\\ING DAVID VEGA\\FULLSTACK\\MundoNavidenio365\\vendor\\laravel\\framework\\src\\Illuminate\\Pipeline\\Pipeline.php(183): Inertia\\Middleware->handle(Object(Illuminate\\Http\\Request), Object(Closure))
#24 C:\\Users\\User\\Desktop\\ING DAVID VEGA\\FULLSTACK\\MundoNavidenio365\\vendor\\laravel\\framework\\src\\Illuminate\\Routing\\Middleware\\SubstituteBindings.php(50): Illuminate\\Pipeline\\Pipeline->Illuminate\\Pipeline\\{closure}(Object(Illuminate\\Http\\Request))
#25 C:\\Users\\User\\Desktop\\ING DAVID VEGA\\FULLSTACK\\MundoNavidenio365\\vendor\\laravel\\framework\\src\\Illuminate\\Pipeline\\Pipeline.php(183): Illuminate\\Routing\\Middleware\\SubstituteBindings->handle(Object(Illuminate\\Http\\Request), Object(Closure))
#26 C:\\Users\\User\\Desktop\\ING DAVID VEGA\\FULLSTACK\\MundoNavidenio365\\vendor\\laravel\\framework\\src\\Illuminate\\Auth\\Middleware\\Authenticate.php(57): Illuminate\\Pipeline\\Pipeline->Illuminate\\Pipeline\\{closure}(Object(Illuminate\\Http\\Request))
#27 C:\\Users\\User\\Desktop\\ING DAVID VEGA\\FULLSTACK\\MundoNavidenio365\\vendor\\laravel\\framework\\src\\Illuminate\\Pipeline\\Pipeline.php(183): Illuminate\\Auth\\Middleware\\Authenticate->handle(Object(Illuminate\\Http\\Request), Object(Closure))
#28 C:\\Users\\User\\Desktop\\ING DAVID VEGA\\FULLSTACK\\MundoNavidenio365\\vendor\\laravel\\framework\\src\\Illuminate\\Foundation\\Http\\Middleware\\VerifyCsrfToken.php(78): Illuminate\\Pipeline\\Pipeline->Illuminate\\Pipeline\\{closure}(Object(Illuminate\\Http\\Request))
#29 C:\\Users\\User\\Desktop\\ING DAVID VEGA\\FULLSTACK\\MundoNavidenio365\\vendor\\laravel\\framework\\src\\Illuminate\\Pipeline\\Pipeline.php(183): Illuminate\\Foundation\\Http\\Middleware\\VerifyCsrfToken->handle(Object(Illuminate\\Http\\Request), Object(Closure))
#30 C:\\Users\\User\\Desktop\\ING DAVID VEGA\\FULLSTACK\\MundoNavidenio365\\vendor\\laravel\\framework\\src\\Illuminate\\View\\Middleware\\ShareErrorsFromSession.php(49): Illuminate\\Pipeline\\Pipeline->Illuminate\\Pipeline\\{closure}(Object(Illuminate\\Http\\Request))
#31 C:\\Users\\User\\Desktop\\ING DAVID VEGA\\FULLSTACK\\MundoNavidenio365\\vendor\\laravel\\framework\\src\\Illuminate\\Pipeline\\Pipeline.php(183): Illuminate\\View\\Middleware\\ShareErrorsFromSession->handle(Object(Illuminate\\Http\\Request), Object(Closure))
#32 C:\\Users\\User\\Desktop\\ING DAVID VEGA\\FULLSTACK\\MundoNavidenio365\\vendor\\laravel\\framework\\src\\Illuminate\\Session\\Middleware\\StartSession.php(121): Illuminate\\Pipeline\\Pipeline->Illuminate\\Pipeline\\{closure}(Object(Illuminate\\Http\\Request))
#33 C:\\Users\\User\\Desktop\\ING DAVID VEGA\\FULLSTACK\\MundoNavidenio365\\vendor\\laravel\\framework\\src\\Illuminate\\Session\\Middleware\\StartSession.php(64): Illuminate\\Session\\Middleware\\StartSession->handleStatefulRequest(Object(Illuminate\\Http\\Request), Object(Illuminate\\Session\\Store), Object(Closure))
#34 C:\\Users\\User\\Desktop\\ING DAVID VEGA\\FULLSTACK\\MundoNavidenio365\\vendor\\laravel\\framework\\src\\Illuminate\\Pipeline\\Pipeline.php(183): Illuminate\\Session\\Middleware\\StartSession->handle(Object(Illuminate\\Http\\Request), Object(Closure))
#35 C:\\Users\\User\\Desktop\\ING DAVID VEGA\\FULLSTACK\\MundoNavidenio365\\vendor\\laravel\\framework\\src\\Illuminate\\Cookie\\Middleware\\AddQueuedCookiesToResponse.php(37): Illuminate\\Pipeline\\Pipeline->Illuminate\\Pipeline\\{closure}(Object(Illuminate\\Http\\Request))
#36 C:\\Users\\User\\Desktop\\ING DAVID VEGA\\FULLSTACK\\MundoNavidenio365\\vendor\\laravel\\framework\\src\\Illuminate\\Pipeline\\Pipeline.php(183): Illuminate\\Cookie\\Middleware\\AddQueuedCookiesToResponse->handle(Object(Illuminate\\Http\\Request), Object(Closure))
#37 C:\\Users\\User\\Desktop\\ING DAVID VEGA\\FULLSTACK\\MundoNavidenio365\\vendor\\laravel\\framework\\src\\Illuminate\\Cookie\\Middleware\\EncryptCookies.php(67): Illuminate\\Pipeline\\Pipeline->Illuminate\\Pipeline\\{closure}(Object(Illuminate\\Http\\Request))
#38 C:\\Users\\User\\Desktop\\ING DAVID VEGA\\FULLSTACK\\MundoNavidenio365\\vendor\\laravel\\framework\\src\\Illuminate\\Pipeline\\Pipeline.php(183): Illuminate\\Cookie\\Middleware\\EncryptCookies->handle(Object(Illuminate\\Http\\Request), Object(Closure))
#39 C:\\Users\\User\\Desktop\\ING DAVID VEGA\\FULLSTACK\\MundoNavidenio365\\vendor\\laravel\\framework\\src\\Illuminate\\Pipeline\\Pipeline.php(119): Illuminate\\Pipeline\\Pipeline->Illuminate\\Pipeline\\{closure}(Object(Illuminate\\Http\\Request))
#40 C:\\Users\\User\\Desktop\\ING DAVID VEGA\\FULLSTACK\\MundoNavidenio365\\vendor\\laravel\\framework\\src\\Illuminate\\Routing\\Router.php(805): Illuminate\\Pipeline\\Pipeline->then(Object(Closure))
#41 C:\\Users\\User\\Desktop\\ING DAVID VEGA\\FULLSTACK\\MundoNavidenio365\\vendor\\laravel\\framework\\src\\Illuminate\\Routing\\Router.php(784): Illuminate\\Routing\\Router->runRouteWithinStack(Object(Illuminate\\Routing\\Route), Object(Illuminate\\Http\\Request))
#42 C:\\Users\\User\\Desktop\\ING DAVID VEGA\\FULLSTACK\\MundoNavidenio365\\vendor\\laravel\\framework\\src\\Illuminate\\Routing\\Router.php(748): Illuminate\\Routing\\Router->runRoute(Object(Illuminate\\Http\\Request), Object(Illuminate\\Routing\\Route))
#43 C:\\Users\\User\\Desktop\\ING DAVID VEGA\\FULLSTACK\\MundoNavidenio365\\vendor\\laravel\\framework\\src\\Illuminate\\Routing\\Router.php(737): Illuminate\\Routing\\Router->dispatchToRoute(Object(Illuminate\\Http\\Request))
#44 C:\\Users\\User\\Desktop\\ING DAVID VEGA\\FULLSTACK\\MundoNavidenio365\\vendor\\laravel\\framework\\src\\Illuminate\\Foundation\\Http\\Kernel.php(200): Illuminate\\Routing\\Router->dispatch(Object(Illuminate\\Http\\Request))
#45 C:\\Users\\User\\Desktop\\ING DAVID VEGA\\FULLSTACK\\MundoNavidenio365\\vendor\\laravel\\framework\\src\\Illuminate\\Pipeline\\Pipeline.php(144): Illuminate\\Foundation\\Http\\Kernel->Illuminate\\Foundation\\Http\\{closure}(Object(Illuminate\\Http\\Request))
#46 C:\\Users\\User\\Desktop\\ING DAVID VEGA\\FULLSTACK\\MundoNavidenio365\\vendor\\laravel\\framework\\src\\Illuminate\\Foundation\\Http\\Middleware\\TransformsRequest.php(21): Illuminate\\Pipeline\\Pipeline->Illuminate\\Pipeline\\{closure}(Object(Illuminate\\Http\\Request))
#47 C:\\Users\\User\\Desktop\\ING DAVID VEGA\\FULLSTACK\\MundoNavidenio365\\vendor\\laravel\\framework\\src\\Illuminate\\Foundation\\Http\\Middleware\\ConvertEmptyStringsToNull.php(31): Illuminate\\Foundation\\Http\\Middleware\\TransformsRequest->handle(Object(Illuminate\\Http\\Request), Object(Closure))
#48 C:\\Users\\User\\Desktop\\ING DAVID VEGA\\FULLSTACK\\MundoNavidenio365\\vendor\\laravel\\framework\\src\\Illuminate\\Pipeline\\Pipeline.php(183): Illuminate\\Foundation\\Http\\Middleware\\ConvertEmptyStringsToNull->handle(Object(Illuminate\\Http\\Request), Object(Closure))
#49 C:\\Users\\User\\Desktop\\ING DAVID VEGA\\FULLSTACK\\MundoNavidenio365\\vendor\\laravel\\framework\\src\\Illuminate\\Foundation\\Http\\Middleware\\TransformsRequest.php(21): Illuminate\\Pipeline\\Pipeline->Illuminate\\Pipeline\\{closure}(Object(Illuminate\\Http\\Request))
#50 C:\\Users\\User\\Desktop\\ING DAVID VEGA\\FULLSTACK\\MundoNavidenio365\\vendor\\laravel\\framework\\src\\Illuminate\\Foundation\\Http\\Middleware\\TrimStrings.php(40): Illuminate\\Foundation\\Http\\Middleware\\TransformsRequest->handle(Object(Illuminate\\Http\\Request), Object(Closure))
#51 C:\\Users\\User\\Desktop\\ING DAVID VEGA\\FULLSTACK\\MundoNavidenio365\\vendor\\laravel\\framework\\src\\Illuminate\\Pipeline\\Pipeline.php(183): Illuminate\\Foundation\\Http\\Middleware\\TrimStrings->handle(Object(Illuminate\\Http\\Request), Object(Closure))
#52 C:\\Users\\User\\Desktop\\ING DAVID VEGA\\FULLSTACK\\MundoNavidenio365\\vendor\\laravel\\framework\\src\\Illuminate\\Foundation\\Http\\Middleware\\ValidatePostSize.php(27): Illuminate\\Pipeline\\Pipeline->Illuminate\\Pipeline\\{closure}(Object(Illuminate\\Http\\Request))
#53 C:\\Users\\User\\Desktop\\ING DAVID VEGA\\FULLSTACK\\MundoNavidenio365\\vendor\\laravel\\framework\\src\\Illuminate\\Pipeline\\Pipeline.php(183): Illuminate\\Foundation\\Http\\Middleware\\ValidatePostSize->handle(Object(Illuminate\\Http\\Request), Object(Closure))
#54 C:\\Users\\User\\Desktop\\ING DAVID VEGA\\FULLSTACK\\MundoNavidenio365\\vendor\\laravel\\framework\\src\\Illuminate\\Foundation\\Http\\Middleware\\PreventRequestsDuringMaintenance.php(99): Illuminate\\Pipeline\\Pipeline->Illuminate\\Pipeline\\{closure}(Object(Illuminate\\Http\\Request))
#55 C:\\Users\\User\\Desktop\\ING DAVID VEGA\\FULLSTACK\\MundoNavidenio365\\vendor\\laravel\\framework\\src\\Illuminate\\Pipeline\\Pipeline.php(183): Illuminate\\Foundation\\Http\\Middleware\\PreventRequestsDuringMaintenance->handle(Object(Illuminate\\Http\\Request), Object(Closure))
#56 C:\\Users\\User\\Desktop\\ING DAVID VEGA\\FULLSTACK\\MundoNavidenio365\\vendor\\laravel\\framework\\src\\Illuminate\\Http\\Middleware\\HandleCors.php(49): Illuminate\\Pipeline\\Pipeline->Illuminate\\Pipeline\\{closure}(Object(Illuminate\\Http\\Request))
#57 C:\\Users\\User\\Desktop\\ING DAVID VEGA\\FULLSTACK\\MundoNavidenio365\\vendor\\laravel\\framework\\src\\Illuminate\\Pipeline\\Pipeline.php(183): Illuminate\\Http\\Middleware\\HandleCors->handle(Object(Illuminate\\Http\\Request), Object(Closure))
#58 C:\\Users\\User\\Desktop\\ING DAVID VEGA\\FULLSTACK\\MundoNavidenio365\\vendor\\laravel\\framework\\src\\Illuminate\\Http\\Middleware\\TrustProxies.php(39): Illuminate\\Pipeline\\Pipeline->Illuminate\\Pipeline\\{closure}(Object(Illuminate\\Http\\Request))
#59 C:\\Users\\User\\Desktop\\ING DAVID VEGA\\FULLSTACK\\MundoNavidenio365\\vendor\\laravel\\framework\\src\\Illuminate\\Pipeline\\Pipeline.php(183): Illuminate\\Http\\Middleware\\TrustProxies->handle(Object(Illuminate\\Http\\Request), Object(Closure))
#60 C:\\Users\\User\\Desktop\\ING DAVID VEGA\\FULLSTACK\\MundoNavidenio365\\vendor\\laravel\\framework\\src\\Illuminate\\Pipeline\\Pipeline.php(119): Illuminate\\Pipeline\\Pipeline->Illuminate\\Pipeline\\{closure}(Object(Illuminate\\Http\\Request))
#61 C:\\Users\\User\\Desktop\\ING DAVID VEGA\\FULLSTACK\\MundoNavidenio365\\vendor\\laravel\\framework\\src\\Illuminate\\Foundation\\Http\\Kernel.php(175): Illuminate\\Pipeline\\Pipeline->then(Object(Closure))
#62 C:\\Users\\User\\Desktop\\ING DAVID VEGA\\FULLSTACK\\MundoNavidenio365\\vendor\\laravel\\framework\\src\\Illuminate\\Foundation\\Http\\Kernel.php(144): Illuminate\\Foundation\\Http\\Kernel->sendRequestThroughRouter(Object(Illuminate\\Http\\Request))
#63 C:\\Users\\User\\Desktop\\ING DAVID VEGA\\FULLSTACK\\MundoNavidenio365\\public\\index.php(51): Illuminate\\Foundation\\Http\\Kernel->handle(Object(Illuminate\\Http\\Request))
#64 C:\\Users\\User\\Desktop\\ING DAVID VEGA\\FULLSTACK\\MundoNavidenio365\\vendor\\laravel\\framework\\src\\Illuminate\\Foundation\\resources\\server.php(16): require_once('C:\\\\Users\\\\User\\\\D...')
#65 {main}
"} 
[2026-07-25 02:22:03] local.ERROR: SQLSTATE[42S22]: Column not found: 1054 Unknown column 'nc_ref.sri_estado_autorizacion' in 'field list' (Connection: mysql, SQL: select `ventas`.`id`, `ventas`.`fecha`, `ventas`.`estado`, `ventas`.`estab`, `ventas`.`pto_emision`, `ventas`.`secuencial`, `ventas`.`subtotal`, `ventas`.`impuesto_15`, `ventas`.`impuesto_0`, `ventas`.`descuento`, `ventas`.`total`, `clientes`.`nombres` as `cliente_nombres`, `clientes`.`ci_o_ruc` as `cliente_ci_o_ruc`, `nc_ref`.`id` as `nc_id`, `nc_ref`.`estado` as `nc_estado`, `nc_ref`.`sri_estado_autorizacion` as `nc_sri_estado` from `ventas` left join `clientes` on `clientes`.`id` = `ventas`.`cliente_id` left join `notas_credito` as `nc_ref` on `nc_ref`.`venta_id` = `ventas`.`id` where `ventas`.`estado` = autorizado order by `ventas`.`id` desc limit 15 offset 0) {"userId":4,"exception":"[object] (Illuminate\\Database\\QueryException(code: 42S22): SQLSTATE[42S22]: Column not found: 1054 Unknown column 'nc_ref.sri_estado_autorizacion' in 'field list' (Connection: mysql, SQL: select `ventas`.`id`, `ventas`.`fecha`, `ventas`.`estado`, `ventas`.`estab`, `ventas`.`pto_emision`, `ventas`.`secuencial`, `ventas`.`subtotal`, `ventas`.`impuesto_15`, `ventas`.`impuesto_0`, `ventas`.`descuento`, `ventas`.`total`, `clientes`.`nombres` as `cliente_nombres`, `clientes`.`ci_o_ruc` as `cliente_ci_o_ruc`, `nc_ref`.`id` as `nc_id`, `nc_ref`.`estado` as `nc_estado`, `nc_ref`.`sri_estado_autorizacion` as `nc_sri_estado` from `ventas` left join `clientes` on `clientes`.`id` = `ventas`.`cliente_id` left join `notas_credito` as `nc_ref` on `nc_ref`.`venta_id` = `ventas`.`id` where `ventas`.`estado` = autorizado order by `ventas`.`id` desc limit 15 offset 0) at C:\\Users\\User\\Desktop\\ING DAVID VEGA\\FULLSTACK\\MundoNavidenio365\\vendor\\laravel\\framework\\src\\Illuminate\\Database\\Connection.php:829)
[stacktrace]
#0 C:\\Users\\User\\Desktop\\ING DAVID VEGA\\FULLSTACK\\MundoNavidenio365\\vendor\\laravel\\framework\\src\\Illuminate\\Database\\Connection.php(783): Illuminate\\Database\\Connection->runQueryCallback('select `ventas`...', Array, Object(Closure))
#1 C:\\Users\\User\\Desktop\\ING DAVID VEGA\\FULLSTACK\\MundoNavidenio365\\vendor\\laravel\\framework\\src\\Illuminate\\Database\\Connection.php(414): Illuminate\\Database\\Connection->run('select `ventas`...', Array, Object(Closure))
#2 C:\\Users\\User\\Desktop\\ING DAVID VEGA\\FULLSTACK\\MundoNavidenio365\\vendor\\laravel\\framework\\src\\Illuminate\\Database\\Query\\Builder.php(2913): Illuminate\\Database\\Connection->select('select `ventas`...', Array, true)
#3 C:\\Users\\User\\Desktop\\ING DAVID VEGA\\FULLSTACK\\MundoNavidenio365\\vendor\\laravel\\framework\\src\\Illuminate\\Database\\Query\\Builder.php(2902): Illuminate\\Database\\Query\\Builder->runSelect()
#4 C:\\Users\\User\\Desktop\\ING DAVID VEGA\\FULLSTACK\\MundoNavidenio365\\vendor\\laravel\\framework\\src\\Illuminate\\Database\\Query\\Builder.php(3456): Illuminate\\Database\\Query\\Builder->Illuminate\\Database\\Query\\{closure}()
#5 C:\\Users\\User\\Desktop\\ING DAVID VEGA\\FULLSTACK\\MundoNavidenio365\\vendor\\laravel\\framework\\src\\Illuminate\\Database\\Query\\Builder.php(2901): Illuminate\\Database\\Query\\Builder->onceWithColumns(Array, Object(Closure))
#6 C:\\Users\\User\\Desktop\\ING DAVID VEGA\\FULLSTACK\\MundoNavidenio365\\vendor\\laravel\\framework\\src\\Illuminate\\Database\\Query\\Builder.php(2936): Illuminate\\Database\\Query\\Builder->get(Array)
#7 C:\\Users\\User\\Desktop\\ING DAVID VEGA\\FULLSTACK\\MundoNavidenio365\\app\\Http\\Controllers\\Admin\\NotasCreditoController.php(245): Illuminate\\Database\\Query\\Builder->paginate(15)
#8 C:\\Users\\User\\Desktop\\ING DAVID VEGA\\FULLSTACK\\MundoNavidenio365\\vendor\\laravel\\framework\\src\\Illuminate\\Routing\\Controller.php(54): App\\Http\\Controllers\\Admin\\NotasCreditoController->facturasIndex(Object(Illuminate\\Http\\Request))
#9 C:\\Users\\User\\Desktop\\ING DAVID VEGA\\FULLSTACK\\MundoNavidenio365\\vendor\\laravel\\framework\\src\\Illuminate\\Routing\\ControllerDispatcher.php(43): Illuminate\\Routing\\Controller->callAction('facturasIndex', Array)
#10 C:\\Users\\User\\Desktop\\ING DAVID VEGA\\FULLSTACK\\MundoNavidenio365\\vendor\\laravel\\framework\\src\\Illuminate\\Routing\\Route.php(259): Illuminate\\Routing\\ControllerDispatcher->dispatch(Object(Illuminate\\Routing\\Route), Object(App\\Http\\Controllers\\Admin\\NotasCreditoController), 'facturasIndex')
#11 C:\\Users\\User\\Desktop\\ING DAVID VEGA\\FULLSTACK\\MundoNavidenio365\\vendor\\laravel\\framework\\src\\Illuminate\\Routing\\Route.php(205): Illuminate\\Routing\\Route->runController()
#12 C:\\Users\\User\\Desktop\\ING DAVID VEGA\\FULLSTACK\\MundoNavidenio365\\vendor\\laravel\\framework\\src\\Illuminate\\Routing\\Router.php(806): Illuminate\\Routing\\Route->run()
#13 C:\\Users\\User\\Desktop\\ING DAVID VEGA\\FULLSTACK\\MundoNavidenio365\\vendor\\laravel\\framework\\src\\Illuminate\\Pipeline\\Pipeline.php(144): Illuminate\\Routing\\Router->Illuminate\\Routing\\{closure}(Object(Illuminate\\Http\\Request))
#14 C:\\Users\\User\\Desktop\\ING DAVID VEGA\\FULLSTACK\\MundoNavidenio365\\app\\Http\\Middleware\\RoleMiddleware.php(16): Illuminate\\Pipeline\\Pipeline->Illuminate\\Pipeline\\{closure}(Object(Illuminate\\Http\\Request))
#15 C:\\Users\\User\\Desktop\\ING DAVID VEGA\\FULLSTACK\\MundoNavidenio365\\vendor\\laravel\\framework\\src\\Illuminate\\Pipeline\\Pipeline.php(183): App\\Http\\Middleware\\RoleMiddleware->handle(Object(Illuminate\\Http\\Request), Object(Closure), 'Administrador')
#16 C:\\Users\\User\\Desktop\\ING DAVID VEGA\\FULLSTACK\\MundoNavidenio365\\vendor\\laravel\\framework\\src\\Illuminate\\Auth\\Middleware\\EnsureEmailIsVerified.php(41): Illuminate\\Pipeline\\Pipeline->Illuminate\\Pipeline\\{closure}(Object(Illuminate\\Http\\Request))
#17 C:\\Users\\User\\Desktop\\ING DAVID VEGA\\FULLSTACK\\MundoNavidenio365\\vendor\\laravel\\framework\\src\\Illuminate\\Pipeline\\Pipeline.php(183): Illuminate\\Auth\\Middleware\\EnsureEmailIsVerified->handle(Object(Illuminate\\Http\\Request), Object(Closure))
#18 C:\\Users\\User\\Desktop\\ING DAVID VEGA\\FULLSTACK\\MundoNavidenio365\\vendor\\laravel\\framework\\src\\Illuminate\\Http\\Middleware\\AddLinkHeadersForPreloadedAssets.php(20): Illuminate\\Pipeline\\Pipeline->Illuminate\\Pipeline\\{closure}(Object(Illuminate\\Http\\Request))
#19 C:\\Users\\User\\Desktop\\ING DAVID VEGA\\FULLSTACK\\MundoNavidenio365\\vendor\\laravel\\framework\\src\\Illuminate\\Pipeline\\Pipeline.php(183): Illuminate\\Http\\Middleware\\AddLinkHeadersForPreloadedAssets->handle(Object(Illuminate\\Http\\Request), Object(Closure))
#20 C:\\Users\\User\\Desktop\\ING DAVID VEGA\\FULLSTACK\\MundoNavidenio365\\vendor\\inertiajs\\inertia-laravel\\src\\Middleware.php(87): Illuminate\\Pipeline\\Pipeline->Illuminate\\Pipeline\\{closure}(Object(Illuminate\\Http\\Request))
#21 C:\\Users\\User\\Desktop\\ING DAVID VEGA\\FULLSTACK\\MundoNavidenio365\\vendor\\laravel\\framework\\src\\Illuminate\\Pipeline\\Pipeline.php(183): Inertia\\Middleware->handle(Object(Illuminate\\Http\\Request), Object(Closure))
#22 C:\\Users\\User\\Desktop\\ING DAVID VEGA\\FULLSTACK\\MundoNavidenio365\\vendor\\laravel\\framework\\src\\Illuminate\\Routing\\Middleware\\SubstituteBindings.php(50): Illuminate\\Pipeline\\Pipeline->Illuminate\\Pipeline\\{closure}(Object(Illuminate\\Http\\Request))
#23 C:\\Users\\User\\Desktop\\ING DAVID VEGA\\FULLSTACK\\MundoNavidenio365\\vendor\\laravel\\framework\\src\\Illuminate\\Pipeline\\Pipeline.php(183): Illuminate\\Routing\\Middleware\\SubstituteBindings->handle(Object(Illuminate\\Http\\Request), Object(Closure))
#24 C:\\Users\\User\\Desktop\\ING DAVID VEGA\\FULLSTACK\\MundoNavidenio365\\vendor\\laravel\\framework\\src\\Illuminate\\Auth\\Middleware\\Authenticate.php(57): Illuminate\\Pipeline\\Pipeline->Illuminate\\Pipeline\\{closure}(Object(Illuminate\\Http\\Request))
#25 C:\\Users\\User\\Desktop\\ING DAVID VEGA\\FULLSTACK\\MundoNavidenio365\\vendor\\laravel\\framework\\src\\Illuminate\\Pipeline\\Pipeline.php(183): Illuminate\\Auth\\Middleware\\Authenticate->handle(Object(Illuminate\\Http\\Request), Object(Closure))
#26 C:\\Users\\User\\Desktop\\ING DAVID VEGA\\FULLSTACK\\MundoNavidenio365\\vendor\\laravel\\framework\\src\\Illuminate\\Foundation\\Http\\Middleware\\VerifyCsrfToken.php(78): Illuminate\\Pipeline\\Pipeline->Illuminate\\Pipeline\\{closure}(Object(Illuminate\\Http\\Request))
#27 C:\\Users\\User\\Desktop\\ING DAVID VEGA\\FULLSTACK\\MundoNavidenio365\\vendor\\laravel\\framework\\src\\Illuminate\\Pipeline\\Pipeline.php(183): Illuminate\\Foundation\\Http\\Middleware\\VerifyCsrfToken->handle(Object(Illuminate\\Http\\Request), Object(Closure))
#28 C:\\Users\\User\\Desktop\\ING DAVID VEGA\\FULLSTACK\\MundoNavidenio365\\vendor\\laravel\\framework\\src\\Illuminate\\View\\Middleware\\ShareErrorsFromSession.php(49): Illuminate\\Pipeline\\Pipeline->Illuminate\\Pipeline\\{closure}(Object(Illuminate\\Http\\Request))
#29 C:\\Users\\User\\Desktop\\ING DAVID VEGA\\FULLSTACK\\MundoNavidenio365\\vendor\\laravel\\framework\\src\\Illuminate\\Pipeline\\Pipeline.php(183): Illuminate\\View\\Middleware\\ShareErrorsFromSession->handle(Object(Illuminate\\Http\\Request), Object(Closure))
#30 C:\\Users\\User\\Desktop\\ING DAVID VEGA\\FULLSTACK\\MundoNavidenio365\\vendor\\laravel\\framework\\src\\Illuminate\\Session\\Middleware\\StartSession.php(121): Illuminate\\Pipeline\\Pipeline->Illuminate\\Pipeline\\{closure}(Object(Illuminate\\Http\\Request))
#31 C:\\Users\\User\\Desktop\\ING DAVID VEGA\\FULLSTACK\\MundoNavidenio365\\vendor\\laravel\\framework\\src\\Illuminate\\Session\\Middleware\\StartSession.php(64): Illuminate\\Session\\Middleware\\StartSession->handleStatefulRequest(Object(Illuminate\\Http\\Request), Object(Illuminate\\Session\\Store), Object(Closure))
#32 C:\\Users\\User\\Desktop\\ING DAVID VEGA\\FULLSTACK\\MundoNavidenio365\\vendor\\laravel\\framework\\src\\Illuminate\\Pipeline\\Pipeline.php(183): Illuminate\\Session\\Middleware\\StartSession->handle(Object(Illuminate\\Http\\Request), Object(Closure))
#33 C:\\Users\\User\\Desktop\\ING DAVID VEGA\\FULLSTACK\\MundoNavidenio365\\vendor\\laravel\\framework\\src\\Illuminate\\Cookie\\Middleware\\AddQueuedCookiesToResponse.php(37): Illuminate\\Pipeline\\Pipeline->Illuminate\\Pipeline\\{closure}(Object(Illuminate\\Http\\Request))
#34 C:\\Users\\User\\Desktop\\ING DAVID VEGA\\FULLSTACK\\MundoNavidenio365\\vendor\\laravel\\framework\\src\\Illuminate\\Pipeline\\Pipeline.php(183): Illuminate\\Cookie\\Middleware\\AddQueuedCookiesToResponse->handle(Object(Illuminate\\Http\\Request), Object(Closure))
#35 C:\\Users\\User\\Desktop\\ING DAVID VEGA\\FULLSTACK\\MundoNavidenio365\\vendor\\laravel\\framework\\src\\Illuminate\\Cookie\\Middleware\\EncryptCookies.php(67): Illuminate\\Pipeline\\Pipeline->Illuminate\\Pipeline\\{closure}(Object(Illuminate\\Http\\Request))
#36 C:\\Users\\User\\Desktop\\ING DAVID VEGA\\FULLSTACK\\MundoNavidenio365\\vendor\\laravel\\framework\\src\\Illuminate\\Pipeline\\Pipeline.php(183): Illuminate\\Cookie\\Middleware\\EncryptCookies->handle(Object(Illuminate\\Http\\Request), Object(Closure))
#37 C:\\Users\\User\\Desktop\\ING DAVID VEGA\\FULLSTACK\\MundoNavidenio365\\vendor\\laravel\\framework\\src\\Illuminate\\Pipeline\\Pipeline.php(119): Illuminate\\Pipeline\\Pipeline->Illuminate\\Pipeline\\{closure}(Object(Illuminate\\Http\\Request))
#38 C:\\Users\\User\\Desktop\\ING DAVID VEGA\\FULLSTACK\\MundoNavidenio365\\vendor\\laravel\\framework\\src\\Illuminate\\Routing\\Router.php(805): Illuminate\\Pipeline\\Pipeline->then(Object(Closure))
#39 C:\\Users\\User\\Desktop\\ING DAVID VEGA\\FULLSTACK\\MundoNavidenio365\\vendor\\laravel\\framework\\src\\Illuminate\\Routing\\Router.php(784): Illuminate\\Routing\\Router->runRouteWithinStack(Object(Illuminate\\Routing\\Route), Object(Illuminate\\Http\\Request))
#40 C:\\Users\\User\\Desktop\\ING DAVID VEGA\\FULLSTACK\\MundoNavidenio365\\vendor\\laravel\\framework\\src\\Illuminate\\Routing\\Router.php(748): Illuminate\\Routing\\Router->runRoute(Object(Illuminate\\Http\\Request), Object(Illuminate\\Routing\\Route))
#41 C:\\Users\\User\\Desktop\\ING DAVID VEGA\\FULLSTACK\\MundoNavidenio365\\vendor\\laravel\\framework\\src\\Illuminate\\Routing\\Router.php(737): Illuminate\\Routing\\Router->dispatchToRoute(Object(Illuminate\\Http\\Request))
#42 C:\\Users\\User\\Desktop\\ING DAVID VEGA\\FULLSTACK\\MundoNavidenio365\\vendor\\laravel\\framework\\src\\Illuminate\\Foundation\\Http\\Kernel.php(200): Illuminate\\Routing\\Router->dispatch(Object(Illuminate\\Http\\Request))
#43 C:\\Users\\User\\Desktop\\ING DAVID VEGA\\FULLSTACK\\MundoNavidenio365\\vendor\\laravel\\framework\\src\\Illuminate\\Pipeline\\Pipeline.php(144): Illuminate\\Foundation\\Http\\Kernel->Illuminate\\Foundation\\Http\\{closure}(Object(Illuminate\\Http\\Request))
#44 C:\\Users\\User\\Desktop\\ING DAVID VEGA\\FULLSTACK\\MundoNavidenio365\\vendor\\laravel\\framework\\src\\Illuminate\\Foundation\\Http\\Middleware\\TransformsRequest.php(21): Illuminate\\Pipeline\\Pipeline->Illuminate\\Pipeline\\{closure}(Object(Illuminate\\Http\\Request))
#45 C:\\Users\\User\\Desktop\\ING DAVID VEGA\\FULLSTACK\\MundoNavidenio365\\vendor\\laravel\\framework\\src\\Illuminate\\Foundation\\Http\\Middleware\\ConvertEmptyStringsToNull.php(31): Illuminate\\Foundation\\Http\\Middleware\\TransformsRequest->handle(Object(Illuminate\\Http\\Request), Object(Closure))
#46 C:\\Users\\User\\Desktop\\ING DAVID VEGA\\FULLSTACK\\MundoNavidenio365\\vendor\\laravel\\framework\\src\\Illuminate\\Pipeline\\Pipeline.php(183): Illuminate\\Foundation\\Http\\Middleware\\ConvertEmptyStringsToNull->handle(Object(Illuminate\\Http\\Request), Object(Closure))
#47 C:\\Users\\User\\Desktop\\ING DAVID VEGA\\FULLSTACK\\MundoNavidenio365\\vendor\\laravel\\framework\\src\\Illuminate\\Foundation\\Http\\Middleware\\TransformsRequest.php(21): Illuminate\\Pipeline\\Pipeline->Illuminate\\Pipeline\\{closure}(Object(Illuminate\\Http\\Request))
#48 C:\\Users\\User\\Desktop\\ING DAVID VEGA\\FULLSTACK\\MundoNavidenio365\\vendor\\laravel\\framework\\src\\Illuminate\\Foundation\\Http\\Middleware\\TrimStrings.php(40): Illuminate\\Foundation\\Http\\Middleware\\TransformsRequest->handle(Object(Illuminate\\Http\\Request), Object(Closure))
#49 C:\\Users\\User\\Desktop\\ING DAVID VEGA\\FULLSTACK\\MundoNavidenio365\\vendor\\laravel\\framework\\src\\Illuminate\\Pipeline\\Pipeline.php(183): Illuminate\\Foundation\\Http\\Middleware\\TrimStrings->handle(Object(Illuminate\\Http\\Request), Object(Closure))
#50 C:\\Users\\User\\Desktop\\ING DAVID VEGA\\FULLSTACK\\MundoNavidenio365\\vendor\\laravel\\framework\\src\\Illuminate\\Foundation\\Http\\Middleware\\ValidatePostSize.php(27): Illuminate\\Pipeline\\Pipeline->Illuminate\\Pipeline\\{closure}(Object(Illuminate\\Http\\Request))
#51 C:\\Users\\User\\Desktop\\ING DAVID VEGA\\FULLSTACK\\MundoNavidenio365\\vendor\\laravel\\framework\\src\\Illuminate\\Pipeline\\Pipeline.php(183): Illuminate\\Foundation\\Http\\Middleware\\ValidatePostSize->handle(Object(Illuminate\\Http\\Request), Object(Closure))
#52 C:\\Users\\User\\Desktop\\ING DAVID VEGA\\FULLSTACK\\MundoNavidenio365\\vendor\\laravel\\framework\\src\\Illuminate\\Foundation\\Http\\Middleware\\PreventRequestsDuringMaintenance.php(99): Illuminate\\Pipeline\\Pipeline->Illuminate\\Pipeline\\{closure}(Object(Illuminate\\Http\\Request))
#53 C:\\Users\\User\\Desktop\\ING DAVID VEGA\\FULLSTACK\\MundoNavidenio365\\vendor\\laravel\\framework\\src\\Illuminate\\Pipeline\\Pipeline.php(183): Illuminate\\Foundation\\Http\\Middleware\\PreventRequestsDuringMaintenance->handle(Object(Illuminate\\Http\\Request), Object(Closure))
#54 C:\\Users\\User\\Desktop\\ING DAVID VEGA\\FULLSTACK\\MundoNavidenio365\\vendor\\laravel\\framework\\src\\Illuminate\\Http\\Middleware\\HandleCors.php(49): Illuminate\\Pipeline\\Pipeline->Illuminate\\Pipeline\\{closure}(Object(Illuminate\\Http\\Request))
#55 C:\\Users\\User\\Desktop\\ING DAVID VEGA\\FULLSTACK\\MundoNavidenio365\\vendor\\laravel\\framework\\src\\Illuminate\\Pipeline\\Pipeline.php(183): Illuminate\\Http\\Middleware\\HandleCors->handle(Object(Illuminate\\Http\\Request), Object(Closure))
#56 C:\\Users\\User\\Desktop\\ING DAVID VEGA\\FULLSTACK\\MundoNavidenio365\\vendor\\laravel\\framework\\src\\Illuminate\\Http\\Middleware\\TrustProxies.php(39): Illuminate\\Pipeline\\Pipeline->Illuminate\\Pipeline\\{closure}(Object(Illuminate\\Http\\Request))
#57 C:\\Users\\User\\Desktop\\ING DAVID VEGA\\FULLSTACK\\MundoNavidenio365\\vendor\\laravel\\framework\\src\\Illuminate\\Pipeline\\Pipeline.php(183): Illuminate\\Http\\Middleware\\TrustProxies->handle(Object(Illuminate\\Http\\Request), Object(Closure))
#58 C:\\Users\\User\\Desktop\\ING DAVID VEGA\\FULLSTACK\\MundoNavidenio365\\vendor\\laravel\\framework\\src\\Illuminate\\Pipeline\\Pipeline.php(119): Illuminate\\Pipeline\\Pipeline->Illuminate\\Pipeline\\{closure}(Object(Illuminate\\Http\\Request))
#59 C:\\Users\\User\\Desktop\\ING DAVID VEGA\\FULLSTACK\\MundoNavidenio365\\vendor\\laravel\\framework\\src\\Illuminate\\Foundation\\Http\\Kernel.php(175): Illuminate\\Pipeline\\Pipeline->then(Object(Closure))
#60 C:\\Users\\User\\Desktop\\ING DAVID VEGA\\FULLSTACK\\MundoNavidenio365\\vendor\\laravel\\framework\\src\\Illuminate\\Foundation\\Http\\Kernel.php(144): Illuminate\\Foundation\\Http\\Kernel->sendRequestThroughRouter(Object(Illuminate\\Http\\Request))
#61 C:\\Users\\User\\Desktop\\ING DAVID VEGA\\FULLSTACK\\MundoNavidenio365\\public\\index.php(51): Illuminate\\Foundation\\Http\\Kernel->handle(Object(Illuminate\\Http\\Request))
#62 C:\\Users\\User\\Desktop\\ING DAVID VEGA\\FULLSTACK\\MundoNavidenio365\\vendor\\laravel\\framework\\src\\Illuminate\\Foundation\\resources\\server.php(16): require_once('C:\\\\Users\\\\User\\\\D...')
#63 {main}

[previous exception] [object] (PDOException(code: 42S22): SQLSTATE[42S22]: Column not found: 1054 Unknown column 'nc_ref.sri_estado_autorizacion' in 'field list' at C:\\Users\\User\\Desktop\\ING DAVID VEGA\\FULLSTACK\\MundoNavidenio365\\vendor\\laravel\\framework\\src\\Illuminate\\Database\\Connection.php:423)
[stacktrace]
#0 C:\\Users\\User\\Desktop\\ING DAVID VEGA\\FULLSTACK\\MundoNavidenio365\\vendor\\laravel\\framework\\src\\Illuminate\\Database\\Connection.php(423): PDO->prepare('select `ventas`...')
#1 C:\\Users\\User\\Desktop\\ING DAVID VEGA\\FULLSTACK\\MundoNavidenio365\\vendor\\laravel\\framework\\src\\Illuminate\\Database\\Connection.php(816): Illuminate\\Database\\Connection->Illuminate\\Database\\{closure}('select `ventas`...', Array)
#2 C:\\Users\\User\\Desktop\\ING DAVID VEGA\\FULLSTACK\\MundoNavidenio365\\vendor\\laravel\\framework\\src\\Illuminate\\Database\\Connection.php(783): Illuminate\\Database\\Connection->runQueryCallback('select `ventas`...', Array, Object(Closure))
#3 C:\\Users\\User\\Desktop\\ING DAVID VEGA\\FULLSTACK\\MundoNavidenio365\\vendor\\laravel\\framework\\src\\Illuminate\\Database\\Connection.php(414): Illuminate\\Database\\Connection->run('select `ventas`...', Array, Object(Closure))
#4 C:\\Users\\User\\Desktop\\ING DAVID VEGA\\FULLSTACK\\MundoNavidenio365\\vendor\\laravel\\framework\\src\\Illuminate\\Database\\Query\\Builder.php(2913): Illuminate\\Database\\Connection->select('select `ventas`...', Array, true)
#5 C:\\Users\\User\\Desktop\\ING DAVID VEGA\\FULLSTACK\\MundoNavidenio365\\vendor\\laravel\\framework\\src\\Illuminate\\Database\\Query\\Builder.php(2902): Illuminate\\Database\\Query\\Builder->runSelect()
#6 C:\\Users\\User\\Desktop\\ING DAVID VEGA\\FULLSTACK\\MundoNavidenio365\\vendor\\laravel\\framework\\src\\Illuminate\\Database\\Query\\Builder.php(3456): Illuminate\\Database\\Query\\Builder->Illuminate\\Database\\Query\\{closure}()
#7 C:\\Users\\User\\Desktop\\ING DAVID VEGA\\FULLSTACK\\MundoNavidenio365\\vendor\\laravel\\framework\\src\\Illuminate\\Database\\Query\\Builder.php(2901): Illuminate\\Database\\Query\\Builder->onceWithColumns(Array, Object(Closure))
#8 C:\\Users\\User\\Desktop\\ING DAVID VEGA\\FULLSTACK\\MundoNavidenio365\\vendor\\laravel\\framework\\src\\Illuminate\\Database\\Query\\Builder.php(2936): Illuminate\\Database\\Query\\Builder->get(Array)
#9 C:\\Users\\User\\Desktop\\ING DAVID VEGA\\FULLSTACK\\MundoNavidenio365\\app\\Http\\Controllers\\Admin\\NotasCreditoController.php(245): Illuminate\\Database\\Query\\Builder->paginate(15)
#10 C:\\Users\\User\\Desktop\\ING DAVID VEGA\\FULLSTACK\\MundoNavidenio365\\vendor\\laravel\\framework\\src\\Illuminate\\Routing\\Controller.php(54): App\\Http\\Controllers\\Admin\\NotasCreditoController->facturasIndex(Object(Illuminate\\Http\\Request))
#11 C:\\Users\\User\\Desktop\\ING DAVID VEGA\\FULLSTACK\\MundoNavidenio365\\vendor\\laravel\\framework\\src\\Illuminate\\Routing\\ControllerDispatcher.php(43): Illuminate\\Routing\\Controller->callAction('facturasIndex', Array)
#12 C:\\Users\\User\\Desktop\\ING DAVID VEGA\\FULLSTACK\\MundoNavidenio365\\vendor\\laravel\\framework\\src\\Illuminate\\Routing\\Route.php(259): Illuminate\\Routing\\ControllerDispatcher->dispatch(Object(Illuminate\\Routing\\Route), Object(App\\Http\\Controllers\\Admin\\NotasCreditoController), 'facturasIndex')
#13 C:\\Users\\User\\Desktop\\ING DAVID VEGA\\FULLSTACK\\MundoNavidenio365\\vendor\\laravel\\framework\\src\\Illuminate\\Routing\\Route.php(205): Illuminate\\Routing\\Route->runController()
#14 C:\\Users\\User\\Desktop\\ING DAVID VEGA\\FULLSTACK\\MundoNavidenio365\\vendor\\laravel\\framework\\src\\Illuminate\\Routing\\Router.php(806): Illuminate\\Routing\\Route->run()
#15 C:\\Users\\User\\Desktop\\ING DAVID VEGA\\FULLSTACK\\MundoNavidenio365\\vendor\\laravel\\framework\\src\\Illuminate\\Pipeline\\Pipeline.php(144): Illuminate\\Routing\\Router->Illuminate\\Routing\\{closure}(Object(Illuminate\\Http\\Request))
#16 C:\\Users\\User\\Desktop\\ING DAVID VEGA\\FULLSTACK\\MundoNavidenio365\\app\\Http\\Middleware\\RoleMiddleware.php(16): Illuminate\\Pipeline\\Pipeline->Illuminate\\Pipeline\\{closure}(Object(Illuminate\\Http\\Request))
#17 C:\\Users\\User\\Desktop\\ING DAVID VEGA\\FULLSTACK\\MundoNavidenio365\\vendor\\laravel\\framework\\src\\Illuminate\\Pipeline\\Pipeline.php(183): App\\Http\\Middleware\\RoleMiddleware->handle(Object(Illuminate\\Http\\Request), Object(Closure), 'Administrador')
#18 C:\\Users\\User\\Desktop\\ING DAVID VEGA\\FULLSTACK\\MundoNavidenio365\\vendor\\laravel\\framework\\src\\Illuminate\\Auth\\Middleware\\EnsureEmailIsVerified.php(41): Illuminate\\Pipeline\\Pipeline->Illuminate\\Pipeline\\{closure}(Object(Illuminate\\Http\\Request))
#19 C:\\Users\\User\\Desktop\\ING DAVID VEGA\\FULLSTACK\\MundoNavidenio365\\vendor\\laravel\\framework\\src\\Illuminate\\Pipeline\\Pipeline.php(183): Illuminate\\Auth\\Middleware\\EnsureEmailIsVerified->handle(Object(Illuminate\\Http\\Request), Object(Closure))
#20 C:\\Users\\User\\Desktop\\ING DAVID VEGA\\FULLSTACK\\MundoNavidenio365\\vendor\\laravel\\framework\\src\\Illuminate\\Http\\Middleware\\AddLinkHeadersForPreloadedAssets.php(20): Illuminate\\Pipeline\\Pipeline->Illuminate\\Pipeline\\{closure}(Object(Illuminate\\Http\\Request))
#21 C:\\Users\\User\\Desktop\\ING DAVID VEGA\\FULLSTACK\\MundoNavidenio365\\vendor\\laravel\\framework\\src\\Illuminate\\Pipeline\\Pipeline.php(183): Illuminate\\Http\\Middleware\\AddLinkHeadersForPreloadedAssets->handle(Object(Illuminate\\Http\\Request), Object(Closure))
#22 C:\\Users\\User\\Desktop\\ING DAVID VEGA\\FULLSTACK\\MundoNavidenio365\\vendor\\inertiajs\\inertia-laravel\\src\\Middleware.php(87): Illuminate\\Pipeline\\Pipeline->Illuminate\\Pipeline\\{closure}(Object(Illuminate\\Http\\Request))
#23 C:\\Users\\User\\Desktop\\ING DAVID VEGA\\FULLSTACK\\MundoNavidenio365\\vendor\\laravel\\framework\\src\\Illuminate\\Pipeline\\Pipeline.php(183): Inertia\\Middleware->handle(Object(Illuminate\\Http\\Request), Object(Closure))
#24 C:\\Users\\User\\Desktop\\ING DAVID VEGA\\FULLSTACK\\MundoNavidenio365\\vendor\\laravel\\framework\\src\\Illuminate\\Routing\\Middleware\\SubstituteBindings.php(50): Illuminate\\Pipeline\\Pipeline->Illuminate\\Pipeline\\{closure}(Object(Illuminate\\Http\\Request))
#25 C:\\Users\\User\\Desktop\\ING DAVID VEGA\\FULLSTACK\\MundoNavidenio365\\vendor\\laravel\\framework\\src\\Illuminate\\Pipeline\\Pipeline.php(183): Illuminate\\Routing\\Middleware\\SubstituteBindings->handle(Object(Illuminate\\Http\\Request), Object(Closure))
#26 C:\\Users\\User\\Desktop\\ING DAVID VEGA\\FULLSTACK\\MundoNavidenio365\\vendor\\laravel\\framework\\src\\Illuminate\\Auth\\Middleware\\Authenticate.php(57): Illuminate\\Pipeline\\Pipeline->Illuminate\\Pipeline\\{closure}(Object(Illuminate\\Http\\Request))
#27 C:\\Users\\User\\Desktop\\ING DAVID VEGA\\FULLSTACK\\MundoNavidenio365\\vendor\\laravel\\framework\\src\\Illuminate\\Pipeline\\Pipeline.php(183): Illuminate\\Auth\\Middleware\\Authenticate->handle(Object(Illuminate\\Http\\Request), Object(Closure))
#28 C:\\Users\\User\\Desktop\\ING DAVID VEGA\\FULLSTACK\\MundoNavidenio365\\vendor\\laravel\\framework\\src\\Illuminate\\Foundation\\Http\\Middleware\\VerifyCsrfToken.php(78): Illuminate\\Pipeline\\Pipeline->Illuminate\\Pipeline\\{closure}(Object(Illuminate\\Http\\Request))
#29 C:\\Users\\User\\Desktop\\ING DAVID VEGA\\FULLSTACK\\MundoNavidenio365\\vendor\\laravel\\framework\\src\\Illuminate\\Pipeline\\Pipeline.php(183): Illuminate\\Foundation\\Http\\Middleware\\VerifyCsrfToken->handle(Object(Illuminate\\Http\\Request), Object(Closure))
#30 C:\\Users\\User\\Desktop\\ING DAVID VEGA\\FULLSTACK\\MundoNavidenio365\\vendor\\laravel\\framework\\src\\Illuminate\\View\\Middleware\\ShareErrorsFromSession.php(49): Illuminate\\Pipeline\\Pipeline->Illuminate\\Pipeline\\{closure}(Object(Illuminate\\Http\\Request))
#31 C:\\Users\\User\\Desktop\\ING DAVID VEGA\\FULLSTACK\\MundoNavidenio365\\vendor\\laravel\\framework\\src\\Illuminate\\Pipeline\\Pipeline.php(183): Illuminate\\View\\Middleware\\ShareErrorsFromSession->handle(Object(Illuminate\\Http\\Request), Object(Closure))
#32 C:\\Users\\User\\Desktop\\ING DAVID VEGA\\FULLSTACK\\MundoNavidenio365\\vendor\\laravel\\framework\\src\\Illuminate\\Session\\Middleware\\StartSession.php(121): Illuminate\\Pipeline\\Pipeline->Illuminate\\Pipeline\\{closure}(Object(Illuminate\\Http\\Request))
#33 C:\\Users\\User\\Desktop\\ING DAVID VEGA\\FULLSTACK\\MundoNavidenio365\\vendor\\laravel\\framework\\src\\Illuminate\\Session\\Middleware\\StartSession.php(64): Illuminate\\Session\\Middleware\\StartSession->handleStatefulRequest(Object(Illuminate\\Http\\Request), Object(Illuminate\\Session\\Store), Object(Closure))
#34 C:\\Users\\User\\Desktop\\ING DAVID VEGA\\FULLSTACK\\MundoNavidenio365\\vendor\\laravel\\framework\\src\\Illuminate\\Pipeline\\Pipeline.php(183): Illuminate\\Session\\Middleware\\StartSession->handle(Object(Illuminate\\Http\\Request), Object(Closure))
#35 C:\\Users\\User\\Desktop\\ING DAVID VEGA\\FULLSTACK\\MundoNavidenio365\\vendor\\laravel\\framework\\src\\Illuminate\\Cookie\\Middleware\\AddQueuedCookiesToResponse.php(37): Illuminate\\Pipeline\\Pipeline->Illuminate\\Pipeline\\{closure}(Object(Illuminate\\Http\\Request))
#36 C:\\Users\\User\\Desktop\\ING DAVID VEGA\\FULLSTACK\\MundoNavidenio365\\vendor\\laravel\\framework\\src\\Illuminate\\Pipeline\\Pipeline.php(183): Illuminate\\Cookie\\Middleware\\AddQueuedCookiesToResponse->handle(Object(Illuminate\\Http\\Request), Object(Closure))
#37 C:\\Users\\User\\Desktop\\ING DAVID VEGA\\FULLSTACK\\MundoNavidenio365\\vendor\\laravel\\framework\\src\\Illuminate\\Cookie\\Middleware\\EncryptCookies.php(67): Illuminate\\Pipeline\\Pipeline->Illuminate\\Pipeline\\{closure}(Object(Illuminate\\Http\\Request))
#38 C:\\Users\\User\\Desktop\\ING DAVID VEGA\\FULLSTACK\\MundoNavidenio365\\vendor\\laravel\\framework\\src\\Illuminate\\Pipeline\\Pipeline.php(183): Illuminate\\Cookie\\Middleware\\EncryptCookies->handle(Object(Illuminate\\Http\\Request), Object(Closure))
#39 C:\\Users\\User\\Desktop\\ING DAVID VEGA\\FULLSTACK\\MundoNavidenio365\\vendor\\laravel\\framework\\src\\Illuminate\\Pipeline\\Pipeline.php(119): Illuminate\\Pipeline\\Pipeline->Illuminate\\Pipeline\\{closure}(Object(Illuminate\\Http\\Request))
#40 C:\\Users\\User\\Desktop\\ING DAVID VEGA\\FULLSTACK\\MundoNavidenio365\\vendor\\laravel\\framework\\src\\Illuminate\\Routing\\Router.php(805): Illuminate\\Pipeline\\Pipeline->then(Object(Closure))
#41 C:\\Users\\User\\Desktop\\ING DAVID VEGA\\FULLSTACK\\MundoNavidenio365\\vendor\\laravel\\framework\\src\\Illuminate\\Routing\\Router.php(784): Illuminate\\Routing\\Router->runRouteWithinStack(Object(Illuminate\\Routing\\Route), Object(Illuminate\\Http\\Request))
#42 C:\\Users\\User\\Desktop\\ING DAVID VEGA\\FULLSTACK\\MundoNavidenio365\\vendor\\laravel\\framework\\src\\Illuminate\\Routing\\Router.php(748): Illuminate\\Routing\\Router->runRoute(Object(Illuminate\\Http\\Request), Object(Illuminate\\Routing\\Route))
#43 C:\\Users\\User\\Desktop\\ING DAVID VEGA\\FULLSTACK\\MundoNavidenio365\\vendor\\laravel\\framework\\src\\Illuminate\\Routing\\Router.php(737): Illuminate\\Routing\\Router->dispatchToRoute(Object(Illuminate\\Http\\Request))
#44 C:\\Users\\User\\Desktop\\ING DAVID VEGA\\FULLSTACK\\MundoNavidenio365\\vendor\\laravel\\framework\\src\\Illuminate\\Foundation\\Http\\Kernel.php(200): Illuminate\\Routing\\Router->dispatch(Object(Illuminate\\Http\\Request))
#45 C:\\Users\\User\\Desktop\\ING DAVID VEGA\\FULLSTACK\\MundoNavidenio365\\vendor\\laravel\\framework\\src\\Illuminate\\Pipeline\\Pipeline.php(144): Illuminate\\Foundation\\Http\\Kernel->Illuminate\\Foundation\\Http\\{closure}(Object(Illuminate\\Http\\Request))
#46 C:\\Users\\User\\Desktop\\ING DAVID VEGA\\FULLSTACK\\MundoNavidenio365\\vendor\\laravel\\framework\\src\\Illuminate\\Foundation\\Http\\Middleware\\TransformsRequest.php(21): Illuminate\\Pipeline\\Pipeline->Illuminate\\Pipeline\\{closure}(Object(Illuminate\\Http\\Request))
#47 C:\\Users\\User\\Desktop\\ING DAVID VEGA\\FULLSTACK\\MundoNavidenio365\\vendor\\laravel\\framework\\src\\Illuminate\\Foundation\\Http\\Middleware\\ConvertEmptyStringsToNull.php(31): Illuminate\\Foundation\\Http\\Middleware\\TransformsRequest->handle(Object(Illuminate\\Http\\Request), Object(Closure))
#48 C:\\Users\\User\\Desktop\\ING DAVID VEGA\\FULLSTACK\\MundoNavidenio365\\vendor\\laravel\\framework\\src\\Illuminate\\Pipeline\\Pipeline.php(183): Illuminate\\Foundation\\Http\\Middleware\\ConvertEmptyStringsToNull->handle(Object(Illuminate\\Http\\Request), Object(Closure))
#49 C:\\Users\\User\\Desktop\\ING DAVID VEGA\\FULLSTACK\\MundoNavidenio365\\vendor\\laravel\\framework\\src\\Illuminate\\Foundation\\Http\\Middleware\\TransformsRequest.php(21): Illuminate\\Pipeline\\Pipeline->Illuminate\\Pipeline\\{closure}(Object(Illuminate\\Http\\Request))
#50 C:\\Users\\User\\Desktop\\ING DAVID VEGA\\FULLSTACK\\MundoNavidenio365\\vendor\\laravel\\framework\\src\\Illuminate\\Foundation\\Http\\Middleware\\TrimStrings.php(40): Illuminate\\Foundation\\Http\\Middleware\\TransformsRequest->handle(Object(Illuminate\\Http\\Request), Object(Closure))
#51 C:\\Users\\User\\Desktop\\ING DAVID VEGA\\FULLSTACK\\MundoNavidenio365\\vendor\\laravel\\framework\\src\\Illuminate\\Pipeline\\Pipeline.php(183): Illuminate\\Foundation\\Http\\Middleware\\TrimStrings->handle(Object(Illuminate\\Http\\Request), Object(Closure))
#52 C:\\Users\\User\\Desktop\\ING DAVID VEGA\\FULLSTACK\\MundoNavidenio365\\vendor\\laravel\\framework\\src\\Illuminate\\Foundation\\Http\\Middleware\\ValidatePostSize.php(27): Illuminate\\Pipeline\\Pipeline->Illuminate\\Pipeline\\{closure}(Object(Illuminate\\Http\\Request))
#53 C:\\Users\\User\\Desktop\\ING DAVID VEGA\\FULLSTACK\\MundoNavidenio365\\vendor\\laravel\\framework\\src\\Illuminate\\Pipeline\\Pipeline.php(183): Illuminate\\Foundation\\Http\\Middleware\\ValidatePostSize->handle(Object(Illuminate\\Http\\Request), Object(Closure))
#54 C:\\Users\\User\\Desktop\\ING DAVID VEGA\\FULLSTACK\\MundoNavidenio365\\vendor\\laravel\\framework\\src\\Illuminate\\Foundation\\Http\\Middleware\\PreventRequestsDuringMaintenance.php(99): Illuminate\\Pipeline\\Pipeline->Illuminate\\Pipeline\\{closure}(Object(Illuminate\\Http\\Request))
#55 C:\\Users\\User\\Desktop\\ING DAVID VEGA\\FULLSTACK\\MundoNavidenio365\\vendor\\laravel\\framework\\src\\Illuminate\\Pipeline\\Pipeline.php(183): Illuminate\\Foundation\\Http\\Middleware\\PreventRequestsDuringMaintenance->handle(Object(Illuminate\\Http\\Request), Object(Closure))
#56 C:\\Users\\User\\Desktop\\ING DAVID VEGA\\FULLSTACK\\MundoNavidenio365\\vendor\\laravel\\framework\\src\\Illuminate\\Http\\Middleware\\HandleCors.php(49): Illuminate\\Pipeline\\Pipeline->Illuminate\\Pipeline\\{closure}(Object(Illuminate\\Http\\Request))
#57 C:\\Users\\User\\Desktop\\ING DAVID VEGA\\FULLSTACK\\MundoNavidenio365\\vendor\\laravel\\framework\\src\\Illuminate\\Pipeline\\Pipeline.php(183): Illuminate\\Http\\Middleware\\HandleCors->handle(Object(Illuminate\\Http\\Request), Object(Closure))
#58 C:\\Users\\User\\Desktop\\ING DAVID VEGA\\FULLSTACK\\MundoNavidenio365\\vendor\\laravel\\framework\\src\\Illuminate\\Http\\Middleware\\TrustProxies.php(39): Illuminate\\Pipeline\\Pipeline->Illuminate\\Pipeline\\{closure}(Object(Illuminate\\Http\\Request))
#59 C:\\Users\\User\\Desktop\\ING DAVID VEGA\\FULLSTACK\\MundoNavidenio365\\vendor\\laravel\\framework\\src\\Illuminate\\Pipeline\\Pipeline.php(183): Illuminate\\Http\\Middleware\\TrustProxies->handle(Object(Illuminate\\Http\\Request), Object(Closure))
#60 C:\\Users\\User\\Desktop\\ING DAVID VEGA\\FULLSTACK\\MundoNavidenio365\\vendor\\laravel\\framework\\src\\Illuminate\\Pipeline\\Pipeline.php(119): Illuminate\\Pipeline\\Pipeline->Illuminate\\Pipeline\\{closure}(Object(Illuminate\\Http\\Request))
#61 C:\\Users\\User\\Desktop\\ING DAVID VEGA\\FULLSTACK\\MundoNavidenio365\\vendor\\laravel\\framework\\src\\Illuminate\\Foundation\\Http\\Kernel.php(175): Illuminate\\Pipeline\\Pipeline->then(Object(Closure))
#62 C:\\Users\\User\\Desktop\\ING DAVID VEGA\\FULLSTACK\\MundoNavidenio365\\vendor\\laravel\\framework\\src\\Illuminate\\Foundation\\Http\\Kernel.php(144): Illuminate\\Foundation\\Http\\Kernel->sendRequestThroughRouter(Object(Illuminate\\Http\\Request))
#63 C:\\Users\\User\\Desktop\\ING DAVID VEGA\\FULLSTACK\\MundoNavidenio365\\public\\index.php(51): Illuminate\\Foundation\\Http\\Kernel->handle(Object(Illuminate\\Http\\Request))
#64 C:\\Users\\User\\Desktop\\ING DAVID VEGA\\FULLSTACK\\MundoNavidenio365\\vendor\\laravel\\framework\\src\\Illuminate\\Foundation\\resources\\server.php(16): require_once('C:\\\\Users\\\\User\\\\D...')
#65 {main}
"} 
[2026-07-25 02:22:32] local.ERROR: SQLSTATE[42S22]: Column not found: 1054 Unknown column 'nc_ref.sri_estado_autorizacion' in 'field list' (Connection: mysql, SQL: select `ventas`.`id`, `ventas`.`fecha`, `ventas`.`estado`, `ventas`.`estab`, `ventas`.`pto_emision`, `ventas`.`secuencial`, `ventas`.`subtotal`, `ventas`.`impuesto_15`, `ventas`.`impuesto_0`, `ventas`.`descuento`, `ventas`.`total`, `clientes`.`nombres` as `cliente_nombres`, `clientes`.`ci_o_ruc` as `cliente_ci_o_ruc`, `nc_ref`.`id` as `nc_id`, `nc_ref`.`estado` as `nc_estado`, `nc_ref`.`sri_estado_autorizacion` as `nc_sri_estado` from `ventas` left join `clientes` on `clientes`.`id` = `ventas`.`cliente_id` left join `notas_credito` as `nc_ref` on `nc_ref`.`venta_id` = `ventas`.`id` where `ventas`.`estado` = autorizado order by `ventas`.`id` desc limit 15 offset 0) {"userId":4,"exception":"[object] (Illuminate\\Database\\QueryException(code: 42S22): SQLSTATE[42S22]: Column not found: 1054 Unknown column 'nc_ref.sri_estado_autorizacion' in 'field list' (Connection: mysql, SQL: select `ventas`.`id`, `ventas`.`fecha`, `ventas`.`estado`, `ventas`.`estab`, `ventas`.`pto_emision`, `ventas`.`secuencial`, `ventas`.`subtotal`, `ventas`.`impuesto_15`, `ventas`.`impuesto_0`, `ventas`.`descuento`, `ventas`.`total`, `clientes`.`nombres` as `cliente_nombres`, `clientes`.`ci_o_ruc` as `cliente_ci_o_ruc`, `nc_ref`.`id` as `nc_id`, `nc_ref`.`estado` as `nc_estado`, `nc_ref`.`sri_estado_autorizacion` as `nc_sri_estado` from `ventas` left join `clientes` on `clientes`.`id` = `ventas`.`cliente_id` left join `notas_credito` as `nc_ref` on `nc_ref`.`venta_id` = `ventas`.`id` where `ventas`.`estado` = autorizado order by `ventas`.`id` desc limit 15 offset 0) at C:\\Users\\User\\Desktop\\ING DAVID VEGA\\FULLSTACK\\MundoNavidenio365\\vendor\\laravel\\framework\\src\\Illuminate\\Database\\Connection.php:829)
[stacktrace]
#0 C:\\Users\\User\\Desktop\\ING DAVID VEGA\\FULLSTACK\\MundoNavidenio365\\vendor\\laravel\\framework\\src\\Illuminate\\Database\\Connection.php(783): Illuminate\\Database\\Connection->runQueryCallback('select `ventas`...', Array, Object(Closure))
#1 C:\\Users\\User\\Desktop\\ING DAVID VEGA\\FULLSTACK\\MundoNavidenio365\\vendor\\laravel\\framework\\src\\Illuminate\\Database\\Connection.php(414): Illuminate\\Database\\Connection->run('select `ventas`...', Array, Object(Closure))
#2 C:\\Users\\User\\Desktop\\ING DAVID VEGA\\FULLSTACK\\MundoNavidenio365\\vendor\\laravel\\framework\\src\\Illuminate\\Database\\Query\\Builder.php(2913): Illuminate\\Database\\Connection->select('select `ventas`...', Array, true)
#3 C:\\Users\\User\\Desktop\\ING DAVID VEGA\\FULLSTACK\\MundoNavidenio365\\vendor\\laravel\\framework\\src\\Illuminate\\Database\\Query\\Builder.php(2902): Illuminate\\Database\\Query\\Builder->runSelect()
#4 C:\\Users\\User\\Desktop\\ING DAVID VEGA\\FULLSTACK\\MundoNavidenio365\\vendor\\laravel\\framework\\src\\Illuminate\\Database\\Query\\Builder.php(3456): Illuminate\\Database\\Query\\Builder->Illuminate\\Database\\Query\\{closure}()
#5 C:\\Users\\User\\Desktop\\ING DAVID VEGA\\FULLSTACK\\MundoNavidenio365\\vendor\\laravel\\framework\\src\\Illuminate\\Database\\Query\\Builder.php(2901): Illuminate\\Database\\Query\\Builder->onceWithColumns(Array, Object(Closure))
#6 C:\\Users\\User\\Desktop\\ING DAVID VEGA\\FULLSTACK\\MundoNavidenio365\\vendor\\laravel\\framework\\src\\Illuminate\\Database\\Query\\Builder.php(2936): Illuminate\\Database\\Query\\Builder->get(Array)
#7 C:\\Users\\User\\Desktop\\ING DAVID VEGA\\FULLSTACK\\MundoNavidenio365\\app\\Http\\Controllers\\Admin\\NotasCreditoController.php(245): Illuminate\\Database\\Query\\Builder->paginate(15)
#8 C:\\Users\\User\\Desktop\\ING DAVID VEGA\\FULLSTACK\\MundoNavidenio365\\vendor\\laravel\\framework\\src\\Illuminate\\Routing\\Controller.php(54): App\\Http\\Controllers\\Admin\\NotasCreditoController->facturasIndex(Object(Illuminate\\Http\\Request))
#9 C:\\Users\\User\\Desktop\\ING DAVID VEGA\\FULLSTACK\\MundoNavidenio365\\vendor\\laravel\\framework\\src\\Illuminate\\Routing\\ControllerDispatcher.php(43): Illuminate\\Routing\\Controller->callAction('facturasIndex', Array)
#10 C:\\Users\\User\\Desktop\\ING DAVID VEGA\\FULLSTACK\\MundoNavidenio365\\vendor\\laravel\\framework\\src\\Illuminate\\Routing\\Route.php(259): Illuminate\\Routing\\ControllerDispatcher->dispatch(Object(Illuminate\\Routing\\Route), Object(App\\Http\\Controllers\\Admin\\NotasCreditoController), 'facturasIndex')
#11 C:\\Users\\User\\Desktop\\ING DAVID VEGA\\FULLSTACK\\MundoNavidenio365\\vendor\\laravel\\framework\\src\\Illuminate\\Routing\\Route.php(205): Illuminate\\Routing\\Route->runController()
#12 C:\\Users\\User\\Desktop\\ING DAVID VEGA\\FULLSTACK\\MundoNavidenio365\\vendor\\laravel\\framework\\src\\Illuminate\\Routing\\Router.php(806): Illuminate\\Routing\\Route->run()
#13 C:\\Users\\User\\Desktop\\ING DAVID VEGA\\FULLSTACK\\MundoNavidenio365\\vendor\\laravel\\framework\\src\\Illuminate\\Pipeline\\Pipeline.php(144): Illuminate\\Routing\\Router->Illuminate\\Routing\\{closure}(Object(Illuminate\\Http\\Request))
#14 C:\\Users\\User\\Desktop\\ING DAVID VEGA\\FULLSTACK\\MundoNavidenio365\\app\\Http\\Middleware\\RoleMiddleware.php(16): Illuminate\\Pipeline\\Pipeline->Illuminate\\Pipeline\\{closure}(Object(Illuminate\\Http\\Request))
#15 C:\\Users\\User\\Desktop\\ING DAVID VEGA\\FULLSTACK\\MundoNavidenio365\\vendor\\laravel\\framework\\src\\Illuminate\\Pipeline\\Pipeline.php(183): App\\Http\\Middleware\\RoleMiddleware->handle(Object(Illuminate\\Http\\Request), Object(Closure), 'Administrador')
#16 C:\\Users\\User\\Desktop\\ING DAVID VEGA\\FULLSTACK\\MundoNavidenio365\\vendor\\laravel\\framework\\src\\Illuminate\\Auth\\Middleware\\EnsureEmailIsVerified.php(41): Illuminate\\Pipeline\\Pipeline->Illuminate\\Pipeline\\{closure}(Object(Illuminate\\Http\\Request))
#17 C:\\Users\\User\\Desktop\\ING DAVID VEGA\\FULLSTACK\\MundoNavidenio365\\vendor\\laravel\\framework\\src\\Illuminate\\Pipeline\\Pipeline.php(183): Illuminate\\Auth\\Middleware\\EnsureEmailIsVerified->handle(Object(Illuminate\\Http\\Request), Object(Closure))
#18 C:\\Users\\User\\Desktop\\ING DAVID VEGA\\FULLSTACK\\MundoNavidenio365\\vendor\\laravel\\framework\\src\\Illuminate\\Http\\Middleware\\AddLinkHeadersForPreloadedAssets.php(20): Illuminate\\Pipeline\\Pipeline->Illuminate\\Pipeline\\{closure}(Object(Illuminate\\Http\\Request))
#19 C:\\Users\\User\\Desktop\\ING DAVID VEGA\\FULLSTACK\\MundoNavidenio365\\vendor\\laravel\\framework\\src\\Illuminate\\Pipeline\\Pipeline.php(183): Illuminate\\Http\\Middleware\\AddLinkHeadersForPreloadedAssets->handle(Object(Illuminate\\Http\\Request), Object(Closure))
#20 C:\\Users\\User\\Desktop\\ING DAVID VEGA\\FULLSTACK\\MundoNavidenio365\\vendor\\inertiajs\\inertia-laravel\\src\\Middleware.php(87): Illuminate\\Pipeline\\Pipeline->Illuminate\\Pipeline\\{closure}(Object(Illuminate\\Http\\Request))
#21 C:\\Users\\User\\Desktop\\ING DAVID VEGA\\FULLSTACK\\MundoNavidenio365\\vendor\\laravel\\framework\\src\\Illuminate\\Pipeline\\Pipeline.php(183): Inertia\\Middleware->handle(Object(Illuminate\\Http\\Request), Object(Closure))
#22 C:\\Users\\User\\Desktop\\ING DAVID VEGA\\FULLSTACK\\MundoNavidenio365\\vendor\\laravel\\framework\\src\\Illuminate\\Routing\\Middleware\\SubstituteBindings.php(50): Illuminate\\Pipeline\\Pipeline->Illuminate\\Pipeline\\{closure}(Object(Illuminate\\Http\\Request))
#23 C:\\Users\\User\\Desktop\\ING DAVID VEGA\\FULLSTACK\\MundoNavidenio365\\vendor\\laravel\\framework\\src\\Illuminate\\Pipeline\\Pipeline.php(183): Illuminate\\Routing\\Middleware\\SubstituteBindings->handle(Object(Illuminate\\Http\\Request), Object(Closure))
#24 C:\\Users\\User\\Desktop\\ING DAVID VEGA\\FULLSTACK\\MundoNavidenio365\\vendor\\laravel\\framework\\src\\Illuminate\\Auth\\Middleware\\Authenticate.php(57): Illuminate\\Pipeline\\Pipeline->Illuminate\\Pipeline\\{closure}(Object(Illuminate\\Http\\Request))
#25 C:\\Users\\User\\Desktop\\ING DAVID VEGA\\FULLSTACK\\MundoNavidenio365\\vendor\\laravel\\framework\\src\\Illuminate\\Pipeline\\Pipeline.php(183): Illuminate\\Auth\\Middleware\\Authenticate->handle(Object(Illuminate\\Http\\Request), Object(Closure))
#26 C:\\Users\\User\\Desktop\\ING DAVID VEGA\\FULLSTACK\\MundoNavidenio365\\vendor\\laravel\\framework\\src\\Illuminate\\Foundation\\Http\\Middleware\\VerifyCsrfToken.php(78): Illuminate\\Pipeline\\Pipeline->Illuminate\\Pipeline\\{closure}(Object(Illuminate\\Http\\Request))
#27 C:\\Users\\User\\Desktop\\ING DAVID VEGA\\FULLSTACK\\MundoNavidenio365\\vendor\\laravel\\framework\\src\\Illuminate\\Pipeline\\Pipeline.php(183): Illuminate\\Foundation\\Http\\Middleware\\VerifyCsrfToken->handle(Object(Illuminate\\Http\\Request), Object(Closure))
#28 C:\\Users\\User\\Desktop\\ING DAVID VEGA\\FULLSTACK\\MundoNavidenio365\\vendor\\laravel\\framework\\src\\Illuminate\\View\\Middleware\\ShareErrorsFromSession.php(49): Illuminate\\Pipeline\\Pipeline->Illuminate\\Pipeline\\{closure}(Object(Illuminate\\Http\\Request))
#29 C:\\Users\\User\\Desktop\\ING DAVID VEGA\\FULLSTACK\\MundoNavidenio365\\vendor\\laravel\\framework\\src\\Illuminate\\Pipeline\\Pipeline.php(183): Illuminate\\View\\Middleware\\ShareErrorsFromSession->handle(Object(Illuminate\\Http\\Request), Object(Closure))
#30 C:\\Users\\User\\Desktop\\ING DAVID VEGA\\FULLSTACK\\MundoNavidenio365\\vendor\\laravel\\framework\\src\\Illuminate\\Session\\Middleware\\StartSession.php(121): Illuminate\\Pipeline\\Pipeline->Illuminate\\Pipeline\\{closure}(Object(Illuminate\\Http\\Request))
#31 C:\\Users\\User\\Desktop\\ING DAVID VEGA\\FULLSTACK\\MundoNavidenio365\\vendor\\laravel\\framework\\src\\Illuminate\\Session\\Middleware\\StartSession.php(64): Illuminate\\Session\\Middleware\\StartSession->handleStatefulRequest(Object(Illuminate\\Http\\Request), Object(Illuminate\\Session\\Store), Object(Closure))
#32 C:\\Users\\User\\Desktop\\ING DAVID VEGA\\FULLSTACK\\MundoNavidenio365\\vendor\\laravel\\framework\\src\\Illuminate\\Pipeline\\Pipeline.php(183): Illuminate\\Session\\Middleware\\StartSession->handle(Object(Illuminate\\Http\\Request), Object(Closure))
#33 C:\\Users\\User\\Desktop\\ING DAVID VEGA\\FULLSTACK\\MundoNavidenio365\\vendor\\laravel\\framework\\src\\Illuminate\\Cookie\\Middleware\\AddQueuedCookiesToResponse.php(37): Illuminate\\Pipeline\\Pipeline->Illuminate\\Pipeline\\{closure}(Object(Illuminate\\Http\\Request))
#34 C:\\Users\\User\\Desktop\\ING DAVID VEGA\\FULLSTACK\\MundoNavidenio365\\vendor\\laravel\\framework\\src\\Illuminate\\Pipeline\\Pipeline.php(183): Illuminate\\Cookie\\Middleware\\AddQueuedCookiesToResponse->handle(Object(Illuminate\\Http\\Request), Object(Closure))
#35 C:\\Users\\User\\Desktop\\ING DAVID VEGA\\FULLSTACK\\MundoNavidenio365\\vendor\\laravel\\framework\\src\\Illuminate\\Cookie\\Middleware\\EncryptCookies.php(67): Illuminate\\Pipeline\\Pipeline->Illuminate\\Pipeline\\{closure}(Object(Illuminate\\Http\\Request))
#36 C:\\Users\\User\\Desktop\\ING DAVID VEGA\\FULLSTACK\\MundoNavidenio365\\vendor\\laravel\\framework\\src\\Illuminate\\Pipeline\\Pipeline.php(183): Illuminate\\Cookie\\Middleware\\EncryptCookies->handle(Object(Illuminate\\Http\\Request), Object(Closure))
#37 C:\\Users\\User\\Desktop\\ING DAVID VEGA\\FULLSTACK\\MundoNavidenio365\\vendor\\laravel\\framework\\src\\Illuminate\\Pipeline\\Pipeline.php(119): Illuminate\\Pipeline\\Pipeline->Illuminate\\Pipeline\\{closure}(Object(Illuminate\\Http\\Request))
#38 C:\\Users\\User\\Desktop\\ING DAVID VEGA\\FULLSTACK\\MundoNavidenio365\\vendor\\laravel\\framework\\src\\Illuminate\\Routing\\Router.php(805): Illuminate\\Pipeline\\Pipeline->then(Object(Closure))
#39 C:\\Users\\User\\Desktop\\ING DAVID VEGA\\FULLSTACK\\MundoNavidenio365\\vendor\\laravel\\framework\\src\\Illuminate\\Routing\\Router.php(784): Illuminate\\Routing\\Router->runRouteWithinStack(Object(Illuminate\\Routing\\Route), Object(Illuminate\\Http\\Request))
#40 C:\\Users\\User\\Desktop\\ING DAVID VEGA\\FULLSTACK\\MundoNavidenio365\\vendor\\laravel\\framework\\src\\Illuminate\\Routing\\Router.php(748): Illuminate\\Routing\\Router->runRoute(Object(Illuminate\\Http\\Request), Object(Illuminate\\Routing\\Route))
#41 C:\\Users\\User\\Desktop\\ING DAVID VEGA\\FULLSTACK\\MundoNavidenio365\\vendor\\laravel\\framework\\src\\Illuminate\\Routing\\Router.php(737): Illuminate\\Routing\\Router->dispatchToRoute(Object(Illuminate\\Http\\Request))
#42 C:\\Users\\User\\Desktop\\ING DAVID VEGA\\FULLSTACK\\MundoNavidenio365\\vendor\\laravel\\framework\\src\\Illuminate\\Foundation\\Http\\Kernel.php(200): Illuminate\\Routing\\Router->dispatch(Object(Illuminate\\Http\\Request))
#43 C:\\Users\\User\\Desktop\\ING DAVID VEGA\\FULLSTACK\\MundoNavidenio365\\vendor\\laravel\\framework\\src\\Illuminate\\Pipeline\\Pipeline.php(144): Illuminate\\Foundation\\Http\\Kernel->Illuminate\\Foundation\\Http\\{closure}(Object(Illuminate\\Http\\Request))
#44 C:\\Users\\User\\Desktop\\ING DAVID VEGA\\FULLSTACK\\MundoNavidenio365\\vendor\\laravel\\framework\\src\\Illuminate\\Foundation\\Http\\Middleware\\TransformsRequest.php(21): Illuminate\\Pipeline\\Pipeline->Illuminate\\Pipeline\\{closure}(Object(Illuminate\\Http\\Request))
#45 C:\\Users\\User\\Desktop\\ING DAVID VEGA\\FULLSTACK\\MundoNavidenio365\\vendor\\laravel\\framework\\src\\Illuminate\\Foundation\\Http\\Middleware\\ConvertEmptyStringsToNull.php(31): Illuminate\\Foundation\\Http\\Middleware\\TransformsRequest->handle(Object(Illuminate\\Http\\Request), Object(Closure))
#46 C:\\Users\\User\\Desktop\\ING DAVID VEGA\\FULLSTACK\\MundoNavidenio365\\vendor\\laravel\\framework\\src\\Illuminate\\Pipeline\\Pipeline.php(183): Illuminate\\Foundation\\Http\\Middleware\\ConvertEmptyStringsToNull->handle(Object(Illuminate\\Http\\Request), Object(Closure))
#47 C:\\Users\\User\\Desktop\\ING DAVID VEGA\\FULLSTACK\\MundoNavidenio365\\vendor\\laravel\\framework\\src\\Illuminate\\Foundation\\Http\\Middleware\\TransformsRequest.php(21): Illuminate\\Pipeline\\Pipeline->Illuminate\\Pipeline\\{closure}(Object(Illuminate\\Http\\Request))
#48 C:\\Users\\User\\Desktop\\ING DAVID VEGA\\FULLSTACK\\MundoNavidenio365\\vendor\\laravel\\framework\\src\\Illuminate\\Foundation\\Http\\Middleware\\TrimStrings.php(40): Illuminate\\Foundation\\Http\\Middleware\\TransformsRequest->handle(Object(Illuminate\\Http\\Request), Object(Closure))
#49 C:\\Users\\User\\Desktop\\ING DAVID VEGA\\FULLSTACK\\MundoNavidenio365\\vendor\\laravel\\framework\\src\\Illuminate\\Pipeline\\Pipeline.php(183): Illuminate\\Foundation\\Http\\Middleware\\TrimStrings->handle(Object(Illuminate\\Http\\Request), Object(Closure))
#50 C:\\Users\\User\\Desktop\\ING DAVID VEGA\\FULLSTACK\\MundoNavidenio365\\vendor\\laravel\\framework\\src\\Illuminate\\Foundation\\Http\\Middleware\\ValidatePostSize.php(27): Illuminate\\Pipeline\\Pipeline->Illuminate\\Pipeline\\{closure}(Object(Illuminate\\Http\\Request))
#51 C:\\Users\\User\\Desktop\\ING DAVID VEGA\\FULLSTACK\\MundoNavidenio365\\vendor\\laravel\\framework\\src\\Illuminate\\Pipeline\\Pipeline.php(183): Illuminate\\Foundation\\Http\\Middleware\\ValidatePostSize->handle(Object(Illuminate\\Http\\Request), Object(Closure))
#52 C:\\Users\\User\\Desktop\\ING DAVID VEGA\\FULLSTACK\\MundoNavidenio365\\vendor\\laravel\\framework\\src\\Illuminate\\Foundation\\Http\\Middleware\\PreventRequestsDuringMaintenance.php(99): Illuminate\\Pipeline\\Pipeline->Illuminate\\Pipeline\\{closure}(Object(Illuminate\\Http\\Request))
#53 C:\\Users\\User\\Desktop\\ING DAVID VEGA\\FULLSTACK\\MundoNavidenio365\\vendor\\laravel\\framework\\src\\Illuminate\\Pipeline\\Pipeline.php(183): Illuminate\\Foundation\\Http\\Middleware\\PreventRequestsDuringMaintenance->handle(Object(Illuminate\\Http\\Request), Object(Closure))
#54 C:\\Users\\User\\Desktop\\ING DAVID VEGA\\FULLSTACK\\MundoNavidenio365\\vendor\\laravel\\framework\\src\\Illuminate\\Http\\Middleware\\HandleCors.php(49): Illuminate\\Pipeline\\Pipeline->Illuminate\\Pipeline\\{closure}(Object(Illuminate\\Http\\Request))
#55 C:\\Users\\User\\Desktop\\ING DAVID VEGA\\FULLSTACK\\MundoNavidenio365\\vendor\\laravel\\framework\\src\\Illuminate\\Pipeline\\Pipeline.php(183): Illuminate\\Http\\Middleware\\HandleCors->handle(Object(Illuminate\\Http\\Request), Object(Closure))
#56 C:\\Users\\User\\Desktop\\ING DAVID VEGA\\FULLSTACK\\MundoNavidenio365\\vendor\\laravel\\framework\\src\\Illuminate\\Http\\Middleware\\TrustProxies.php(39): Illuminate\\Pipeline\\Pipeline->Illuminate\\Pipeline\\{closure}(Object(Illuminate\\Http\\Request))
#57 C:\\Users\\User\\Desktop\\ING DAVID VEGA\\FULLSTACK\\MundoNavidenio365\\vendor\\laravel\\framework\\src\\Illuminate\\Pipeline\\Pipeline.php(183): Illuminate\\Http\\Middleware\\TrustProxies->handle(Object(Illuminate\\Http\\Request), Object(Closure))
#58 C:\\Users\\User\\Desktop\\ING DAVID VEGA\\FULLSTACK\\MundoNavidenio365\\vendor\\laravel\\framework\\src\\Illuminate\\Pipeline\\Pipeline.php(119): Illuminate\\Pipeline\\Pipeline->Illuminate\\Pipeline\\{closure}(Object(Illuminate\\Http\\Request))
#59 C:\\Users\\User\\Desktop\\ING DAVID VEGA\\FULLSTACK\\MundoNavidenio365\\vendor\\laravel\\framework\\src\\Illuminate\\Foundation\\Http\\Kernel.php(175): Illuminate\\Pipeline\\Pipeline->then(Object(Closure))
#60 C:\\Users\\User\\Desktop\\ING DAVID VEGA\\FULLSTACK\\MundoNavidenio365\\vendor\\laravel\\framework\\src\\Illuminate\\Foundation\\Http\\Kernel.php(144): Illuminate\\Foundation\\Http\\Kernel->sendRequestThroughRouter(Object(Illuminate\\Http\\Request))
#61 C:\\Users\\User\\Desktop\\ING DAVID VEGA\\FULLSTACK\\MundoNavidenio365\\public\\index.php(51): Illuminate\\Foundation\\Http\\Kernel->handle(Object(Illuminate\\Http\\Request))
#62 C:\\Users\\User\\Desktop\\ING DAVID VEGA\\FULLSTACK\\MundoNavidenio365\\vendor\\laravel\\framework\\src\\Illuminate\\Foundation\\resources\\server.php(16): require_once('C:\\\\Users\\\\User\\\\D...')
#63 {main}

[previous exception] [object] (PDOException(code: 42S22): SQLSTATE[42S22]: Column not found: 1054 Unknown column 'nc_ref.sri_estado_autorizacion' in 'field list' at C:\\Users\\User\\Desktop\\ING DAVID VEGA\\FULLSTACK\\MundoNavidenio365\\vendor\\laravel\\framework\\src\\Illuminate\\Database\\Connection.php:423)
[stacktrace]
#0 C:\\Users\\User\\Desktop\\ING DAVID VEGA\\FULLSTACK\\MundoNavidenio365\\vendor\\laravel\\framework\\src\\Illuminate\\Database\\Connection.php(423): PDO->prepare('select `ventas`...')
#1 C:\\Users\\User\\Desktop\\ING DAVID VEGA\\FULLSTACK\\MundoNavidenio365\\vendor\\laravel\\framework\\src\\Illuminate\\Database\\Connection.php(816): Illuminate\\Database\\Connection->Illuminate\\Database\\{closure}('select `ventas`...', Array)
#2 C:\\Users\\User\\Desktop\\ING DAVID VEGA\\FULLSTACK\\MundoNavidenio365\\vendor\\laravel\\framework\\src\\Illuminate\\Database\\Connection.php(783): Illuminate\\Database\\Connection->runQueryCallback('select `ventas`...', Array, Object(Closure))
#3 C:\\Users\\User\\Desktop\\ING DAVID VEGA\\FULLSTACK\\MundoNavidenio365\\vendor\\laravel\\framework\\src\\Illuminate\\Database\\Connection.php(414): Illuminate\\Database\\Connection->run('select `ventas`...', Array, Object(Closure))
#4 C:\\Users\\User\\Desktop\\ING DAVID VEGA\\FULLSTACK\\MundoNavidenio365\\vendor\\laravel\\framework\\src\\Illuminate\\Database\\Query\\Builder.php(2913): Illuminate\\Database\\Connection->select('select `ventas`...', Array, true)
#5 C:\\Users\\User\\Desktop\\ING DAVID VEGA\\FULLSTACK\\MundoNavidenio365\\vendor\\laravel\\framework\\src\\Illuminate\\Database\\Query\\Builder.php(2902): Illuminate\\Database\\Query\\Builder->runSelect()
#6 C:\\Users\\User\\Desktop\\ING DAVID VEGA\\FULLSTACK\\MundoNavidenio365\\vendor\\laravel\\framework\\src\\Illuminate\\Database\\Query\\Builder.php(3456): Illuminate\\Database\\Query\\Builder->Illuminate\\Database\\Query\\{closure}()
#7 C:\\Users\\User\\Desktop\\ING DAVID VEGA\\FULLSTACK\\MundoNavidenio365\\vendor\\laravel\\framework\\src\\Illuminate\\Database\\Query\\Builder.php(2901): Illuminate\\Database\\Query\\Builder->onceWithColumns(Array, Object(Closure))
#8 C:\\Users\\User\\Desktop\\ING DAVID VEGA\\FULLSTACK\\MundoNavidenio365\\vendor\\laravel\\framework\\src\\Illuminate\\Database\\Query\\Builder.php(2936): Illuminate\\Database\\Query\\Builder->get(Array)
#9 C:\\Users\\User\\Desktop\\ING DAVID VEGA\\FULLSTACK\\MundoNavidenio365\\app\\Http\\Controllers\\Admin\\NotasCreditoController.php(245): Illuminate\\Database\\Query\\Builder->paginate(15)
#10 C:\\Users\\User\\Desktop\\ING DAVID VEGA\\FULLSTACK\\MundoNavidenio365\\vendor\\laravel\\framework\\src\\Illuminate\\Routing\\Controller.php(54): App\\Http\\Controllers\\Admin\\NotasCreditoController->facturasIndex(Object(Illuminate\\Http\\Request))
#11 C:\\Users\\User\\Desktop\\ING DAVID VEGA\\FULLSTACK\\MundoNavidenio365\\vendor\\laravel\\framework\\src\\Illuminate\\Routing\\ControllerDispatcher.php(43): Illuminate\\Routing\\Controller->callAction('facturasIndex', Array)
#12 C:\\Users\\User\\Desktop\\ING DAVID VEGA\\FULLSTACK\\MundoNavidenio365\\vendor\\laravel\\framework\\src\\Illuminate\\Routing\\Route.php(259): Illuminate\\Routing\\ControllerDispatcher->dispatch(Object(Illuminate\\Routing\\Route), Object(App\\Http\\Controllers\\Admin\\NotasCreditoController), 'facturasIndex')
#13 C:\\Users\\User\\Desktop\\ING DAVID VEGA\\FULLSTACK\\MundoNavidenio365\\vendor\\laravel\\framework\\src\\Illuminate\\Routing\\Route.php(205): Illuminate\\Routing\\Route->runController()
#14 C:\\Users\\User\\Desktop\\ING DAVID VEGA\\FULLSTACK\\MundoNavidenio365\\vendor\\laravel\\framework\\src\\Illuminate\\Routing\\Router.php(806): Illuminate\\Routing\\Route->run()
#15 C:\\Users\\User\\Desktop\\ING DAVID VEGA\\FULLSTACK\\MundoNavidenio365\\vendor\\laravel\\framework\\src\\Illuminate\\Pipeline\\Pipeline.php(144): Illuminate\\Routing\\Router->Illuminate\\Routing\\{closure}(Object(Illuminate\\Http\\Request))
#16 C:\\Users\\User\\Desktop\\ING DAVID VEGA\\FULLSTACK\\MundoNavidenio365\\app\\Http\\Middleware\\RoleMiddleware.php(16): Illuminate\\Pipeline\\Pipeline->Illuminate\\Pipeline\\{closure}(Object(Illuminate\\Http\\Request))
#17 C:\\Users\\User\\Desktop\\ING DAVID VEGA\\FULLSTACK\\MundoNavidenio365\\vendor\\laravel\\framework\\src\\Illuminate\\Pipeline\\Pipeline.php(183): App\\Http\\Middleware\\RoleMiddleware->handle(Object(Illuminate\\Http\\Request), Object(Closure), 'Administrador')
#18 C:\\Users\\User\\Desktop\\ING DAVID VEGA\\FULLSTACK\\MundoNavidenio365\\vendor\\laravel\\framework\\src\\Illuminate\\Auth\\Middleware\\EnsureEmailIsVerified.php(41): Illuminate\\Pipeline\\Pipeline->Illuminate\\Pipeline\\{closure}(Object(Illuminate\\Http\\Request))
#19 C:\\Users\\User\\Desktop\\ING DAVID VEGA\\FULLSTACK\\MundoNavidenio365\\vendor\\laravel\\framework\\src\\Illuminate\\Pipeline\\Pipeline.php(183): Illuminate\\Auth\\Middleware\\EnsureEmailIsVerified->handle(Object(Illuminate\\Http\\Request), Object(Closure))
#20 C:\\Users\\User\\Desktop\\ING DAVID VEGA\\FULLSTACK\\MundoNavidenio365\\vendor\\laravel\\framework\\src\\Illuminate\\Http\\Middleware\\AddLinkHeadersForPreloadedAssets.php(20): Illuminate\\Pipeline\\Pipeline->Illuminate\\Pipeline\\{closure}(Object(Illuminate\\Http\\Request))
#21 C:\\Users\\User\\Desktop\\ING DAVID VEGA\\FULLSTACK\\MundoNavidenio365\\vendor\\laravel\\framework\\src\\Illuminate\\Pipeline\\Pipeline.php(183): Illuminate\\Http\\Middleware\\AddLinkHeadersForPreloadedAssets->handle(Object(Illuminate\\Http\\Request), Object(Closure))
#22 C:\\Users\\User\\Desktop\\ING DAVID VEGA\\FULLSTACK\\MundoNavidenio365\\vendor\\inertiajs\\inertia-laravel\\src\\Middleware.php(87): Illuminate\\Pipeline\\Pipeline->Illuminate\\Pipeline\\{closure}(Object(Illuminate\\Http\\Request))
#23 C:\\Users\\User\\Desktop\\ING DAVID VEGA\\FULLSTACK\\MundoNavidenio365\\vendor\\laravel\\framework\\src\\Illuminate\\Pipeline\\Pipeline.php(183): Inertia\\Middleware->handle(Object(Illuminate\\Http\\Request), Object(Closure))
#24 C:\\Users\\User\\Desktop\\ING DAVID VEGA\\FULLSTACK\\MundoNavidenio365\\vendor\\laravel\\framework\\src\\Illuminate\\Routing\\Middleware\\SubstituteBindings.php(50): Illuminate\\Pipeline\\Pipeline->Illuminate\\Pipeline\\{closure}(Object(Illuminate\\Http\\Request))
#25 C:\\Users\\User\\Desktop\\ING DAVID VEGA\\FULLSTACK\\MundoNavidenio365\\vendor\\laravel\\framework\\src\\Illuminate\\Pipeline\\Pipeline.php(183): Illuminate\\Routing\\Middleware\\SubstituteBindings->handle(Object(Illuminate\\Http\\Request), Object(Closure))
#26 C:\\Users\\User\\Desktop\\ING DAVID VEGA\\FULLSTACK\\MundoNavidenio365\\vendor\\laravel\\framework\\src\\Illuminate\\Auth\\Middleware\\Authenticate.php(57): Illuminate\\Pipeline\\Pipeline->Illuminate\\Pipeline\\{closure}(Object(Illuminate\\Http\\Request))
#27 C:\\Users\\User\\Desktop\\ING DAVID VEGA\\FULLSTACK\\MundoNavidenio365\\vendor\\laravel\\framework\\src\\Illuminate\\Pipeline\\Pipeline.php(183): Illuminate\\Auth\\Middleware\\Authenticate->handle(Object(Illuminate\\Http\\Request), Object(Closure))
#28 C:\\Users\\User\\Desktop\\ING DAVID VEGA\\FULLSTACK\\MundoNavidenio365\\vendor\\laravel\\framework\\src\\Illuminate\\Foundation\\Http\\Middleware\\VerifyCsrfToken.php(78): Illuminate\\Pipeline\\Pipeline->Illuminate\\Pipeline\\{closure}(Object(Illuminate\\Http\\Request))
#29 C:\\Users\\User\\Desktop\\ING DAVID VEGA\\FULLSTACK\\MundoNavidenio365\\vendor\\laravel\\framework\\src\\Illuminate\\Pipeline\\Pipeline.php(183): Illuminate\\Foundation\\Http\\Middleware\\VerifyCsrfToken->handle(Object(Illuminate\\Http\\Request), Object(Closure))
#30 C:\\Users\\User\\Desktop\\ING DAVID VEGA\\FULLSTACK\\MundoNavidenio365\\vendor\\laravel\\framework\\src\\Illuminate\\View\\Middleware\\ShareErrorsFromSession.php(49): Illuminate\\Pipeline\\Pipeline->Illuminate\\Pipeline\\{closure}(Object(Illuminate\\Http\\Request))
#31 C:\\Users\\User\\Desktop\\ING DAVID VEGA\\FULLSTACK\\MundoNavidenio365\\vendor\\laravel\\framework\\src\\Illuminate\\Pipeline\\Pipeline.php(183): Illuminate\\View\\Middleware\\ShareErrorsFromSession->handle(Object(Illuminate\\Http\\Request), Object(Closure))
#32 C:\\Users\\User\\Desktop\\ING DAVID VEGA\\FULLSTACK\\MundoNavidenio365\\vendor\\laravel\\framework\\src\\Illuminate\\Session\\Middleware\\StartSession.php(121): Illuminate\\Pipeline\\Pipeline->Illuminate\\Pipeline\\{closure}(Object(Illuminate\\Http\\Request))
#33 C:\\Users\\User\\Desktop\\ING DAVID VEGA\\FULLSTACK\\MundoNavidenio365\\vendor\\laravel\\framework\\src\\Illuminate\\Session\\Middleware\\StartSession.php(64): Illuminate\\Session\\Middleware\\StartSession->handleStatefulRequest(Object(Illuminate\\Http\\Request), Object(Illuminate\\Session\\Store), Object(Closure))
#34 C:\\Users\\User\\Desktop\\ING DAVID VEGA\\FULLSTACK\\MundoNavidenio365\\vendor\\laravel\\framework\\src\\Illuminate\\Pipeline\\Pipeline.php(183): Illuminate\\Session\\Middleware\\StartSession->handle(Object(Illuminate\\Http\\Request), Object(Closure))
#35 C:\\Users\\User\\Desktop\\ING DAVID VEGA\\FULLSTACK\\MundoNavidenio365\\vendor\\laravel\\framework\\src\\Illuminate\\Cookie\\Middleware\\AddQueuedCookiesToResponse.php(37): Illuminate\\Pipeline\\Pipeline->Illuminate\\Pipeline\\{closure}(Object(Illuminate\\Http\\Request))
#36 C:\\Users\\User\\Desktop\\ING DAVID VEGA\\FULLSTACK\\MundoNavidenio365\\vendor\\laravel\\framework\\src\\Illuminate\\Pipeline\\Pipeline.php(183): Illuminate\\Cookie\\Middleware\\AddQueuedCookiesToResponse->handle(Object(Illuminate\\Http\\Request), Object(Closure))
#37 C:\\Users\\User\\Desktop\\ING DAVID VEGA\\FULLSTACK\\MundoNavidenio365\\vendor\\laravel\\framework\\src\\Illuminate\\Cookie\\Middleware\\EncryptCookies.php(67): Illuminate\\Pipeline\\Pipeline->Illuminate\\Pipeline\\{closure}(Object(Illuminate\\Http\\Request))
#38 C:\\Users\\User\\Desktop\\ING DAVID VEGA\\FULLSTACK\\MundoNavidenio365\\vendor\\laravel\\framework\\src\\Illuminate\\Pipeline\\Pipeline.php(183): Illuminate\\Cookie\\Middleware\\EncryptCookies->handle(Object(Illuminate\\Http\\Request), Object(Closure))
#39 C:\\Users\\User\\Desktop\\ING DAVID VEGA\\FULLSTACK\\MundoNavidenio365\\vendor\\laravel\\framework\\src\\Illuminate\\Pipeline\\Pipeline.php(119): Illuminate\\Pipeline\\Pipeline->Illuminate\\Pipeline\\{closure}(Object(Illuminate\\Http\\Request))
#40 C:\\Users\\User\\Desktop\\ING DAVID VEGA\\FULLSTACK\\MundoNavidenio365\\vendor\\laravel\\framework\\src\\Illuminate\\Routing\\Router.php(805): Illuminate\\Pipeline\\Pipeline->then(Object(Closure))
#41 C:\\Users\\User\\Desktop\\ING DAVID VEGA\\FULLSTACK\\MundoNavidenio365\\vendor\\laravel\\framework\\src\\Illuminate\\Routing\\Router.php(784): Illuminate\\Routing\\Router->runRouteWithinStack(Object(Illuminate\\Routing\\Route), Object(Illuminate\\Http\\Request))
#42 C:\\Users\\User\\Desktop\\ING DAVID VEGA\\FULLSTACK\\MundoNavidenio365\\vendor\\laravel\\framework\\src\\Illuminate\\Routing\\Router.php(748): Illuminate\\Routing\\Router->runRoute(Object(Illuminate\\Http\\Request), Object(Illuminate\\Routing\\Route))
#43 C:\\Users\\User\\Desktop\\ING DAVID VEGA\\FULLSTACK\\MundoNavidenio365\\vendor\\laravel\\framework\\src\\Illuminate\\Routing\\Router.php(737): Illuminate\\Routing\\Router->dispatchToRoute(Object(Illuminate\\Http\\Request))
#44 C:\\Users\\User\\Desktop\\ING DAVID VEGA\\FULLSTACK\\MundoNavidenio365\\vendor\\laravel\\framework\\src\\Illuminate\\Foundation\\Http\\Kernel.php(200): Illuminate\\Routing\\Router->dispatch(Object(Illuminate\\Http\\Request))
#45 C:\\Users\\User\\Desktop\\ING DAVID VEGA\\FULLSTACK\\MundoNavidenio365\\vendor\\laravel\\framework\\src\\Illuminate\\Pipeline\\Pipeline.php(144): Illuminate\\Foundation\\Http\\Kernel->Illuminate\\Foundation\\Http\\{closure}(Object(Illuminate\\Http\\Request))
#46 C:\\Users\\User\\Desktop\\ING DAVID VEGA\\FULLSTACK\\MundoNavidenio365\\vendor\\laravel\\framework\\src\\Illuminate\\Foundation\\Http\\Middleware\\TransformsRequest.php(21): Illuminate\\Pipeline\\Pipeline->Illuminate\\Pipeline\\{closure}(Object(Illuminate\\Http\\Request))
#47 C:\\Users\\User\\Desktop\\ING DAVID VEGA\\FULLSTACK\\MundoNavidenio365\\vendor\\laravel\\framework\\src\\Illuminate\\Foundation\\Http\\Middleware\\ConvertEmptyStringsToNull.php(31): Illuminate\\Foundation\\Http\\Middleware\\TransformsRequest->handle(Object(Illuminate\\Http\\Request), Object(Closure))
#48 C:\\Users\\User\\Desktop\\ING DAVID VEGA\\FULLSTACK\\MundoNavidenio365\\vendor\\laravel\\framework\\src\\Illuminate\\Pipeline\\Pipeline.php(183): Illuminate\\Foundation\\Http\\Middleware\\ConvertEmptyStringsToNull->handle(Object(Illuminate\\Http\\Request), Object(Closure))
#49 C:\\Users\\User\\Desktop\\ING DAVID VEGA\\FULLSTACK\\MundoNavidenio365\\vendor\\laravel\\framework\\src\\Illuminate\\Foundation\\Http\\Middleware\\TransformsRequest.php(21): Illuminate\\Pipeline\\Pipeline->Illuminate\\Pipeline\\{closure}(Object(Illuminate\\Http\\Request))
#50 C:\\Users\\User\\Desktop\\ING DAVID VEGA\\FULLSTACK\\MundoNavidenio365\\vendor\\laravel\\framework\\src\\Illuminate\\Foundation\\Http\\Middleware\\TrimStrings.php(40): Illuminate\\Foundation\\Http\\Middleware\\TransformsRequest->handle(Object(Illuminate\\Http\\Request), Object(Closure))
#51 C:\\Users\\User\\Desktop\\ING DAVID VEGA\\FULLSTACK\\MundoNavidenio365\\vendor\\laravel\\framework\\src\\Illuminate\\Pipeline\\Pipeline.php(183): Illuminate\\Foundation\\Http\\Middleware\\TrimStrings->handle(Object(Illuminate\\Http\\Request), Object(Closure))
#52 C:\\Users\\User\\Desktop\\ING DAVID VEGA\\FULLSTACK\\MundoNavidenio365\\vendor\\laravel\\framework\\src\\Illuminate\\Foundation\\Http\\Middleware\\ValidatePostSize.php(27): Illuminate\\Pipeline\\Pipeline->Illuminate\\Pipeline\\{closure}(Object(Illuminate\\Http\\Request))
#53 C:\\Users\\User\\Desktop\\ING DAVID VEGA\\FULLSTACK\\MundoNavidenio365\\vendor\\laravel\\framework\\src\\Illuminate\\Pipeline\\Pipeline.php(183): Illuminate\\Foundation\\Http\\Middleware\\ValidatePostSize->handle(Object(Illuminate\\Http\\Request), Object(Closure))
#54 C:\\Users\\User\\Desktop\\ING DAVID VEGA\\FULLSTACK\\MundoNavidenio365\\vendor\\laravel\\framework\\src\\Illuminate\\Foundation\\Http\\Middleware\\PreventRequestsDuringMaintenance.php(99): Illuminate\\Pipeline\\Pipeline->Illuminate\\Pipeline\\{closure}(Object(Illuminate\\Http\\Request))
#55 C:\\Users\\User\\Desktop\\ING DAVID VEGA\\FULLSTACK\\MundoNavidenio365\\vendor\\laravel\\framework\\src\\Illuminate\\Pipeline\\Pipeline.php(183): Illuminate\\Foundation\\Http\\Middleware\\PreventRequestsDuringMaintenance->handle(Object(Illuminate\\Http\\Request), Object(Closure))
#56 C:\\Users\\User\\Desktop\\ING DAVID VEGA\\FULLSTACK\\MundoNavidenio365\\vendor\\laravel\\framework\\src\\Illuminate\\Http\\Middleware\\HandleCors.php(49): Illuminate\\Pipeline\\Pipeline->Illuminate\\Pipeline\\{closure}(Object(Illuminate\\Http\\Request))
#57 C:\\Users\\User\\Desktop\\ING DAVID VEGA\\FULLSTACK\\MundoNavidenio365\\vendor\\laravel\\framework\\src\\Illuminate\\Pipeline\\Pipeline.php(183): Illuminate\\Http\\Middleware\\HandleCors->handle(Object(Illuminate\\Http\\Request), Object(Closure))
#58 C:\\Users\\User\\Desktop\\ING DAVID VEGA\\FULLSTACK\\MundoNavidenio365\\vendor\\laravel\\framework\\src\\Illuminate\\Http\\Middleware\\TrustProxies.php(39): Illuminate\\Pipeline\\Pipeline->Illuminate\\Pipeline\\{closure}(Object(Illuminate\\Http\\Request))
#59 C:\\Users\\User\\Desktop\\ING DAVID VEGA\\FULLSTACK\\MundoNavidenio365\\vendor\\laravel\\framework\\src\\Illuminate\\Pipeline\\Pipeline.php(183): Illuminate\\Http\\Middleware\\TrustProxies->handle(Object(Illuminate\\Http\\Request), Object(Closure))
#60 C:\\Users\\User\\Desktop\\ING DAVID VEGA\\FULLSTACK\\MundoNavidenio365\\vendor\\laravel\\framework\\src\\Illuminate\\Pipeline\\Pipeline.php(119): Illuminate\\Pipeline\\Pipeline->Illuminate\\Pipeline\\{closure}(Object(Illuminate\\Http\\Request))
#61 C:\\Users\\User\\Desktop\\ING DAVID VEGA\\FULLSTACK\\MundoNavidenio365\\vendor\\laravel\\framework\\src\\Illuminate\\Foundation\\Http\\Kernel.php(175): Illuminate\\Pipeline\\Pipeline->then(Object(Closure))
#62 C:\\Users\\User\\Desktop\\ING DAVID VEGA\\FULLSTACK\\MundoNavidenio365\\vendor\\laravel\\framework\\src\\Illuminate\\Foundation\\Http\\Kernel.php(144): Illuminate\\Foundation\\Http\\Kernel->sendRequestThroughRouter(Object(Illuminate\\Http\\Request))
#63 C:\\Users\\User\\Desktop\\ING DAVID VEGA\\FULLSTACK\\MundoNavidenio365\\public\\index.php(51): Illuminate\\Foundation\\Http\\Kernel->handle(Object(Illuminate\\Http\\Request))
#64 C:\\Users\\User\\Desktop\\ING DAVID VEGA\\FULLSTACK\\MundoNavidenio365\\vendor\\laravel\\framework\\src\\Illuminate\\Foundation\\resources\\server.php(16): require_once('C:\\\\Users\\\\User\\\\D...')
#65 {main}
"} 
[2026-07-25 03:54:50] local.DEBUG: SRI cURL response (HTTP 200): <soap:Envelope xmlns:soap="http://schemas.xmlsoap.org/soap/envelope/"><soap:Body><ns2:validarComprobanteResponse xmlns:ns2="http://ec.gob.sri.ws.recepcion"><RespuestaRecepcionComprobante><estado>RECIBIDA</estado><comprobantes/></RespuestaRecepcionComprobante></ns2:validarComprobanteResponse></soap:Body></soap:Envelope>  
[2026-07-25 03:54:50] local.DEBUG: SRI cURL response (HTTP 200): <soap:Envelope xmlns:soap="http://schemas.xmlsoap.org/soap/envelope/"><soap:Body><ns2:autorizacionComprobanteResponse xmlns:ns2="http://ec.gob.sri.ws.autorizacion"><RespuestaAutorizacionComprobante><claveAccesoConsultada>2507202601172205093500110010010000001519624460519</claveAccesoConsultada><numeroComprobantes>1</numeroComprobantes><autorizaciones><autorizacion><estado>AUTORIZADO</estado><numeroAutorizacion>2507202601172205093500110010010000001519624460519</numeroAutorizacion><fechaAutorizacio  
[2026-07-25 03:54:54] local.ERROR: No se pudo enviar el correo del comprobante a cliente: Connection could not be established with host "mailpit:1025": stream_socket_client(): php_network_getaddresses: getaddrinfo for mailpit failed: Host desconocido.   
[2026-08-04 20:20:21] local.ERROR: SQLSTATE[42S22]: Column not found: 1054 Unknown column 'productos.cantidad_total' in 'field list' (Connection: mysql, SQL: select `productos`.`id`, `productos`.`nombre`, `productos`.`codigo`, `productos`.`cantidad_total`, COALESCE((SELECT vp.precio FROM venta_productos vp
                WHERE vp.producto_id = productos.id
                ORDER BY vp.created_at DESC, vp.id DESC
                LIMIT 1), 0) as pvp, COALESCE(productos.iva, NULL, 15) as iva from `productos` where `productos`.`deleted_at` is null and `productos`.`id` = 4568 limit 1) {"userId":1,"exception":"[object] (Illuminate\\Database\\QueryException(code: 42S22): SQLSTATE[42S22]: Column not found: 1054 Unknown column 'productos.cantidad_total' in 'field list' (Connection: mysql, SQL: select `productos`.`id`, `productos`.`nombre`, `productos`.`codigo`, `productos`.`cantidad_total`, COALESCE((SELECT vp.precio FROM venta_productos vp
                WHERE vp.producto_id = productos.id
                ORDER BY vp.created_at DESC, vp.id DESC
                LIMIT 1), 0) as pvp, COALESCE(productos.iva, NULL, 15) as iva from `productos` where `productos`.`deleted_at` is null and `productos`.`id` = 4568 limit 1) at C:\\Users\\User\\Desktop\\ING DAVID VEGA\\FULLSTACK\\MundoNavidenio365\\vendor\\laravel\\framework\\src\\Illuminate\\Database\\Connection.php:829)
[stacktrace]
#0 C:\\Users\\User\\Desktop\\ING DAVID VEGA\\FULLSTACK\\MundoNavidenio365\\vendor\\laravel\\framework\\src\\Illuminate\\Database\\Connection.php(783): Illuminate\\Database\\Connection->runQueryCallback('select `product...', Array, Object(Closure))
#1 C:\\Users\\User\\Desktop\\ING DAVID VEGA\\FULLSTACK\\MundoNavidenio365\\vendor\\laravel\\framework\\src\\Illuminate\\Database\\Connection.php(414): Illuminate\\Database\\Connection->run('select `product...', Array, Object(Closure))
#2 C:\\Users\\User\\Desktop\\ING DAVID VEGA\\FULLSTACK\\MundoNavidenio365\\vendor\\laravel\\framework\\src\\Illuminate\\Database\\Query\\Builder.php(2913): Illuminate\\Database\\Connection->select('select `product...', Array, true)
#3 C:\\Users\\User\\Desktop\\ING DAVID VEGA\\FULLSTACK\\MundoNavidenio365\\vendor\\laravel\\framework\\src\\Illuminate\\Database\\Query\\Builder.php(2902): Illuminate\\Database\\Query\\Builder->runSelect()
#4 C:\\Users\\User\\Desktop\\ING DAVID VEGA\\FULLSTACK\\MundoNavidenio365\\vendor\\laravel\\framework\\src\\Illuminate\\Database\\Query\\Builder.php(3456): Illuminate\\Database\\Query\\Builder->Illuminate\\Database\\Query\\{closure}()
#5 C:\\Users\\User\\Desktop\\ING DAVID VEGA\\FULLSTACK\\MundoNavidenio365\\vendor\\laravel\\framework\\src\\Illuminate\\Database\\Query\\Builder.php(2901): Illuminate\\Database\\Query\\Builder->onceWithColumns(Array, Object(Closure))
#6 C:\\Users\\User\\Desktop\\ING DAVID VEGA\\FULLSTACK\\MundoNavidenio365\\app\\Http\\Controllers\\Admin\\VentasController.php(471): Illuminate\\Database\\Query\\Builder->get()
#7 C:\\Users\\User\\Desktop\\ING DAVID VEGA\\FULLSTACK\\MundoNavidenio365\\vendor\\laravel\\framework\\src\\Illuminate\\Routing\\Controller.php(54): App\\Http\\Controllers\\Admin\\VentasController->buscarProductos(Object(Illuminate\\Http\\Request))
#8 C:\\Users\\User\\Desktop\\ING DAVID VEGA\\FULLSTACK\\MundoNavidenio365\\vendor\\laravel\\framework\\src\\Illuminate\\Routing\\ControllerDispatcher.php(43): Illuminate\\Routing\\Controller->callAction('buscarProductos', Array)
#9 C:\\Users\\User\\Desktop\\ING DAVID VEGA\\FULLSTACK\\MundoNavidenio365\\vendor\\laravel\\framework\\src\\Illuminate\\Routing\\Route.php(259): Illuminate\\Routing\\ControllerDispatcher->dispatch(Object(Illuminate\\Routing\\Route), Object(App\\Http\\Controllers\\Admin\\VentasController), 'buscarProductos')
#10 C:\\Users\\User\\Desktop\\ING DAVID VEGA\\FULLSTACK\\MundoNavidenio365\\vendor\\laravel\\framework\\src\\Illuminate\\Routing\\Route.php(205): Illuminate\\Routing\\Route->runController()
#11 C:\\Users\\User\\Desktop\\ING DAVID VEGA\\FULLSTACK\\MundoNavidenio365\\vendor\\laravel\\framework\\src\\Illuminate\\Routing\\Router.php(806): Illuminate\\Routing\\Route->run()
#12 C:\\Users\\User\\Desktop\\ING DAVID VEGA\\FULLSTACK\\MundoNavidenio365\\vendor\\laravel\\framework\\src\\Illuminate\\Pipeline\\Pipeline.php(144): Illuminate\\Routing\\Router->Illuminate\\Routing\\{closure}(Object(Illuminate\\Http\\Request))
#13 C:\\Users\\User\\Desktop\\ING DAVID VEGA\\FULLSTACK\\MundoNavidenio365\\app\\Http\\Middleware\\RoleMiddleware.php(16): Illuminate\\Pipeline\\Pipeline->Illuminate\\Pipeline\\{closure}(Object(Illuminate\\Http\\Request))
#14 C:\\Users\\User\\Desktop\\ING DAVID VEGA\\FULLSTACK\\MundoNavidenio365\\vendor\\laravel\\framework\\src\\Illuminate\\Pipeline\\Pipeline.php(183): App\\Http\\Middleware\\RoleMiddleware->handle(Object(Illuminate\\Http\\Request), Object(Closure), 'Administrador')
#15 C:\\Users\\User\\Desktop\\ING DAVID VEGA\\FULLSTACK\\MundoNavidenio365\\vendor\\laravel\\framework\\src\\Illuminate\\Auth\\Middleware\\EnsureEmailIsVerified.php(41): Illuminate\\Pipeline\\Pipeline->Illuminate\\Pipeline\\{closure}(Object(Illuminate\\Http\\Request))
#16 C:\\Users\\User\\Desktop\\ING DAVID VEGA\\FULLSTACK\\MundoNavidenio365\\vendor\\laravel\\framework\\src\\Illuminate\\Pipeline\\Pipeline.php(183): Illuminate\\Auth\\Middleware\\EnsureEmailIsVerified->handle(Object(Illuminate\\Http\\Request), Object(Closure))
#17 C:\\Users\\User\\Desktop\\ING DAVID VEGA\\FULLSTACK\\MundoNavidenio365\\vendor\\laravel\\framework\\src\\Illuminate\\Http\\Middleware\\AddLinkHeadersForPreloadedAssets.php(20): Illuminate\\Pipeline\\Pipeline->Illuminate\\Pipeline\\{closure}(Object(Illuminate\\Http\\Request))
#18 C:\\Users\\User\\Desktop\\ING DAVID VEGA\\FULLSTACK\\MundoNavidenio365\\vendor\\laravel\\framework\\src\\Illuminate\\Pipeline\\Pipeline.php(183): Illuminate\\Http\\Middleware\\AddLinkHeadersForPreloadedAssets->handle(Object(Illuminate\\Http\\Request), Object(Closure))
#19 C:\\Users\\User\\Desktop\\ING DAVID VEGA\\FULLSTACK\\MundoNavidenio365\\vendor\\inertiajs\\inertia-laravel\\src\\Middleware.php(87): Illuminate\\Pipeline\\Pipeline->Illuminate\\Pipeline\\{closure}(Object(Illuminate\\Http\\Request))
#20 C:\\Users\\User\\Desktop\\ING DAVID VEGA\\FULLSTACK\\MundoNavidenio365\\vendor\\laravel\\framework\\src\\Illuminate\\Pipeline\\Pipeline.php(183): Inertia\\Middleware->handle(Object(Illuminate\\Http\\Request), Object(Closure))
#21 C:\\Users\\User\\Desktop\\ING DAVID VEGA\\FULLSTACK\\MundoNavidenio365\\vendor\\laravel\\framework\\src\\Illuminate\\Routing\\Middleware\\SubstituteBindings.php(50): Illuminate\\Pipeline\\Pipeline->Illuminate\\Pipeline\\{closure}(Object(Illuminate\\Http\\Request))
#22 C:\\Users\\User\\Desktop\\ING DAVID VEGA\\FULLSTACK\\MundoNavidenio365\\vendor\\laravel\\framework\\src\\Illuminate\\Pipeline\\Pipeline.php(183): Illuminate\\Routing\\Middleware\\SubstituteBindings->handle(Object(Illuminate\\Http\\Request), Object(Closure))
#23 C:\\Users\\User\\Desktop\\ING DAVID VEGA\\FULLSTACK\\MundoNavidenio365\\vendor\\laravel\\framework\\src\\Illuminate\\Auth\\Middleware\\Authenticate.php(57): Illuminate\\Pipeline\\Pipeline->Illuminate\\Pipeline\\{closure}(Object(Illuminate\\Http\\Request))
#24 C:\\Users\\User\\Desktop\\ING DAVID VEGA\\FULLSTACK\\MundoNavidenio365\\vendor\\laravel\\framework\\src\\Illuminate\\Pipeline\\Pipeline.php(183): Illuminate\\Auth\\Middleware\\Authenticate->handle(Object(Illuminate\\Http\\Request), Object(Closure))
#25 C:\\Users\\User\\Desktop\\ING DAVID VEGA\\FULLSTACK\\MundoNavidenio365\\vendor\\laravel\\framework\\src\\Illuminate\\Foundation\\Http\\Middleware\\VerifyCsrfToken.php(78): Illuminate\\Pipeline\\Pipeline->Illuminate\\Pipeline\\{closure}(Object(Illuminate\\Http\\Request))
#26 C:\\Users\\User\\Desktop\\ING DAVID VEGA\\FULLSTACK\\MundoNavidenio365\\vendor\\laravel\\framework\\src\\Illuminate\\Pipeline\\Pipeline.php(183): Illuminate\\Foundation\\Http\\Middleware\\VerifyCsrfToken->handle(Object(Illuminate\\Http\\Request), Object(Closure))
#27 C:\\Users\\User\\Desktop\\ING DAVID VEGA\\FULLSTACK\\MundoNavidenio365\\vendor\\laravel\\framework\\src\\Illuminate\\View\\Middleware\\ShareErrorsFromSession.php(49): Illuminate\\Pipeline\\Pipeline->Illuminate\\Pipeline\\{closure}(Object(Illuminate\\Http\\Request))
#28 C:\\Users\\User\\Desktop\\ING DAVID VEGA\\FULLSTACK\\MundoNavidenio365\\vendor\\laravel\\framework\\src\\Illuminate\\Pipeline\\Pipeline.php(183): Illuminate\\View\\Middleware\\ShareErrorsFromSession->handle(Object(Illuminate\\Http\\Request), Object(Closure))
#29 C:\\Users\\User\\Desktop\\ING DAVID VEGA\\FULLSTACK\\MundoNavidenio365\\vendor\\laravel\\framework\\src\\Illuminate\\Session\\Middleware\\StartSession.php(121): Illuminate\\Pipeline\\Pipeline->Illuminate\\Pipeline\\{closure}(Object(Illuminate\\Http\\Request))
#30 C:\\Users\\User\\Desktop\\ING DAVID VEGA\\FULLSTACK\\MundoNavidenio365\\vendor\\laravel\\framework\\src\\Illuminate\\Session\\Middleware\\StartSession.php(64): Illuminate\\Session\\Middleware\\StartSession->handleStatefulRequest(Object(Illuminate\\Http\\Request), Object(Illuminate\\Session\\Store), Object(Closure))
#31 C:\\Users\\User\\Desktop\\ING DAVID VEGA\\FULLSTACK\\MundoNavidenio365\\vendor\\laravel\\framework\\src\\Illuminate\\Pipeline\\Pipeline.php(183): Illuminate\\Session\\Middleware\\StartSession->handle(Object(Illuminate\\Http\\Request), Object(Closure))
#32 C:\\Users\\User\\Desktop\\ING DAVID VEGA\\FULLSTACK\\MundoNavidenio365\\vendor\\laravel\\framework\\src\\Illuminate\\Cookie\\Middleware\\AddQueuedCookiesToResponse.php(37): Illuminate\\Pipeline\\Pipeline->Illuminate\\Pipeline\\{closure}(Object(Illuminate\\Http\\Request))
#33 C:\\Users\\User\\Desktop\\ING DAVID VEGA\\FULLSTACK\\MundoNavidenio365\\vendor\\laravel\\framework\\src\\Illuminate\\Pipeline\\Pipeline.php(183): Illuminate\\Cookie\\Middleware\\AddQueuedCookiesToResponse->handle(Object(Illuminate\\Http\\Request), Object(Closure))
#34 C:\\Users\\User\\Desktop\\ING DAVID VEGA\\FULLSTACK\\MundoNavidenio365\\vendor\\laravel\\framework\\src\\Illuminate\\Cookie\\Middleware\\EncryptCookies.php(67): Illuminate\\Pipeline\\Pipeline->Illuminate\\Pipeline\\{closure}(Object(Illuminate\\Http\\Request))
#35 C:\\Users\\User\\Desktop\\ING DAVID VEGA\\FULLSTACK\\MundoNavidenio365\\vendor\\laravel\\framework\\src\\Illuminate\\Pipeline\\Pipeline.php(183): Illuminate\\Cookie\\Middleware\\EncryptCookies->handle(Object(Illuminate\\Http\\Request), Object(Closure))
#36 C:\\Users\\User\\Desktop\\ING DAVID VEGA\\FULLSTACK\\MundoNavidenio365\\vendor\\laravel\\framework\\src\\Illuminate\\Pipeline\\Pipeline.php(119): Illuminate\\Pipeline\\Pipeline->Illuminate\\Pipeline\\{closure}(Object(Illuminate\\Http\\Request))
#37 C:\\Users\\User\\Desktop\\ING DAVID VEGA\\FULLSTACK\\MundoNavidenio365\\vendor\\laravel\\framework\\src\\Illuminate\\Routing\\Router.php(805): Illuminate\\Pipeline\\Pipeline->then(Object(Closure))
#38 C:\\Users\\User\\Desktop\\ING DAVID VEGA\\FULLSTACK\\MundoNavidenio365\\vendor\\laravel\\framework\\src\\Illuminate\\Routing\\Router.php(784): Illuminate\\Routing\\Router->runRouteWithinStack(Object(Illuminate\\Routing\\Route), Object(Illuminate\\Http\\Request))
#39 C:\\Users\\User\\Desktop\\ING DAVID VEGA\\FULLSTACK\\MundoNavidenio365\\vendor\\laravel\\framework\\src\\Illuminate\\Routing\\Router.php(748): Illuminate\\Routing\\Router->runRoute(Object(Illuminate\\Http\\Request), Object(Illuminate\\Routing\\Route))
#40 C:\\Users\\User\\Desktop\\ING DAVID VEGA\\FULLSTACK\\MundoNavidenio365\\vendor\\laravel\\framework\\src\\Illuminate\\Routing\\Router.php(737): Illuminate\\Routing\\Router->dispatchToRoute(Object(Illuminate\\Http\\Request))
#41 C:\\Users\\User\\Desktop\\ING DAVID VEGA\\FULLSTACK\\MundoNavidenio365\\vendor\\laravel\\framework\\src\\Illuminate\\Foundation\\Http\\Kernel.php(200): Illuminate\\Routing\\Router->dispatch(Object(Illuminate\\Http\\Request))
#42 C:\\Users\\User\\Desktop\\ING DAVID VEGA\\FULLSTACK\\MundoNavidenio365\\vendor\\laravel\\framework\\src\\Illuminate\\Pipeline\\Pipeline.php(144): Illuminate\\Foundation\\Http\\Kernel->Illuminate\\Foundation\\Http\\{closure}(Object(Illuminate\\Http\\Request))
#43 C:\\Users\\User\\Desktop\\ING DAVID VEGA\\FULLSTACK\\MundoNavidenio365\\vendor\\laravel\\framework\\src\\Illuminate\\Foundation\\Http\\Middleware\\TransformsRequest.php(21): Illuminate\\Pipeline\\Pipeline->Illuminate\\Pipeline\\{closure}(Object(Illuminate\\Http\\Request))
#44 C:\\Users\\User\\Desktop\\ING DAVID VEGA\\FULLSTACK\\MundoNavidenio365\\vendor\\laravel\\framework\\src\\Illuminate\\Foundation\\Http\\Middleware\\ConvertEmptyStringsToNull.php(31): Illuminate\\Foundation\\Http\\Middleware\\TransformsRequest->handle(Object(Illuminate\\Http\\Request), Object(Closure))
#45 C:\\Users\\User\\Desktop\\ING DAVID VEGA\\FULLSTACK\\MundoNavidenio365\\vendor\\laravel\\framework\\src\\Illuminate\\Pipeline\\Pipeline.php(183): Illuminate\\Foundation\\Http\\Middleware\\ConvertEmptyStringsToNull->handle(Object(Illuminate\\Http\\Request), Object(Closure))
#46 C:\\Users\\User\\Desktop\\ING DAVID VEGA\\FULLSTACK\\MundoNavidenio365\\vendor\\laravel\\framework\\src\\Illuminate\\Foundation\\Http\\Middleware\\TransformsRequest.php(21): Illuminate\\Pipeline\\Pipeline->Illuminate\\Pipeline\\{closure}(Object(Illuminate\\Http\\Request))
#47 C:\\Users\\User\\Desktop\\ING DAVID VEGA\\FULLSTACK\\MundoNavidenio365\\vendor\\laravel\\framework\\src\\Illuminate\\Foundation\\Http\\Middleware\\TrimStrings.php(40): Illuminate\\Foundation\\Http\\Middleware\\TransformsRequest->handle(Object(Illuminate\\Http\\Request), Object(Closure))
#48 C:\\Users\\User\\Desktop\\ING DAVID VEGA\\FULLSTACK\\MundoNavidenio365\\vendor\\laravel\\framework\\src\\Illuminate\\Pipeline\\Pipeline.php(183): Illuminate\\Foundation\\Http\\Middleware\\TrimStrings->handle(Object(Illuminate\\Http\\Request), Object(Closure))
#49 C:\\Users\\User\\Desktop\\ING DAVID VEGA\\FULLSTACK\\MundoNavidenio365\\vendor\\laravel\\framework\\src\\Illuminate\\Foundation\\Http\\Middleware\\ValidatePostSize.php(27): Illuminate\\Pipeline\\Pipeline->Illuminate\\Pipeline\\{closure}(Object(Illuminate\\Http\\Request))
#50 C:\\Users\\User\\Desktop\\ING DAVID VEGA\\FULLSTACK\\MundoNavidenio365\\vendor\\laravel\\framework\\src\\Illuminate\\Pipeline\\Pipeline.php(183): Illuminate\\Foundation\\Http\\Middleware\\ValidatePostSize->handle(Object(Illuminate\\Http\\Request), Object(Closure))
#51 C:\\Users\\User\\Desktop\\ING DAVID VEGA\\FULLSTACK\\MundoNavidenio365\\vendor\\laravel\\framework\\src\\Illuminate\\Foundation\\Http\\Middleware\\PreventRequestsDuringMaintenance.php(99): Illuminate\\Pipeline\\Pipeline->Illuminate\\Pipeline\\{closure}(Object(Illuminate\\Http\\Request))
#52 C:\\Users\\User\\Desktop\\ING DAVID VEGA\\FULLSTACK\\MundoNavidenio365\\vendor\\laravel\\framework\\src\\Illuminate\\Pipeline\\Pipeline.php(183): Illuminate\\Foundation\\Http\\Middleware\\PreventRequestsDuringMaintenance->handle(Object(Illuminate\\Http\\Request), Object(Closure))
#53 C:\\Users\\User\\Desktop\\ING DAVID VEGA\\FULLSTACK\\MundoNavidenio365\\vendor\\laravel\\framework\\src\\Illuminate\\Http\\Middleware\\HandleCors.php(49): Illuminate\\Pipeline\\Pipeline->Illuminate\\Pipeline\\{closure}(Object(Illuminate\\Http\\Request))
#54 C:\\Users\\User\\Desktop\\ING DAVID VEGA\\FULLSTACK\\MundoNavidenio365\\vendor\\laravel\\framework\\src\\Illuminate\\Pipeline\\Pipeline.php(183): Illuminate\\Http\\Middleware\\HandleCors->handle(Object(Illuminate\\Http\\Request), Object(Closure))
#55 C:\\Users\\User\\Desktop\\ING DAVID VEGA\\FULLSTACK\\MundoNavidenio365\\vendor\\laravel\\framework\\src\\Illuminate\\Http\\Middleware\\TrustProxies.php(39): Illuminate\\Pipeline\\Pipeline->Illuminate\\Pipeline\\{closure}(Object(Illuminate\\Http\\Request))
#56 C:\\Users\\User\\Desktop\\ING DAVID VEGA\\FULLSTACK\\MundoNavidenio365\\vendor\\laravel\\framework\\src\\Illuminate\\Pipeline\\Pipeline.php(183): Illuminate\\Http\\Middleware\\TrustProxies->handle(Object(Illuminate\\Http\\Request), Object(Closure))
#57 C:\\Users\\User\\Desktop\\ING DAVID VEGA\\FULLSTACK\\MundoNavidenio365\\vendor\\laravel\\framework\\src\\Illuminate\\Pipeline\\Pipeline.php(119): Illuminate\\Pipeline\\Pipeline->Illuminate\\Pipeline\\{closure}(Object(Illuminate\\Http\\Request))
#58 C:\\Users\\User\\Desktop\\ING DAVID VEGA\\FULLSTACK\\MundoNavidenio365\\vendor\\laravel\\framework\\src\\Illuminate\\Foundation\\Http\\Kernel.php(175): Illuminate\\Pipeline\\Pipeline->then(Object(Closure))
#59 C:\\Users\\User\\Desktop\\ING DAVID VEGA\\FULLSTACK\\MundoNavidenio365\\vendor\\laravel\\framework\\src\\Illuminate\\Foundation\\Http\\Kernel.php(144): Illuminate\\Foundation\\Http\\Kernel->sendRequestThroughRouter(Object(Illuminate\\Http\\Request))
#60 C:\\Users\\User\\Desktop\\ING DAVID VEGA\\FULLSTACK\\MundoNavidenio365\\public\\index.php(51): Illuminate\\Foundation\\Http\\Kernel->handle(Object(Illuminate\\Http\\Request))
#61 C:\\Users\\User\\Desktop\\ING DAVID VEGA\\FULLSTACK\\MundoNavidenio365\\vendor\\laravel\\framework\\src\\Illuminate\\Foundation\\resources\\server.php(16): require_once('C:\\\\Users\\\\User\\\\D...')
#62 {main}

[previous exception] [object] (PDOException(code: 42S22): SQLSTATE[42S22]: Column not found: 1054 Unknown column 'productos.cantidad_total' in 'field list' at C:\\Users\\User\\Desktop\\ING DAVID VEGA\\FULLSTACK\\MundoNavidenio365\\vendor\\laravel\\framework\\src\\Illuminate\\Database\\Connection.php:423)
[stacktrace]
#0 C:\\Users\\User\\Desktop\\ING DAVID VEGA\\FULLSTACK\\MundoNavidenio365\\vendor\\laravel\\framework\\src\\Illuminate\\Database\\Connection.php(423): PDO->prepare('select `product...')
#1 C:\\Users\\User\\Desktop\\ING DAVID VEGA\\FULLSTACK\\MundoNavidenio365\\vendor\\laravel\\framework\\src\\Illuminate\\Database\\Connection.php(816): Illuminate\\Database\\Connection->Illuminate\\Database\\{closure}('select `product...', Array)
#2 C:\\Users\\User\\Desktop\\ING DAVID VEGA\\FULLSTACK\\MundoNavidenio365\\vendor\\laravel\\framework\\src\\Illuminate\\Database\\Connection.php(783): Illuminate\\Database\\Connection->runQueryCallback('select `product...', Array, Object(Closure))
#3 C:\\Users\\User\\Desktop\\ING DAVID VEGA\\FULLSTACK\\MundoNavidenio365\\vendor\\laravel\\framework\\src\\Illuminate\\Database\\Connection.php(414): Illuminate\\Database\\Connection->run('select `product...', Array, Object(Closure))
#4 C:\\Users\\User\\Desktop\\ING DAVID VEGA\\FULLSTACK\\MundoNavidenio365\\vendor\\laravel\\framework\\src\\Illuminate\\Database\\Query\\Builder.php(2913): Illuminate\\Database\\Connection->select('select `product...', Array, true)
#5 C:\\Users\\User\\Desktop\\ING DAVID VEGA\\FULLSTACK\\MundoNavidenio365\\vendor\\laravel\\framework\\src\\Illuminate\\Database\\Query\\Builder.php(2902): Illuminate\\Database\\Query\\Builder->runSelect()
#6 C:\\Users\\User\\Desktop\\ING DAVID VEGA\\FULLSTACK\\MundoNavidenio365\\vendor\\laravel\\framework\\src\\Illuminate\\Database\\Query\\Builder.php(3456): Illuminate\\Database\\Query\\Builder->Illuminate\\Database\\Query\\{closure}()
#7 C:\\Users\\User\\Desktop\\ING DAVID VEGA\\FULLSTACK\\MundoNavidenio365\\vendor\\laravel\\framework\\src\\Illuminate\\Database\\Query\\Builder.php(2901): Illuminate\\Database\\Query\\Builder->onceWithColumns(Array, Object(Closure))
#8 C:\\Users\\User\\Desktop\\ING DAVID VEGA\\FULLSTACK\\MundoNavidenio365\\app\\Http\\Controllers\\Admin\\VentasController.php(471): Illuminate\\Database\\Query\\Builder->get()
#9 C:\\Users\\User\\Desktop\\ING DAVID VEGA\\FULLSTACK\\MundoNavidenio365\\vendor\\laravel\\framework\\src\\Illuminate\\Routing\\Controller.php(54): App\\Http\\Controllers\\Admin\\VentasController->buscarProductos(Object(Illuminate\\Http\\Request))
#10 C:\\Users\\User\\Desktop\\ING DAVID VEGA\\FULLSTACK\\MundoNavidenio365\\vendor\\laravel\\framework\\src\\Illuminate\\Routing\\ControllerDispatcher.php(43): Illuminate\\Routing\\Controller->callAction('buscarProductos', Array)
#11 C:\\Users\\User\\Desktop\\ING DAVID VEGA\\FULLSTACK\\MundoNavidenio365\\vendor\\laravel\\framework\\src\\Illuminate\\Routing\\Route.php(259): Illuminate\\Routing\\ControllerDispatcher->dispatch(Object(Illuminate\\Routing\\Route), Object(App\\Http\\Controllers\\Admin\\VentasController), 'buscarProductos')
#12 C:\\Users\\User\\Desktop\\ING DAVID VEGA\\FULLSTACK\\MundoNavidenio365\\vendor\\laravel\\framework\\src\\Illuminate\\Routing\\Route.php(205): Illuminate\\Routing\\Route->runController()
#13 C:\\Users\\User\\Desktop\\ING DAVID VEGA\\FULLSTACK\\MundoNavidenio365\\vendor\\laravel\\framework\\src\\Illuminate\\Routing\\Router.php(806): Illuminate\\Routing\\Route->run()
#14 C:\\Users\\User\\Desktop\\ING DAVID VEGA\\FULLSTACK\\MundoNavidenio365\\vendor\\laravel\\framework\\src\\Illuminate\\Pipeline\\Pipeline.php(144): Illuminate\\Routing\\Router->Illuminate\\Routing\\{closure}(Object(Illuminate\\Http\\Request))
#15 C:\\Users\\User\\Desktop\\ING DAVID VEGA\\FULLSTACK\\MundoNavidenio365\\app\\Http\\Middleware\\RoleMiddleware.php(16): Illuminate\\Pipeline\\Pipeline->Illuminate\\Pipeline\\{closure}(Object(Illuminate\\Http\\Request))
#16 C:\\Users\\User\\Desktop\\ING DAVID VEGA\\FULLSTACK\\MundoNavidenio365\\vendor\\laravel\\framework\\src\\Illuminate\\Pipeline\\Pipeline.php(183): App\\Http\\Middleware\\RoleMiddleware->handle(Object(Illuminate\\Http\\Request), Object(Closure), 'Administrador')
#17 C:\\Users\\User\\Desktop\\ING DAVID VEGA\\FULLSTACK\\MundoNavidenio365\\vendor\\laravel\\framework\\src\\Illuminate\\Auth\\Middleware\\EnsureEmailIsVerified.php(41): Illuminate\\Pipeline\\Pipeline->Illuminate\\Pipeline\\{closure}(Object(Illuminate\\Http\\Request))
#18 C:\\Users\\User\\Desktop\\ING DAVID VEGA\\FULLSTACK\\MundoNavidenio365\\vendor\\laravel\\framework\\src\\Illuminate\\Pipeline\\Pipeline.php(183): Illuminate\\Auth\\Middleware\\EnsureEmailIsVerified->handle(Object(Illuminate\\Http\\Request), Object(Closure))
#19 C:\\Users\\User\\Desktop\\ING DAVID VEGA\\FULLSTACK\\MundoNavidenio365\\vendor\\laravel\\framework\\src\\Illuminate\\Http\\Middleware\\AddLinkHeadersForPreloadedAssets.php(20): Illuminate\\Pipeline\\Pipeline->Illuminate\\Pipeline\\{closure}(Object(Illuminate\\Http\\Request))
#20 C:\\Users\\User\\Desktop\\ING DAVID VEGA\\FULLSTACK\\MundoNavidenio365\\vendor\\laravel\\framework\\src\\Illuminate\\Pipeline\\Pipeline.php(183): Illuminate\\Http\\Middleware\\AddLinkHeadersForPreloadedAssets->handle(Object(Illuminate\\Http\\Request), Object(Closure))
#21 C:\\Users\\User\\Desktop\\ING DAVID VEGA\\FULLSTACK\\MundoNavidenio365\\vendor\\inertiajs\\inertia-laravel\\src\\Middleware.php(87): Illuminate\\Pipeline\\Pipeline->Illuminate\\Pipeline\\{closure}(Object(Illuminate\\Http\\Request))
#22 C:\\Users\\User\\Desktop\\ING DAVID VEGA\\FULLSTACK\\MundoNavidenio365\\vendor\\laravel\\framework\\src\\Illuminate\\Pipeline\\Pipeline.php(183): Inertia\\Middleware->handle(Object(Illuminate\\Http\\Request), Object(Closure))
#23 C:\\Users\\User\\Desktop\\ING DAVID VEGA\\FULLSTACK\\MundoNavidenio365\\vendor\\laravel\\framework\\src\\Illuminate\\Routing\\Middleware\\SubstituteBindings.php(50): Illuminate\\Pipeline\\Pipeline->Illuminate\\Pipeline\\{closure}(Object(Illuminate\\Http\\Request))
#24 C:\\Users\\User\\Desktop\\ING DAVID VEGA\\FULLSTACK\\MundoNavidenio365\\vendor\\laravel\\framework\\src\\Illuminate\\Pipeline\\Pipeline.php(183): Illuminate\\Routing\\Middleware\\SubstituteBindings->handle(Object(Illuminate\\Http\\Request), Object(Closure))
#25 C:\\Users\\User\\Desktop\\ING DAVID VEGA\\FULLSTACK\\MundoNavidenio365\\vendor\\laravel\\framework\\src\\Illuminate\\Auth\\Middleware\\Authenticate.php(57): Illuminate\\Pipeline\\Pipeline->Illuminate\\Pipeline\\{closure}(Object(Illuminate\\Http\\Request))
#26 C:\\Users\\User\\Desktop\\ING DAVID VEGA\\FULLSTACK\\MundoNavidenio365\\vendor\\laravel\\framework\\src\\Illuminate\\Pipeline\\Pipeline.php(183): Illuminate\\Auth\\Middleware\\Authenticate->handle(Object(Illuminate\\Http\\Request), Object(Closure))
#27 C:\\Users\\User\\Desktop\\ING DAVID VEGA\\FULLSTACK\\MundoNavidenio365\\vendor\\laravel\\framework\\src\\Illuminate\\Foundation\\Http\\Middleware\\VerifyCsrfToken.php(78): Illuminate\\Pipeline\\Pipeline->Illuminate\\Pipeline\\{closure}(Object(Illuminate\\Http\\Request))
#28 C:\\Users\\User\\Desktop\\ING DAVID VEGA\\FULLSTACK\\MundoNavidenio365\\vendor\\laravel\\framework\\src\\Illuminate\\Pipeline\\Pipeline.php(183): Illuminate\\Foundation\\Http\\Middleware\\VerifyCsrfToken->handle(Object(Illuminate\\Http\\Request), Object(Closure))
#29 C:\\Users\\User\\Desktop\\ING DAVID VEGA\\FULLSTACK\\MundoNavidenio365\\vendor\\laravel\\framework\\src\\Illuminate\\View\\Middleware\\ShareErrorsFromSession.php(49): Illuminate\\Pipeline\\Pipeline->Illuminate\\Pipeline\\{closure}(Object(Illuminate\\Http\\Request))
#30 C:\\Users\\User\\Desktop\\ING DAVID VEGA\\FULLSTACK\\MundoNavidenio365\\vendor\\laravel\\framework\\src\\Illuminate\\Pipeline\\Pipeline.php(183): Illuminate\\View\\Middleware\\ShareErrorsFromSession->handle(Object(Illuminate\\Http\\Request), Object(Closure))
#31 C:\\Users\\User\\Desktop\\ING DAVID VEGA\\FULLSTACK\\MundoNavidenio365\\vendor\\laravel\\framework\\src\\Illuminate\\Session\\Middleware\\StartSession.php(121): Illuminate\\Pipeline\\Pipeline->Illuminate\\Pipeline\\{closure}(Object(Illuminate\\Http\\Request))
#32 C:\\Users\\User\\Desktop\\ING DAVID VEGA\\FULLSTACK\\MundoNavidenio365\\vendor\\laravel\\framework\\src\\Illuminate\\Session\\Middleware\\StartSession.php(64): Illuminate\\Session\\Middleware\\StartSession->handleStatefulRequest(Object(Illuminate\\Http\\Request), Object(Illuminate\\Session\\Store), Object(Closure))
#33 C:\\Users\\User\\Desktop\\ING DAVID VEGA\\FULLSTACK\\MundoNavidenio365\\vendor\\laravel\\framework\\src\\Illuminate\\Pipeline\\Pipeline.php(183): Illuminate\\Session\\Middleware\\StartSession->handle(Object(Illuminate\\Http\\Request), Object(Closure))
#34 C:\\Users\\User\\Desktop\\ING DAVID VEGA\\FULLSTACK\\MundoNavidenio365\\vendor\\laravel\\framework\\src\\Illuminate\\Cookie\\Middleware\\AddQueuedCookiesToResponse.php(37): Illuminate\\Pipeline\\Pipeline->Illuminate\\Pipeline\\{closure}(Object(Illuminate\\Http\\Request))
#35 C:\\Users\\User\\Desktop\\ING DAVID VEGA\\FULLSTACK\\MundoNavidenio365\\vendor\\laravel\\framework\\src\\Illuminate\\Pipeline\\Pipeline.php(183): Illuminate\\Cookie\\Middleware\\AddQueuedCookiesToResponse->handle(Object(Illuminate\\Http\\Request), Object(Closure))
#36 C:\\Users\\User\\Desktop\\ING DAVID VEGA\\FULLSTACK\\MundoNavidenio365\\vendor\\laravel\\framework\\src\\Illuminate\\Cookie\\Middleware\\EncryptCookies.php(67): Illuminate\\Pipeline\\Pipeline->Illuminate\\Pipeline\\{closure}(Object(Illuminate\\Http\\Request))
#37 C:\\Users\\User\\Desktop\\ING DAVID VEGA\\FULLSTACK\\MundoNavidenio365\\vendor\\laravel\\framework\\src\\Illuminate\\Pipeline\\Pipeline.php(183): Illuminate\\Cookie\\Middleware\\EncryptCookies->handle(Object(Illuminate\\Http\\Request), Object(Closure))
#38 C:\\Users\\User\\Desktop\\ING DAVID VEGA\\FULLSTACK\\MundoNavidenio365\\vendor\\laravel\\framework\\src\\Illuminate\\Pipeline\\Pipeline.php(119): Illuminate\\Pipeline\\Pipeline->Illuminate\\Pipeline\\{closure}(Object(Illuminate\\Http\\Request))
#39 C:\\Users\\User\\Desktop\\ING DAVID VEGA\\FULLSTACK\\MundoNavidenio365\\vendor\\laravel\\framework\\src\\Illuminate\\Routing\\Router.php(805): Illuminate\\Pipeline\\Pipeline->then(Object(Closure))
#40 C:\\Users\\User\\Desktop\\ING DAVID VEGA\\FULLSTACK\\MundoNavidenio365\\vendor\\laravel\\framework\\src\\Illuminate\\Routing\\Router.php(784): Illuminate\\Routing\\Router->runRouteWithinStack(Object(Illuminate\\Routing\\Route), Object(Illuminate\\Http\\Request))
#41 C:\\Users\\User\\Desktop\\ING DAVID VEGA\\FULLSTACK\\MundoNavidenio365\\vendor\\laravel\\framework\\src\\Illuminate\\Routing\\Router.php(748): Illuminate\\Routing\\Router->runRoute(Object(Illuminate\\Http\\Request), Object(Illuminate\\Routing\\Route))
#42 C:\\Users\\User\\Desktop\\ING DAVID VEGA\\FULLSTACK\\MundoNavidenio365\\vendor\\laravel\\framework\\src\\Illuminate\\Routing\\Router.php(737): Illuminate\\Routing\\Router->dispatchToRoute(Object(Illuminate\\Http\\Request))
#43 C:\\Users\\User\\Desktop\\ING DAVID VEGA\\FULLSTACK\\MundoNavidenio365\\vendor\\laravel\\framework\\src\\Illuminate\\Foundation\\Http\\Kernel.php(200): Illuminate\\Routing\\Router->dispatch(Object(Illuminate\\Http\\Request))
#44 C:\\Users\\User\\Desktop\\ING DAVID VEGA\\FULLSTACK\\MundoNavidenio365\\vendor\\laravel\\framework\\src\\Illuminate\\Pipeline\\Pipeline.php(144): Illuminate\\Foundation\\Http\\Kernel->Illuminate\\Foundation\\Http\\{closure}(Object(Illuminate\\Http\\Request))
#45 C:\\Users\\User\\Desktop\\ING DAVID VEGA\\FULLSTACK\\MundoNavidenio365\\vendor\\laravel\\framework\\src\\Illuminate\\Foundation\\Http\\Middleware\\TransformsRequest.php(21): Illuminate\\Pipeline\\Pipeline->Illuminate\\Pipeline\\{closure}(Object(Illuminate\\Http\\Request))
#46 C:\\Users\\User\\Desktop\\ING DAVID VEGA\\FULLSTACK\\MundoNavidenio365\\vendor\\laravel\\framework\\src\\Illuminate\\Foundation\\Http\\Middleware\\ConvertEmptyStringsToNull.php(31): Illuminate\\Foundation\\Http\\Middleware\\TransformsRequest->handle(Object(Illuminate\\Http\\Request), Object(Closure))
#47 C:\\Users\\User\\Desktop\\ING DAVID VEGA\\FULLSTACK\\MundoNavidenio365\\vendor\\laravel\\framework\\src\\Illuminate\\Pipeline\\Pipeline.php(183): Illuminate\\Foundation\\Http\\Middleware\\ConvertEmptyStringsToNull->handle(Object(Illuminate\\Http\\Request), Object(Closure))
#48 C:\\Users\\User\\Desktop\\ING DAVID VEGA\\FULLSTACK\\MundoNavidenio365\\vendor\\laravel\\framework\\src\\Illuminate\\Foundation\\Http\\Middleware\\TransformsRequest.php(21): Illuminate\\Pipeline\\Pipeline->Illuminate\\Pipeline\\{closure}(Object(Illuminate\\Http\\Request))
#49 C:\\Users\\User\\Desktop\\ING DAVID VEGA\\FULLSTACK\\MundoNavidenio365\\vendor\\laravel\\framework\\src\\Illuminate\\Foundation\\Http\\Middleware\\TrimStrings.php(40): Illuminate\\Foundation\\Http\\Middleware\\TransformsRequest->handle(Object(Illuminate\\Http\\Request), Object(Closure))
#50 C:\\Users\\User\\Desktop\\ING DAVID VEGA\\FULLSTACK\\MundoNavidenio365\\vendor\\laravel\\framework\\src\\Illuminate\\Pipeline\\Pipeline.php(183): Illuminate\\Foundation\\Http\\Middleware\\TrimStrings->handle(Object(Illuminate\\Http\\Request), Object(Closure))
#51 C:\\Users\\User\\Desktop\\ING DAVID VEGA\\FULLSTACK\\MundoNavidenio365\\vendor\\laravel\\framework\\src\\Illuminate\\Foundation\\Http\\Middleware\\ValidatePostSize.php(27): Illuminate\\Pipeline\\Pipeline->Illuminate\\Pipeline\\{closure}(Object(Illuminate\\Http\\Request))
#52 C:\\Users\\User\\Desktop\\ING DAVID VEGA\\FULLSTACK\\MundoNavidenio365\\vendor\\laravel\\framework\\src\\Illuminate\\Pipeline\\Pipeline.php(183): Illuminate\\Foundation\\Http\\Middleware\\ValidatePostSize->handle(Object(Illuminate\\Http\\Request), Object(Closure))
#53 C:\\Users\\User\\Desktop\\ING DAVID VEGA\\FULLSTACK\\MundoNavidenio365\\vendor\\laravel\\framework\\src\\Illuminate\\Foundation\\Http\\Middleware\\PreventRequestsDuringMaintenance.php(99): Illuminate\\Pipeline\\Pipeline->Illuminate\\Pipeline\\{closure}(Object(Illuminate\\Http\\Request))
#54 C:\\Users\\User\\Desktop\\ING DAVID VEGA\\FULLSTACK\\MundoNavidenio365\\vendor\\laravel\\framework\\src\\Illuminate\\Pipeline\\Pipeline.php(183): Illuminate\\Foundation\\Http\\Middleware\\PreventRequestsDuringMaintenance->handle(Object(Illuminate\\Http\\Request), Object(Closure))
#55 C:\\Users\\User\\Desktop\\ING DAVID VEGA\\FULLSTACK\\MundoNavidenio365\\vendor\\laravel\\framework\\src\\Illuminate\\Http\\Middleware\\HandleCors.php(49): Illuminate\\Pipeline\\Pipeline->Illuminate\\Pipeline\\{closure}(Object(Illuminate\\Http\\Request))
#56 C:\\Users\\User\\Desktop\\ING DAVID VEGA\\FULLSTACK\\MundoNavidenio365\\vendor\\laravel\\framework\\src\\Illuminate\\Pipeline\\Pipeline.php(183): Illuminate\\Http\\Middleware\\HandleCors->handle(Object(Illuminate\\Http\\Request), Object(Closure))
#57 C:\\Users\\User\\Desktop\\ING DAVID VEGA\\FULLSTACK\\MundoNavidenio365\\vendor\\laravel\\framework\\src\\Illuminate\\Http\\Middleware\\TrustProxies.php(39): Illuminate\\Pipeline\\Pipeline->Illuminate\\Pipeline\\{closure}(Object(Illuminate\\Http\\Request))
#58 C:\\Users\\User\\Desktop\\ING DAVID VEGA\\FULLSTACK\\MundoNavidenio365\\vendor\\laravel\\framework\\src\\Illuminate\\Pipeline\\Pipeline.php(183): Illuminate\\Http\\Middleware\\TrustProxies->handle(Object(Illuminate\\Http\\Request), Object(Closure))
#59 C:\\Users\\User\\Desktop\\ING DAVID VEGA\\FULLSTACK\\MundoNavidenio365\\vendor\\laravel\\framework\\src\\Illuminate\\Pipeline\\Pipeline.php(119): Illuminate\\Pipeline\\Pipeline->Illuminate\\Pipeline\\{closure}(Object(Illuminate\\Http\\Request))
#60 C:\\Users\\User\\Desktop\\ING DAVID VEGA\\FULLSTACK\\MundoNavidenio365\\vendor\\laravel\\framework\\src\\Illuminate\\Foundation\\Http\\Kernel.php(175): Illuminate\\Pipeline\\Pipeline->then(Object(Closure))
#61 C:\\Users\\User\\Desktop\\ING DAVID VEGA\\FULLSTACK\\MundoNavidenio365\\vendor\\laravel\\framework\\src\\Illuminate\\Foundation\\Http\\Kernel.php(144): Illuminate\\Foundation\\Http\\Kernel->sendRequestThroughRouter(Object(Illuminate\\Http\\Request))
#62 C:\\Users\\User\\Desktop\\ING DAVID VEGA\\FULLSTACK\\MundoNavidenio365\\public\\index.php(51): Illuminate\\Foundation\\Http\\Kernel->handle(Object(Illuminate\\Http\\Request))
#63 C:\\Users\\User\\Desktop\\ING DAVID VEGA\\FULLSTACK\\MundoNavidenio365\\vendor\\laravel\\framework\\src\\Illuminate\\Foundation\\resources\\server.php(16): require_once('C:\\\\Users\\\\User\\\\D...')
#64 {main}
"} 
[2026-08-04 20:20:25] local.ERROR: SQLSTATE[42S22]: Column not found: 1054 Unknown column 'productos.cantidad_total' in 'field list' (Connection: mysql, SQL: select `productos`.`id`, `productos`.`nombre`, `productos`.`codigo`, `productos`.`cantidad_total`, COALESCE((SELECT vp.precio FROM venta_productos vp
                WHERE vp.producto_id = productos.id
                ORDER BY vp.created_at DESC, vp.id DESC
                LIMIT 1), 0) as pvp, COALESCE(productos.iva, NULL, 15) as iva from `productos` where `productos`.`deleted_at` is null and (`productos`.`nombre` like %1\% or `productos`.`codigo` like %1\%) order by `productos`.`nombre` asc limit 20) {"userId":1,"exception":"[object] (Illuminate\\Database\\QueryException(code: 42S22): SQLSTATE[42S22]: Column not found: 1054 Unknown column 'productos.cantidad_total' in 'field list' (Connection: mysql, SQL: select `productos`.`id`, `productos`.`nombre`, `productos`.`codigo`, `productos`.`cantidad_total`, COALESCE((SELECT vp.precio FROM venta_productos vp
                WHERE vp.producto_id = productos.id
                ORDER BY vp.created_at DESC, vp.id DESC
                LIMIT 1), 0) as pvp, COALESCE(productos.iva, NULL, 15) as iva from `productos` where `productos`.`deleted_at` is null and (`productos`.`nombre` like %1\\% or `productos`.`codigo` like %1\\%) order by `productos`.`nombre` asc limit 20) at C:\\Users\\User\\Desktop\\ING DAVID VEGA\\FULLSTACK\\MundoNavidenio365\\vendor\\laravel\\framework\\src\\Illuminate\\Database\\Connection.php:829)
[stacktrace]
#0 C:\\Users\\User\\Desktop\\ING DAVID VEGA\\FULLSTACK\\MundoNavidenio365\\vendor\\laravel\\framework\\src\\Illuminate\\Database\\Connection.php(783): Illuminate\\Database\\Connection->runQueryCallback('select `product...', Array, Object(Closure))
#1 C:\\Users\\User\\Desktop\\ING DAVID VEGA\\FULLSTACK\\MundoNavidenio365\\vendor\\laravel\\framework\\src\\Illuminate\\Database\\Connection.php(414): Illuminate\\Database\\Connection->run('select `product...', Array, Object(Closure))
#2 C:\\Users\\User\\Desktop\\ING DAVID VEGA\\FULLSTACK\\MundoNavidenio365\\vendor\\laravel\\framework\\src\\Illuminate\\Database\\Query\\Builder.php(2913): Illuminate\\Database\\Connection->select('select `product...', Array, true)
#3 C:\\Users\\User\\Desktop\\ING DAVID VEGA\\FULLSTACK\\MundoNavidenio365\\vendor\\laravel\\framework\\src\\Illuminate\\Database\\Query\\Builder.php(2902): Illuminate\\Database\\Query\\Builder->runSelect()
#4 C:\\Users\\User\\Desktop\\ING DAVID VEGA\\FULLSTACK\\MundoNavidenio365\\vendor\\laravel\\framework\\src\\Illuminate\\Database\\Query\\Builder.php(3456): Illuminate\\Database\\Query\\Builder->Illuminate\\Database\\Query\\{closure}()
#5 C:\\Users\\User\\Desktop\\ING DAVID VEGA\\FULLSTACK\\MundoNavidenio365\\vendor\\laravel\\framework\\src\\Illuminate\\Database\\Query\\Builder.php(2901): Illuminate\\Database\\Query\\Builder->onceWithColumns(Array, Object(Closure))
#6 C:\\Users\\User\\Desktop\\ING DAVID VEGA\\FULLSTACK\\MundoNavidenio365\\app\\Http\\Controllers\\Admin\\VentasController.php(488): Illuminate\\Database\\Query\\Builder->get()
#7 C:\\Users\\User\\Desktop\\ING DAVID VEGA\\FULLSTACK\\MundoNavidenio365\\vendor\\laravel\\framework\\src\\Illuminate\\Routing\\Controller.php(54): App\\Http\\Controllers\\Admin\\VentasController->buscarProductos(Object(Illuminate\\Http\\Request))
#8 C:\\Users\\User\\Desktop\\ING DAVID VEGA\\FULLSTACK\\MundoNavidenio365\\vendor\\laravel\\framework\\src\\Illuminate\\Routing\\ControllerDispatcher.php(43): Illuminate\\Routing\\Controller->callAction('buscarProductos', Array)
#9 C:\\Users\\User\\Desktop\\ING DAVID VEGA\\FULLSTACK\\MundoNavidenio365\\vendor\\laravel\\framework\\src\\Illuminate\\Routing\\Route.php(259): Illuminate\\Routing\\ControllerDispatcher->dispatch(Object(Illuminate\\Routing\\Route), Object(App\\Http\\Controllers\\Admin\\VentasController), 'buscarProductos')
#10 C:\\Users\\User\\Desktop\\ING DAVID VEGA\\FULLSTACK\\MundoNavidenio365\\vendor\\laravel\\framework\\src\\Illuminate\\Routing\\Route.php(205): Illuminate\\Routing\\Route->runController()
#11 C:\\Users\\User\\Desktop\\ING DAVID VEGA\\FULLSTACK\\MundoNavidenio365\\vendor\\laravel\\framework\\src\\Illuminate\\Routing\\Router.php(806): Illuminate\\Routing\\Route->run()
#12 C:\\Users\\User\\Desktop\\ING DAVID VEGA\\FULLSTACK\\MundoNavidenio365\\vendor\\laravel\\framework\\src\\Illuminate\\Pipeline\\Pipeline.php(144): Illuminate\\Routing\\Router->Illuminate\\Routing\\{closure}(Object(Illuminate\\Http\\Request))
#13 C:\\Users\\User\\Desktop\\ING DAVID VEGA\\FULLSTACK\\MundoNavidenio365\\app\\Http\\Middleware\\RoleMiddleware.php(16): Illuminate\\Pipeline\\Pipeline->Illuminate\\Pipeline\\{closure}(Object(Illuminate\\Http\\Request))
#14 C:\\Users\\User\\Desktop\\ING DAVID VEGA\\FULLSTACK\\MundoNavidenio365\\vendor\\laravel\\framework\\src\\Illuminate\\Pipeline\\Pipeline.php(183): App\\Http\\Middleware\\RoleMiddleware->handle(Object(Illuminate\\Http\\Request), Object(Closure), 'Administrador')
#15 C:\\Users\\User\\Desktop\\ING DAVID VEGA\\FULLSTACK\\MundoNavidenio365\\vendor\\laravel\\framework\\src\\Illuminate\\Auth\\Middleware\\EnsureEmailIsVerified.php(41): Illuminate\\Pipeline\\Pipeline->Illuminate\\Pipeline\\{closure}(Object(Illuminate\\Http\\Request))
#16 C:\\Users\\User\\Desktop\\ING DAVID VEGA\\FULLSTACK\\MundoNavidenio365\\vendor\\laravel\\framework\\src\\Illuminate\\Pipeline\\Pipeline.php(183): Illuminate\\Auth\\Middleware\\EnsureEmailIsVerified->handle(Object(Illuminate\\Http\\Request), Object(Closure))
#17 C:\\Users\\User\\Desktop\\ING DAVID VEGA\\FULLSTACK\\MundoNavidenio365\\vendor\\laravel\\framework\\src\\Illuminate\\Http\\Middleware\\AddLinkHeadersForPreloadedAssets.php(20): Illuminate\\Pipeline\\Pipeline->Illuminate\\Pipeline\\{closure}(Object(Illuminate\\Http\\Request))
#18 C:\\Users\\User\\Desktop\\ING DAVID VEGA\\FULLSTACK\\MundoNavidenio365\\vendor\\laravel\\framework\\src\\Illuminate\\Pipeline\\Pipeline.php(183): Illuminate\\Http\\Middleware\\AddLinkHeadersForPreloadedAssets->handle(Object(Illuminate\\Http\\Request), Object(Closure))
#19 C:\\Users\\User\\Desktop\\ING DAVID VEGA\\FULLSTACK\\MundoNavidenio365\\vendor\\inertiajs\\inertia-laravel\\src\\Middleware.php(87): Illuminate\\Pipeline\\Pipeline->Illuminate\\Pipeline\\{closure}(Object(Illuminate\\Http\\Request))
#20 C:\\Users\\User\\Desktop\\ING DAVID VEGA\\FULLSTACK\\MundoNavidenio365\\vendor\\laravel\\framework\\src\\Illuminate\\Pipeline\\Pipeline.php(183): Inertia\\Middleware->handle(Object(Illuminate\\Http\\Request), Object(Closure))
#21 C:\\Users\\User\\Desktop\\ING DAVID VEGA\\FULLSTACK\\MundoNavidenio365\\vendor\\laravel\\framework\\src\\Illuminate\\Routing\\Middleware\\SubstituteBindings.php(50): Illuminate\\Pipeline\\Pipeline->Illuminate\\Pipeline\\{closure}(Object(Illuminate\\Http\\Request))
#22 C:\\Users\\User\\Desktop\\ING DAVID VEGA\\FULLSTACK\\MundoNavidenio365\\vendor\\laravel\\framework\\src\\Illuminate\\Pipeline\\Pipeline.php(183): Illuminate\\Routing\\Middleware\\SubstituteBindings->handle(Object(Illuminate\\Http\\Request), Object(Closure))
#23 C:\\Users\\User\\Desktop\\ING DAVID VEGA\\FULLSTACK\\MundoNavidenio365\\vendor\\laravel\\framework\\src\\Illuminate\\Auth\\Middleware\\Authenticate.php(57): Illuminate\\Pipeline\\Pipeline->Illuminate\\Pipeline\\{closure}(Object(Illuminate\\Http\\Request))
#24 C:\\Users\\User\\Desktop\\ING DAVID VEGA\\FULLSTACK\\MundoNavidenio365\\vendor\\laravel\\framework\\src\\Illuminate\\Pipeline\\Pipeline.php(183): Illuminate\\Auth\\Middleware\\Authenticate->handle(Object(Illuminate\\Http\\Request), Object(Closure))
#25 C:\\Users\\User\\Desktop\\ING DAVID VEGA\\FULLSTACK\\MundoNavidenio365\\vendor\\laravel\\framework\\src\\Illuminate\\Foundation\\Http\\Middleware\\VerifyCsrfToken.php(78): Illuminate\\Pipeline\\Pipeline->Illuminate\\Pipeline\\{closure}(Object(Illuminate\\Http\\Request))
#26 C:\\Users\\User\\Desktop\\ING DAVID VEGA\\FULLSTACK\\MundoNavidenio365\\vendor\\laravel\\framework\\src\\Illuminate\\Pipeline\\Pipeline.php(183): Illuminate\\Foundation\\Http\\Middleware\\VerifyCsrfToken->handle(Object(Illuminate\\Http\\Request), Object(Closure))
#27 C:\\Users\\User\\Desktop\\ING DAVID VEGA\\FULLSTACK\\MundoNavidenio365\\vendor\\laravel\\framework\\src\\Illuminate\\View\\Middleware\\ShareErrorsFromSession.php(49): Illuminate\\Pipeline\\Pipeline->Illuminate\\Pipeline\\{closure}(Object(Illuminate\\Http\\Request))
#28 C:\\Users\\User\\Desktop\\ING DAVID VEGA\\FULLSTACK\\MundoNavidenio365\\vendor\\laravel\\framework\\src\\Illuminate\\Pipeline\\Pipeline.php(183): Illuminate\\View\\Middleware\\ShareErrorsFromSession->handle(Object(Illuminate\\Http\\Request), Object(Closure))
#29 C:\\Users\\User\\Desktop\\ING DAVID VEGA\\FULLSTACK\\MundoNavidenio365\\vendor\\laravel\\framework\\src\\Illuminate\\Session\\Middleware\\StartSession.php(121): Illuminate\\Pipeline\\Pipeline->Illuminate\\Pipeline\\{closure}(Object(Illuminate\\Http\\Request))
#30 C:\\Users\\User\\Desktop\\ING DAVID VEGA\\FULLSTACK\\MundoNavidenio365\\vendor\\laravel\\framework\\src\\Illuminate\\Session\\Middleware\\StartSession.php(64): Illuminate\\Session\\Middleware\\StartSession->handleStatefulRequest(Object(Illuminate\\Http\\Request), Object(Illuminate\\Session\\Store), Object(Closure))
#31 C:\\Users\\User\\Desktop\\ING DAVID VEGA\\FULLSTACK\\MundoNavidenio365\\vendor\\laravel\\framework\\src\\Illuminate\\Pipeline\\Pipeline.php(183): Illuminate\\Session\\Middleware\\StartSession->handle(Object(Illuminate\\Http\\Request), Object(Closure))
#32 C:\\Users\\User\\Desktop\\ING DAVID VEGA\\FULLSTACK\\MundoNavidenio365\\vendor\\laravel\\framework\\src\\Illuminate\\Cookie\\Middleware\\AddQueuedCookiesToResponse.php(37): Illuminate\\Pipeline\\Pipeline->Illuminate\\Pipeline\\{closure}(Object(Illuminate\\Http\\Request))
#33 C:\\Users\\User\\Desktop\\ING DAVID VEGA\\FULLSTACK\\MundoNavidenio365\\vendor\\laravel\\framework\\src\\Illuminate\\Pipeline\\Pipeline.php(183): Illuminate\\Cookie\\Middleware\\AddQueuedCookiesToResponse->handle(Object(Illuminate\\Http\\Request), Object(Closure))
#34 C:\\Users\\User\\Desktop\\ING DAVID VEGA\\FULLSTACK\\MundoNavidenio365\\vendor\\laravel\\framework\\src\\Illuminate\\Cookie\\Middleware\\EncryptCookies.php(67): Illuminate\\Pipeline\\Pipeline->Illuminate\\Pipeline\\{closure}(Object(Illuminate\\Http\\Request))
#35 C:\\Users\\User\\Desktop\\ING DAVID VEGA\\FULLSTACK\\MundoNavidenio365\\vendor\\laravel\\framework\\src\\Illuminate\\Pipeline\\Pipeline.php(183): Illuminate\\Cookie\\Middleware\\EncryptCookies->handle(Object(Illuminate\\Http\\Request), Object(Closure))
#36 C:\\Users\\User\\Desktop\\ING DAVID VEGA\\FULLSTACK\\MundoNavidenio365\\vendor\\laravel\\framework\\src\\Illuminate\\Pipeline\\Pipeline.php(119): Illuminate\\Pipeline\\Pipeline->Illuminate\\Pipeline\\{closure}(Object(Illuminate\\Http\\Request))
#37 C:\\Users\\User\\Desktop\\ING DAVID VEGA\\FULLSTACK\\MundoNavidenio365\\vendor\\laravel\\framework\\src\\Illuminate\\Routing\\Router.php(805): Illuminate\\Pipeline\\Pipeline->then(Object(Closure))
#38 C:\\Users\\User\\Desktop\\ING DAVID VEGA\\FULLSTACK\\MundoNavidenio365\\vendor\\laravel\\framework\\src\\Illuminate\\Routing\\Router.php(784): Illuminate\\Routing\\Router->runRouteWithinStack(Object(Illuminate\\Routing\\Route), Object(Illuminate\\Http\\Request))
#39 C:\\Users\\User\\Desktop\\ING DAVID VEGA\\FULLSTACK\\MundoNavidenio365\\vendor\\laravel\\framework\\src\\Illuminate\\Routing\\Router.php(748): Illuminate\\Routing\\Router->runRoute(Object(Illuminate\\Http\\Request), Object(Illuminate\\Routing\\Route))
#40 C:\\Users\\User\\Desktop\\ING DAVID VEGA\\FULLSTACK\\MundoNavidenio365\\vendor\\laravel\\framework\\src\\Illuminate\\Routing\\Router.php(737): Illuminate\\Routing\\Router->dispatchToRoute(Object(Illuminate\\Http\\Request))
#41 C:\\Users\\User\\Desktop\\ING DAVID VEGA\\FULLSTACK\\MundoNavidenio365\\vendor\\laravel\\framework\\src\\Illuminate\\Foundation\\Http\\Kernel.php(200): Illuminate\\Routing\\Router->dispatch(Object(Illuminate\\Http\\Request))
#42 C:\\Users\\User\\Desktop\\ING DAVID VEGA\\FULLSTACK\\MundoNavidenio365\\vendor\\laravel\\framework\\src\\Illuminate\\Pipeline\\Pipeline.php(144): Illuminate\\Foundation\\Http\\Kernel->Illuminate\\Foundation\\Http\\{closure}(Object(Illuminate\\Http\\Request))
#43 C:\\Users\\User\\Desktop\\ING DAVID VEGA\\FULLSTACK\\MundoNavidenio365\\vendor\\laravel\\framework\\src\\Illuminate\\Foundation\\Http\\Middleware\\TransformsRequest.php(21): Illuminate\\Pipeline\\Pipeline->Illuminate\\Pipeline\\{closure}(Object(Illuminate\\Http\\Request))
#44 C:\\Users\\User\\Desktop\\ING DAVID VEGA\\FULLSTACK\\MundoNavidenio365\\vendor\\laravel\\framework\\src\\Illuminate\\Foundation\\Http\\Middleware\\ConvertEmptyStringsToNull.php(31): Illuminate\\Foundation\\Http\\Middleware\\TransformsRequest->handle(Object(Illuminate\\Http\\Request), Object(Closure))
#45 C:\\Users\\User\\Desktop\\ING DAVID VEGA\\FULLSTACK\\MundoNavidenio365\\vendor\\laravel\\framework\\src\\Illuminate\\Pipeline\\Pipeline.php(183): Illuminate\\Foundation\\Http\\Middleware\\ConvertEmptyStringsToNull->handle(Object(Illuminate\\Http\\Request), Object(Closure))
#46 C:\\Users\\User\\Desktop\\ING DAVID VEGA\\FULLSTACK\\MundoNavidenio365\\vendor\\laravel\\framework\\src\\Illuminate\\Foundation\\Http\\Middleware\\TransformsRequest.php(21): Illuminate\\Pipeline\\Pipeline->Illuminate\\Pipeline\\{closure}(Object(Illuminate\\Http\\Request))
#47 C:\\Users\\User\\Desktop\\ING DAVID VEGA\\FULLSTACK\\MundoNavidenio365\\vendor\\laravel\\framework\\src\\Illuminate\\Foundation\\Http\\Middleware\\TrimStrings.php(40): Illuminate\\Foundation\\Http\\Middleware\\TransformsRequest->handle(Object(Illuminate\\Http\\Request), Object(Closure))
#48 C:\\Users\\User\\Desktop\\ING DAVID VEGA\\FULLSTACK\\MundoNavidenio365\\vendor\\laravel\\framework\\src\\Illuminate\\Pipeline\\Pipeline.php(183): Illuminate\\Foundation\\Http\\Middleware\\TrimStrings->handle(Object(Illuminate\\Http\\Request), Object(Closure))
#49 C:\\Users\\User\\Desktop\\ING DAVID VEGA\\FULLSTACK\\MundoNavidenio365\\vendor\\laravel\\framework\\src\\Illuminate\\Foundation\\Http\\Middleware\\ValidatePostSize.php(27): Illuminate\\Pipeline\\Pipeline->Illuminate\\Pipeline\\{closure}(Object(Illuminate\\Http\\Request))
#50 C:\\Users\\User\\Desktop\\ING DAVID VEGA\\FULLSTACK\\MundoNavidenio365\\vendor\\laravel\\framework\\src\\Illuminate\\Pipeline\\Pipeline.php(183): Illuminate\\Foundation\\Http\\Middleware\\ValidatePostSize->handle(Object(Illuminate\\Http\\Request), Object(Closure))
#51 C:\\Users\\User\\Desktop\\ING DAVID VEGA\\FULLSTACK\\MundoNavidenio365\\vendor\\laravel\\framework\\src\\Illuminate\\Foundation\\Http\\Middleware\\PreventRequestsDuringMaintenance.php(99): Illuminate\\Pipeline\\Pipeline->Illuminate\\Pipeline\\{closure}(Object(Illuminate\\Http\\Request))
#52 C:\\Users\\User\\Desktop\\ING DAVID VEGA\\FULLSTACK\\MundoNavidenio365\\vendor\\laravel\\framework\\src\\Illuminate\\Pipeline\\Pipeline.php(183): Illuminate\\Foundation\\Http\\Middleware\\PreventRequestsDuringMaintenance->handle(Object(Illuminate\\Http\\Request), Object(Closure))
#53 C:\\Users\\User\\Desktop\\ING DAVID VEGA\\FULLSTACK\\MundoNavidenio365\\vendor\\laravel\\framework\\src\\Illuminate\\Http\\Middleware\\HandleCors.php(49): Illuminate\\Pipeline\\Pipeline->Illuminate\\Pipeline\\{closure}(Object(Illuminate\\Http\\Request))
#54 C:\\Users\\User\\Desktop\\ING DAVID VEGA\\FULLSTACK\\MundoNavidenio365\\vendor\\laravel\\framework\\src\\Illuminate\\Pipeline\\Pipeline.php(183): Illuminate\\Http\\Middleware\\HandleCors->handle(Object(Illuminate\\Http\\Request), Object(Closure))
#55 C:\\Users\\User\\Desktop\\ING DAVID VEGA\\FULLSTACK\\MundoNavidenio365\\vendor\\laravel\\framework\\src\\Illuminate\\Http\\Middleware\\TrustProxies.php(39): Illuminate\\Pipeline\\Pipeline->Illuminate\\Pipeline\\{closure}(Object(Illuminate\\Http\\Request))
#56 C:\\Users\\User\\Desktop\\ING DAVID VEGA\\FULLSTACK\\MundoNavidenio365\\vendor\\laravel\\framework\\src\\Illuminate\\Pipeline\\Pipeline.php(183): Illuminate\\Http\\Middleware\\TrustProxies->handle(Object(Illuminate\\Http\\Request), Object(Closure))
#57 C:\\Users\\User\\Desktop\\ING DAVID VEGA\\FULLSTACK\\MundoNavidenio365\\vendor\\laravel\\framework\\src\\Illuminate\\Pipeline\\Pipeline.php(119): Illuminate\\Pipeline\\Pipeline->Illuminate\\Pipeline\\{closure}(Object(Illuminate\\Http\\Request))
#58 C:\\Users\\User\\Desktop\\ING DAVID VEGA\\FULLSTACK\\MundoNavidenio365\\vendor\\laravel\\framework\\src\\Illuminate\\Foundation\\Http\\Kernel.php(175): Illuminate\\Pipeline\\Pipeline->then(Object(Closure))
#59 C:\\Users\\User\\Desktop\\ING DAVID VEGA\\FULLSTACK\\MundoNavidenio365\\vendor\\laravel\\framework\\src\\Illuminate\\Foundation\\Http\\Kernel.php(144): Illuminate\\Foundation\\Http\\Kernel->sendRequestThroughRouter(Object(Illuminate\\Http\\Request))
#60 C:\\Users\\User\\Desktop\\ING DAVID VEGA\\FULLSTACK\\MundoNavidenio365\\public\\index.php(51): Illuminate\\Foundation\\Http\\Kernel->handle(Object(Illuminate\\Http\\Request))
#61 C:\\Users\\User\\Desktop\\ING DAVID VEGA\\FULLSTACK\\MundoNavidenio365\\vendor\\laravel\\framework\\src\\Illuminate\\Foundation\\resources\\server.php(16): require_once('C:\\\\Users\\\\User\\\\D...')
#62 {main}

[previous exception] [object] (PDOException(code: 42S22): SQLSTATE[42S22]: Column not found: 1054 Unknown column 'productos.cantidad_total' in 'field list' at C:\\Users\\User\\Desktop\\ING DAVID VEGA\\FULLSTACK\\MundoNavidenio365\\vendor\\laravel\\framework\\src\\Illuminate\\Database\\Connection.php:423)
[stacktrace]
#0 C:\\Users\\User\\Desktop\\ING DAVID VEGA\\FULLSTACK\\MundoNavidenio365\\vendor\\laravel\\framework\\src\\Illuminate\\Database\\Connection.php(423): PDO->prepare('select `product...')
#1 C:\\Users\\User\\Desktop\\ING DAVID VEGA\\FULLSTACK\\MundoNavidenio365\\vendor\\laravel\\framework\\src\\Illuminate\\Database\\Connection.php(816): Illuminate\\Database\\Connection->Illuminate\\Database\\{closure}('select `product...', Array)
#2 C:\\Users\\User\\Desktop\\ING DAVID VEGA\\FULLSTACK\\MundoNavidenio365\\vendor\\laravel\\framework\\src\\Illuminate\\Database\\Connection.php(783): Illuminate\\Database\\Connection->runQueryCallback('select `product...', Array, Object(Closure))
#3 C:\\Users\\User\\Desktop\\ING DAVID VEGA\\FULLSTACK\\MundoNavidenio365\\vendor\\laravel\\framework\\src\\Illuminate\\Database\\Connection.php(414): Illuminate\\Database\\Connection->run('select `product...', Array, Object(Closure))
#4 C:\\Users\\User\\Desktop\\ING DAVID VEGA\\FULLSTACK\\MundoNavidenio365\\vendor\\laravel\\framework\\src\\Illuminate\\Database\\Query\\Builder.php(2913): Illuminate\\Database\\Connection->select('select `product...', Array, true)
#5 C:\\Users\\User\\Desktop\\ING DAVID VEGA\\FULLSTACK\\MundoNavidenio365\\vendor\\laravel\\framework\\src\\Illuminate\\Database\\Query\\Builder.php(2902): Illuminate\\Database\\Query\\Builder->runSelect()
#6 C:\\Users\\User\\Desktop\\ING DAVID VEGA\\FULLSTACK\\MundoNavidenio365\\vendor\\laravel\\framework\\src\\Illuminate\\Database\\Query\\Builder.php(3456): Illuminate\\Database\\Query\\Builder->Illuminate\\Database\\Query\\{closure}()
#7 C:\\Users\\User\\Desktop\\ING DAVID VEGA\\FULLSTACK\\MundoNavidenio365\\vendor\\laravel\\framework\\src\\Illuminate\\Database\\Query\\Builder.php(2901): Illuminate\\Database\\Query\\Builder->onceWithColumns(Array, Object(Closure))
#8 C:\\Users\\User\\Desktop\\ING DAVID VEGA\\FULLSTACK\\MundoNavidenio365\\app\\Http\\Controllers\\Admin\\VentasController.php(488): Illuminate\\Database\\Query\\Builder->get()
#9 C:\\Users\\User\\Desktop\\ING DAVID VEGA\\FULLSTACK\\MundoNavidenio365\\vendor\\laravel\\framework\\src\\Illuminate\\Routing\\Controller.php(54): App\\Http\\Controllers\\Admin\\VentasController->buscarProductos(Object(Illuminate\\Http\\Request))
#10 C:\\Users\\User\\Desktop\\ING DAVID VEGA\\FULLSTACK\\MundoNavidenio365\\vendor\\laravel\\framework\\src\\Illuminate\\Routing\\ControllerDispatcher.php(43): Illuminate\\Routing\\Controller->callAction('buscarProductos', Array)
#11 C:\\Users\\User\\Desktop\\ING DAVID VEGA\\FULLSTACK\\MundoNavidenio365\\vendor\\laravel\\framework\\src\\Illuminate\\Routing\\Route.php(259): Illuminate\\Routing\\ControllerDispatcher->dispatch(Object(Illuminate\\Routing\\Route), Object(App\\Http\\Controllers\\Admin\\VentasController), 'buscarProductos')
#12 C:\\Users\\User\\Desktop\\ING DAVID VEGA\\FULLSTACK\\MundoNavidenio365\\vendor\\laravel\\framework\\src\\Illuminate\\Routing\\Route.php(205): Illuminate\\Routing\\Route->runController()
#13 C:\\Users\\User\\Desktop\\ING DAVID VEGA\\FULLSTACK\\MundoNavidenio365\\vendor\\laravel\\framework\\src\\Illuminate\\Routing\\Router.php(806): Illuminate\\Routing\\Route->run()
#14 C:\\Users\\User\\Desktop\\ING DAVID VEGA\\FULLSTACK\\MundoNavidenio365\\vendor\\laravel\\framework\\src\\Illuminate\\Pipeline\\Pipeline.php(144): Illuminate\\Routing\\Router->Illuminate\\Routing\\{closure}(Object(Illuminate\\Http\\Request))
#15 C:\\Users\\User\\Desktop\\ING DAVID VEGA\\FULLSTACK\\MundoNavidenio365\\app\\Http\\Middleware\\RoleMiddleware.php(16): Illuminate\\Pipeline\\Pipeline->Illuminate\\Pipeline\\{closure}(Object(Illuminate\\Http\\Request))
#16 C:\\Users\\User\\Desktop\\ING DAVID VEGA\\FULLSTACK\\MundoNavidenio365\\vendor\\laravel\\framework\\src\\Illuminate\\Pipeline\\Pipeline.php(183): App\\Http\\Middleware\\RoleMiddleware->handle(Object(Illuminate\\Http\\Request), Object(Closure), 'Administrador')
#17 C:\\Users\\User\\Desktop\\ING DAVID VEGA\\FULLSTACK\\MundoNavidenio365\\vendor\\laravel\\framework\\src\\Illuminate\\Auth\\Middleware\\EnsureEmailIsVerified.php(41): Illuminate\\Pipeline\\Pipeline->Illuminate\\Pipeline\\{closure}(Object(Illuminate\\Http\\Request))
#18 C:\\Users\\User\\Desktop\\ING DAVID VEGA\\FULLSTACK\\MundoNavidenio365\\vendor\\laravel\\framework\\src\\Illuminate\\Pipeline\\Pipeline.php(183): Illuminate\\Auth\\Middleware\\EnsureEmailIsVerified->handle(Object(Illuminate\\Http\\Request), Object(Closure))
#19 C:\\Users\\User\\Desktop\\ING DAVID VEGA\\FULLSTACK\\MundoNavidenio365\\vendor\\laravel\\framework\\src\\Illuminate\\Http\\Middleware\\AddLinkHeadersForPreloadedAssets.php(20): Illuminate\\Pipeline\\Pipeline->Illuminate\\Pipeline\\{closure}(Object(Illuminate\\Http\\Request))
#20 C:\\Users\\User\\Desktop\\ING DAVID VEGA\\FULLSTACK\\MundoNavidenio365\\vendor\\laravel\\framework\\src\\Illuminate\\Pipeline\\Pipeline.php(183): Illuminate\\Http\\Middleware\\AddLinkHeadersForPreloadedAssets->handle(Object(Illuminate\\Http\\Request), Object(Closure))
#21 C:\\Users\\User\\Desktop\\ING DAVID VEGA\\FULLSTACK\\MundoNavidenio365\\vendor\\inertiajs\\inertia-laravel\\src\\Middleware.php(87): Illuminate\\Pipeline\\Pipeline->Illuminate\\Pipeline\\{closure}(Object(Illuminate\\Http\\Request))
#22 C:\\Users\\User\\Desktop\\ING DAVID VEGA\\FULLSTACK\\MundoNavidenio365\\vendor\\laravel\\framework\\src\\Illuminate\\Pipeline\\Pipeline.php(183): Inertia\\Middleware->handle(Object(Illuminate\\Http\\Request), Object(Closure))
#23 C:\\Users\\User\\Desktop\\ING DAVID VEGA\\FULLSTACK\\MundoNavidenio365\\vendor\\laravel\\framework\\src\\Illuminate\\Routing\\Middleware\\SubstituteBindings.php(50): Illuminate\\Pipeline\\Pipeline->Illuminate\\Pipeline\\{closure}(Object(Illuminate\\Http\\Request))
#24 C:\\Users\\User\\Desktop\\ING DAVID VEGA\\FULLSTACK\\MundoNavidenio365\\vendor\\laravel\\framework\\src\\Illuminate\\Pipeline\\Pipeline.php(183): Illuminate\\Routing\\Middleware\\SubstituteBindings->handle(Object(Illuminate\\Http\\Request), Object(Closure))
#25 C:\\Users\\User\\Desktop\\ING DAVID VEGA\\FULLSTACK\\MundoNavidenio365\\vendor\\laravel\\framework\\src\\Illuminate\\Auth\\Middleware\\Authenticate.php(57): Illuminate\\Pipeline\\Pipeline->Illuminate\\Pipeline\\{closure}(Object(Illuminate\\Http\\Request))
#26 C:\\Users\\User\\Desktop\\ING DAVID VEGA\\FULLSTACK\\MundoNavidenio365\\vendor\\laravel\\framework\\src\\Illuminate\\Pipeline\\Pipeline.php(183): Illuminate\\Auth\\Middleware\\Authenticate->handle(Object(Illuminate\\Http\\Request), Object(Closure))
#27 C:\\Users\\User\\Desktop\\ING DAVID VEGA\\FULLSTACK\\MundoNavidenio365\\vendor\\laravel\\framework\\src\\Illuminate\\Foundation\\Http\\Middleware\\VerifyCsrfToken.php(78): Illuminate\\Pipeline\\Pipeline->Illuminate\\Pipeline\\{closure}(Object(Illuminate\\Http\\Request))
#28 C:\\Users\\User\\Desktop\\ING DAVID VEGA\\FULLSTACK\\MundoNavidenio365\\vendor\\laravel\\framework\\src\\Illuminate\\Pipeline\\Pipeline.php(183): Illuminate\\Foundation\\Http\\Middleware\\VerifyCsrfToken->handle(Object(Illuminate\\Http\\Request), Object(Closure))
#29 C:\\Users\\User\\Desktop\\ING DAVID VEGA\\FULLSTACK\\MundoNavidenio365\\vendor\\laravel\\framework\\src\\Illuminate\\View\\Middleware\\ShareErrorsFromSession.php(49): Illuminate\\Pipeline\\Pipeline->Illuminate\\Pipeline\\{closure}(Object(Illuminate\\Http\\Request))
#30 C:\\Users\\User\\Desktop\\ING DAVID VEGA\\FULLSTACK\\MundoNavidenio365\\vendor\\laravel\\framework\\src\\Illuminate\\Pipeline\\Pipeline.php(183): Illuminate\\View\\Middleware\\ShareErrorsFromSession->handle(Object(Illuminate\\Http\\Request), Object(Closure))
#31 C:\\Users\\User\\Desktop\\ING DAVID VEGA\\FULLSTACK\\MundoNavidenio365\\vendor\\laravel\\framework\\src\\Illuminate\\Session\\Middleware\\StartSession.php(121): Illuminate\\Pipeline\\Pipeline->Illuminate\\Pipeline\\{closure}(Object(Illuminate\\Http\\Request))
#32 C:\\Users\\User\\Desktop\\ING DAVID VEGA\\FULLSTACK\\MundoNavidenio365\\vendor\\laravel\\framework\\src\\Illuminate\\Session\\Middleware\\StartSession.php(64): Illuminate\\Session\\Middleware\\StartSession->handleStatefulRequest(Object(Illuminate\\Http\\Request), Object(Illuminate\\Session\\Store), Object(Closure))
#33 C:\\Users\\User\\Desktop\\ING DAVID VEGA\\FULLSTACK\\MundoNavidenio365\\vendor\\laravel\\framework\\src\\Illuminate\\Pipeline\\Pipeline.php(183): Illuminate\\Session\\Middleware\\StartSession->handle(Object(Illuminate\\Http\\Request), Object(Closure))
#34 C:\\Users\\User\\Desktop\\ING DAVID VEGA\\FULLSTACK\\MundoNavidenio365\\vendor\\laravel\\framework\\src\\Illuminate\\Cookie\\Middleware\\AddQueuedCookiesToResponse.php(37): Illuminate\\Pipeline\\Pipeline->Illuminate\\Pipeline\\{closure}(Object(Illuminate\\Http\\Request))
#35 C:\\Users\\User\\Desktop\\ING DAVID VEGA\\FULLSTACK\\MundoNavidenio365\\vendor\\laravel\\framework\\src\\Illuminate\\Pipeline\\Pipeline.php(183): Illuminate\\Cookie\\Middleware\\AddQueuedCookiesToResponse->handle(Object(Illuminate\\Http\\Request), Object(Closure))
#36 C:\\Users\\User\\Desktop\\ING DAVID VEGA\\FULLSTACK\\MundoNavidenio365\\vendor\\laravel\\framework\\src\\Illuminate\\Cookie\\Middleware\\EncryptCookies.php(67): Illuminate\\Pipeline\\Pipeline->Illuminate\\Pipeline\\{closure}(Object(Illuminate\\Http\\Request))
#37 C:\\Users\\User\\Desktop\\ING DAVID VEGA\\FULLSTACK\\MundoNavidenio365\\vendor\\laravel\\framework\\src\\Illuminate\\Pipeline\\Pipeline.php(183): Illuminate\\Cookie\\Middleware\\EncryptCookies->handle(Object(Illuminate\\Http\\Request), Object(Closure))
#38 C:\\Users\\User\\Desktop\\ING DAVID VEGA\\FULLSTACK\\MundoNavidenio365\\vendor\\laravel\\framework\\src\\Illuminate\\Pipeline\\Pipeline.php(119): Illuminate\\Pipeline\\Pipeline->Illuminate\\Pipeline\\{closure}(Object(Illuminate\\Http\\Request))
#39 C:\\Users\\User\\Desktop\\ING DAVID VEGA\\FULLSTACK\\MundoNavidenio365\\vendor\\laravel\\framework\\src\\Illuminate\\Routing\\Router.php(805): Illuminate\\Pipeline\\Pipeline->then(Object(Closure))
#40 C:\\Users\\User\\Desktop\\ING DAVID VEGA\\FULLSTACK\\MundoNavidenio365\\vendor\\laravel\\framework\\src\\Illuminate\\Routing\\Router.php(784): Illuminate\\Routing\\Router->runRouteWithinStack(Object(Illuminate\\Routing\\Route), Object(Illuminate\\Http\\Request))
#41 C:\\Users\\User\\Desktop\\ING DAVID VEGA\\FULLSTACK\\MundoNavidenio365\\vendor\\laravel\\framework\\src\\Illuminate\\Routing\\Router.php(748): Illuminate\\Routing\\Router->runRoute(Object(Illuminate\\Http\\Request), Object(Illuminate\\Routing\\Route))
#42 C:\\Users\\User\\Desktop\\ING DAVID VEGA\\FULLSTACK\\MundoNavidenio365\\vendor\\laravel\\framework\\src\\Illuminate\\Routing\\Router.php(737): Illuminate\\Routing\\Router->dispatchToRoute(Object(Illuminate\\Http\\Request))
#43 C:\\Users\\User\\Desktop\\ING DAVID VEGA\\FULLSTACK\\MundoNavidenio365\\vendor\\laravel\\framework\\src\\Illuminate\\Foundation\\Http\\Kernel.php(200): Illuminate\\Routing\\Router->dispatch(Object(Illuminate\\Http\\Request))
#44 C:\\Users\\User\\Desktop\\ING DAVID VEGA\\FULLSTACK\\MundoNavidenio365\\vendor\\laravel\\framework\\src\\Illuminate\\Pipeline\\Pipeline.php(144): Illuminate\\Foundation\\Http\\Kernel->Illuminate\\Foundation\\Http\\{closure}(Object(Illuminate\\Http\\Request))
#45 C:\\Users\\User\\Desktop\\ING DAVID VEGA\\FULLSTACK\\MundoNavidenio365\\vendor\\laravel\\framework\\src\\Illuminate\\Foundation\\Http\\Middleware\\TransformsRequest.php(21): Illuminate\\Pipeline\\Pipeline->Illuminate\\Pipeline\\{closure}(Object(Illuminate\\Http\\Request))
#46 C:\\Users\\User\\Desktop\\ING DAVID VEGA\\FULLSTACK\\MundoNavidenio365\\vendor\\laravel\\framework\\src\\Illuminate\\Foundation\\Http\\Middleware\\ConvertEmptyStringsToNull.php(31): Illuminate\\Foundation\\Http\\Middleware\\TransformsRequest->handle(Object(Illuminate\\Http\\Request), Object(Closure))
#47 C:\\Users\\User\\Desktop\\ING DAVID VEGA\\FULLSTACK\\MundoNavidenio365\\vendor\\laravel\\framework\\src\\Illuminate\\Pipeline\\Pipeline.php(183): Illuminate\\Foundation\\Http\\Middleware\\ConvertEmptyStringsToNull->handle(Object(Illuminate\\Http\\Request), Object(Closure))
#48 C:\\Users\\User\\Desktop\\ING DAVID VEGA\\FULLSTACK\\MundoNavidenio365\\vendor\\laravel\\framework\\src\\Illuminate\\Foundation\\Http\\Middleware\\TransformsRequest.php(21): Illuminate\\Pipeline\\Pipeline->Illuminate\\Pipeline\\{closure}(Object(Illuminate\\Http\\Request))
#49 C:\\Users\\User\\Desktop\\ING DAVID VEGA\\FULLSTACK\\MundoNavidenio365\\vendor\\laravel\\framework\\src\\Illuminate\\Foundation\\Http\\Middleware\\TrimStrings.php(40): Illuminate\\Foundation\\Http\\Middleware\\TransformsRequest->handle(Object(Illuminate\\Http\\Request), Object(Closure))
#50 C:\\Users\\User\\Desktop\\ING DAVID VEGA\\FULLSTACK\\MundoNavidenio365\\vendor\\laravel\\framework\\src\\Illuminate\\Pipeline\\Pipeline.php(183): Illuminate\\Foundation\\Http\\Middleware\\TrimStrings->handle(Object(Illuminate\\Http\\Request), Object(Closure))
#51 C:\\Users\\User\\Desktop\\ING DAVID VEGA\\FULLSTACK\\MundoNavidenio365\\vendor\\laravel\\framework\\src\\Illuminate\\Foundation\\Http\\Middleware\\ValidatePostSize.php(27): Illuminate\\Pipeline\\Pipeline->Illuminate\\Pipeline\\{closure}(Object(Illuminate\\Http\\Request))
#52 C:\\Users\\User\\Desktop\\ING DAVID VEGA\\FULLSTACK\\MundoNavidenio365\\vendor\\laravel\\framework\\src\\Illuminate\\Pipeline\\Pipeline.php(183): Illuminate\\Foundation\\Http\\Middleware\\ValidatePostSize->handle(Object(Illuminate\\Http\\Request), Object(Closure))
#53 C:\\Users\\User\\Desktop\\ING DAVID VEGA\\FULLSTACK\\MundoNavidenio365\\vendor\\laravel\\framework\\src\\Illuminate\\Foundation\\Http\\Middleware\\PreventRequestsDuringMaintenance.php(99): Illuminate\\Pipeline\\Pipeline->Illuminate\\Pipeline\\{closure}(Object(Illuminate\\Http\\Request))
#54 C:\\Users\\User\\Desktop\\ING DAVID VEGA\\FULLSTACK\\MundoNavidenio365\\vendor\\laravel\\framework\\src\\Illuminate\\Pipeline\\Pipeline.php(183): Illuminate\\Foundation\\Http\\Middleware\\PreventRequestsDuringMaintenance->handle(Object(Illuminate\\Http\\Request), Object(Closure))
#55 C:\\Users\\User\\Desktop\\ING DAVID VEGA\\FULLSTACK\\MundoNavidenio365\\vendor\\laravel\\framework\\src\\Illuminate\\Http\\Middleware\\HandleCors.php(49): Illuminate\\Pipeline\\Pipeline->Illuminate\\Pipeline\\{closure}(Object(Illuminate\\Http\\Request))
#56 C:\\Users\\User\\Desktop\\ING DAVID VEGA\\FULLSTACK\\MundoNavidenio365\\vendor\\laravel\\framework\\src\\Illuminate\\Pipeline\\Pipeline.php(183): Illuminate\\Http\\Middleware\\HandleCors->handle(Object(Illuminate\\Http\\Request), Object(Closure))
#57 C:\\Users\\User\\Desktop\\ING DAVID VEGA\\FULLSTACK\\MundoNavidenio365\\vendor\\laravel\\framework\\src\\Illuminate\\Http\\Middleware\\TrustProxies.php(39): Illuminate\\Pipeline\\Pipeline->Illuminate\\Pipeline\\{closure}(Object(Illuminate\\Http\\Request))
#58 C:\\Users\\User\\Desktop\\ING DAVID VEGA\\FULLSTACK\\MundoNavidenio365\\vendor\\laravel\\framework\\src\\Illuminate\\Pipeline\\Pipeline.php(183): Illuminate\\Http\\Middleware\\TrustProxies->handle(Object(Illuminate\\Http\\Request), Object(Closure))
#59 C:\\Users\\User\\Desktop\\ING DAVID VEGA\\FULLSTACK\\MundoNavidenio365\\vendor\\laravel\\framework\\src\\Illuminate\\Pipeline\\Pipeline.php(119): Illuminate\\Pipeline\\Pipeline->Illuminate\\Pipeline\\{closure}(Object(Illuminate\\Http\\Request))
#60 C:\\Users\\User\\Desktop\\ING DAVID VEGA\\FULLSTACK\\MundoNavidenio365\\vendor\\laravel\\framework\\src\\Illuminate\\Foundation\\Http\\Kernel.php(175): Illuminate\\Pipeline\\Pipeline->then(Object(Closure))
#61 C:\\Users\\User\\Desktop\\ING DAVID VEGA\\FULLSTACK\\MundoNavidenio365\\vendor\\laravel\\framework\\src\\Illuminate\\Foundation\\Http\\Kernel.php(144): Illuminate\\Foundation\\Http\\Kernel->sendRequestThroughRouter(Object(Illuminate\\Http\\Request))
#62 C:\\Users\\User\\Desktop\\ING DAVID VEGA\\FULLSTACK\\MundoNavidenio365\\public\\index.php(51): Illuminate\\Foundation\\Http\\Kernel->handle(Object(Illuminate\\Http\\Request))
#63 C:\\Users\\User\\Desktop\\ING DAVID VEGA\\FULLSTACK\\MundoNavidenio365\\vendor\\laravel\\framework\\src\\Illuminate\\Foundation\\resources\\server.php(16): require_once('C:\\\\Users\\\\User\\\\D...')
#64 {main}
"} 
[2026-08-04 20:20:25] local.ERROR: SQLSTATE[42S22]: Column not found: 1054 Unknown column 'productos.cantidad_total' in 'field list' (Connection: mysql, SQL: select `productos`.`id`, `productos`.`nombre`, `productos`.`codigo`, `productos`.`cantidad_total`, COALESCE((SELECT vp.precio FROM venta_productos vp
                WHERE vp.producto_id = productos.id
                ORDER BY vp.created_at DESC, vp.id DESC
                LIMIT 1), 0) as pvp, COALESCE(productos.iva, NULL, 15) as iva from `productos` where `productos`.`deleted_at` is null and `productos`.`id` = 1 limit 1) {"userId":1,"exception":"[object] (Illuminate\\Database\\QueryException(code: 42S22): SQLSTATE[42S22]: Column not found: 1054 Unknown column 'productos.cantidad_total' in 'field list' (Connection: mysql, SQL: select `productos`.`id`, `productos`.`nombre`, `productos`.`codigo`, `productos`.`cantidad_total`, COALESCE((SELECT vp.precio FROM venta_productos vp
                WHERE vp.producto_id = productos.id
                ORDER BY vp.created_at DESC, vp.id DESC
                LIMIT 1), 0) as pvp, COALESCE(productos.iva, NULL, 15) as iva from `productos` where `productos`.`deleted_at` is null and `productos`.`id` = 1 limit 1) at C:\\Users\\User\\Desktop\\ING DAVID VEGA\\FULLSTACK\\MundoNavidenio365\\vendor\\laravel\\framework\\src\\Illuminate\\Database\\Connection.php:829)
[stacktrace]
#0 C:\\Users\\User\\Desktop\\ING DAVID VEGA\\FULLSTACK\\MundoNavidenio365\\vendor\\laravel\\framework\\src\\Illuminate\\Database\\Connection.php(783): Illuminate\\Database\\Connection->runQueryCallback('select `product...', Array, Object(Closure))
#1 C:\\Users\\User\\Desktop\\ING DAVID VEGA\\FULLSTACK\\MundoNavidenio365\\vendor\\laravel\\framework\\src\\Illuminate\\Database\\Connection.php(414): Illuminate\\Database\\Connection->run('select `product...', Array, Object(Closure))
#2 C:\\Users\\User\\Desktop\\ING DAVID VEGA\\FULLSTACK\\MundoNavidenio365\\vendor\\laravel\\framework\\src\\Illuminate\\Database\\Query\\Builder.php(2913): Illuminate\\Database\\Connection->select('select `product...', Array, true)
#3 C:\\Users\\User\\Desktop\\ING DAVID VEGA\\FULLSTACK\\MundoNavidenio365\\vendor\\laravel\\framework\\src\\Illuminate\\Database\\Query\\Builder.php(2902): Illuminate\\Database\\Query\\Builder->runSelect()
#4 C:\\Users\\User\\Desktop\\ING DAVID VEGA\\FULLSTACK\\MundoNavidenio365\\vendor\\laravel\\framework\\src\\Illuminate\\Database\\Query\\Builder.php(3456): Illuminate\\Database\\Query\\Builder->Illuminate\\Database\\Query\\{closure}()
#5 C:\\Users\\User\\Desktop\\ING DAVID VEGA\\FULLSTACK\\MundoNavidenio365\\vendor\\laravel\\framework\\src\\Illuminate\\Database\\Query\\Builder.php(2901): Illuminate\\Database\\Query\\Builder->onceWithColumns(Array, Object(Closure))
#6 C:\\Users\\User\\Desktop\\ING DAVID VEGA\\FULLSTACK\\MundoNavidenio365\\app\\Http\\Controllers\\Admin\\VentasController.php(471): Illuminate\\Database\\Query\\Builder->get()
#7 C:\\Users\\User\\Desktop\\ING DAVID VEGA\\FULLSTACK\\MundoNavidenio365\\vendor\\laravel\\framework\\src\\Illuminate\\Routing\\Controller.php(54): App\\Http\\Controllers\\Admin\\VentasController->buscarProductos(Object(Illuminate\\Http\\Request))
#8 C:\\Users\\User\\Desktop\\ING DAVID VEGA\\FULLSTACK\\MundoNavidenio365\\vendor\\laravel\\framework\\src\\Illuminate\\Routing\\ControllerDispatcher.php(43): Illuminate\\Routing\\Controller->callAction('buscarProductos', Array)
#9 C:\\Users\\User\\Desktop\\ING DAVID VEGA\\FULLSTACK\\MundoNavidenio365\\vendor\\laravel\\framework\\src\\Illuminate\\Routing\\Route.php(259): Illuminate\\Routing\\ControllerDispatcher->dispatch(Object(Illuminate\\Routing\\Route), Object(App\\Http\\Controllers\\Admin\\VentasController), 'buscarProductos')
#10 C:\\Users\\User\\Desktop\\ING DAVID VEGA\\FULLSTACK\\MundoNavidenio365\\vendor\\laravel\\framework\\src\\Illuminate\\Routing\\Route.php(205): Illuminate\\Routing\\Route->runController()
#11 C:\\Users\\User\\Desktop\\ING DAVID VEGA\\FULLSTACK\\MundoNavidenio365\\vendor\\laravel\\framework\\src\\Illuminate\\Routing\\Router.php(806): Illuminate\\Routing\\Route->run()
#12 C:\\Users\\User\\Desktop\\ING DAVID VEGA\\FULLSTACK\\MundoNavidenio365\\vendor\\laravel\\framework\\src\\Illuminate\\Pipeline\\Pipeline.php(144): Illuminate\\Routing\\Router->Illuminate\\Routing\\{closure}(Object(Illuminate\\Http\\Request))
#13 C:\\Users\\User\\Desktop\\ING DAVID VEGA\\FULLSTACK\\MundoNavidenio365\\app\\Http\\Middleware\\RoleMiddleware.php(16): Illuminate\\Pipeline\\Pipeline->Illuminate\\Pipeline\\{closure}(Object(Illuminate\\Http\\Request))
#14 C:\\Users\\User\\Desktop\\ING DAVID VEGA\\FULLSTACK\\MundoNavidenio365\\vendor\\laravel\\framework\\src\\Illuminate\\Pipeline\\Pipeline.php(183): App\\Http\\Middleware\\RoleMiddleware->handle(Object(Illuminate\\Http\\Request), Object(Closure), 'Administrador')
#15 C:\\Users\\User\\Desktop\\ING DAVID VEGA\\FULLSTACK\\MundoNavidenio365\\vendor\\laravel\\framework\\src\\Illuminate\\Auth\\Middleware\\EnsureEmailIsVerified.php(41): Illuminate\\Pipeline\\Pipeline->Illuminate\\Pipeline\\{closure}(Object(Illuminate\\Http\\Request))
#16 C:\\Users\\User\\Desktop\\ING DAVID VEGA\\FULLSTACK\\MundoNavidenio365\\vendor\\laravel\\framework\\src\\Illuminate\\Pipeline\\Pipeline.php(183): Illuminate\\Auth\\Middleware\\EnsureEmailIsVerified->handle(Object(Illuminate\\Http\\Request), Object(Closure))
#17 C:\\Users\\User\\Desktop\\ING DAVID VEGA\\FULLSTACK\\MundoNavidenio365\\vendor\\laravel\\framework\\src\\Illuminate\\Http\\Middleware\\AddLinkHeadersForPreloadedAssets.php(20): Illuminate\\Pipeline\\Pipeline->Illuminate\\Pipeline\\{closure}(Object(Illuminate\\Http\\Request))
#18 C:\\Users\\User\\Desktop\\ING DAVID VEGA\\FULLSTACK\\MundoNavidenio365\\vendor\\laravel\\framework\\src\\Illuminate\\Pipeline\\Pipeline.php(183): Illuminate\\Http\\Middleware\\AddLinkHeadersForPreloadedAssets->handle(Object(Illuminate\\Http\\Request), Object(Closure))
#19 C:\\Users\\User\\Desktop\\ING DAVID VEGA\\FULLSTACK\\MundoNavidenio365\\vendor\\inertiajs\\inertia-laravel\\src\\Middleware.php(87): Illuminate\\Pipeline\\Pipeline->Illuminate\\Pipeline\\{closure}(Object(Illuminate\\Http\\Request))
#20 C:\\Users\\User\\Desktop\\ING DAVID VEGA\\FULLSTACK\\MundoNavidenio365\\vendor\\laravel\\framework\\src\\Illuminate\\Pipeline\\Pipeline.php(183): Inertia\\Middleware->handle(Object(Illuminate\\Http\\Request), Object(Closure))
#21 C:\\Users\\User\\Desktop\\ING DAVID VEGA\\FULLSTACK\\MundoNavidenio365\\vendor\\laravel\\framework\\src\\Illuminate\\Routing\\Middleware\\SubstituteBindings.php(50): Illuminate\\Pipeline\\Pipeline->Illuminate\\Pipeline\\{closure}(Object(Illuminate\\Http\\Request))
#22 C:\\Users\\User\\Desktop\\ING DAVID VEGA\\FULLSTACK\\MundoNavidenio365\\vendor\\laravel\\framework\\src\\Illuminate\\Pipeline\\Pipeline.php(183): Illuminate\\Routing\\Middleware\\SubstituteBindings->handle(Object(Illuminate\\Http\\Request), Object(Closure))
#23 C:\\Users\\User\\Desktop\\ING DAVID VEGA\\FULLSTACK\\MundoNavidenio365\\vendor\\laravel\\framework\\src\\Illuminate\\Auth\\Middleware\\Authenticate.php(57): Illuminate\\Pipeline\\Pipeline->Illuminate\\Pipeline\\{closure}(Object(Illuminate\\Http\\Request))
#24 C:\\Users\\User\\Desktop\\ING DAVID VEGA\\FULLSTACK\\MundoNavidenio365\\vendor\\laravel\\framework\\src\\Illuminate\\Pipeline\\Pipeline.php(183): Illuminate\\Auth\\Middleware\\Authenticate->handle(Object(Illuminate\\Http\\Request), Object(Closure))
#25 C:\\Users\\User\\Desktop\\ING DAVID VEGA\\FULLSTACK\\MundoNavidenio365\\vendor\\laravel\\framework\\src\\Illuminate\\Foundation\\Http\\Middleware\\VerifyCsrfToken.php(78): Illuminate\\Pipeline\\Pipeline->Illuminate\\Pipeline\\{closure}(Object(Illuminate\\Http\\Request))
#26 C:\\Users\\User\\Desktop\\ING DAVID VEGA\\FULLSTACK\\MundoNavidenio365\\vendor\\laravel\\framework\\src\\Illuminate\\Pipeline\\Pipeline.php(183): Illuminate\\Foundation\\Http\\Middleware\\VerifyCsrfToken->handle(Object(Illuminate\\Http\\Request), Object(Closure))
#27 C:\\Users\\User\\Desktop\\ING DAVID VEGA\\FULLSTACK\\MundoNavidenio365\\vendor\\laravel\\framework\\src\\Illuminate\\View\\Middleware\\ShareErrorsFromSession.php(49): Illuminate\\Pipeline\\Pipeline->Illuminate\\Pipeline\\{closure}(Object(Illuminate\\Http\\Request))
#28 C:\\Users\\User\\Desktop\\ING DAVID VEGA\\FULLSTACK\\MundoNavidenio365\\vendor\\laravel\\framework\\src\\Illuminate\\Pipeline\\Pipeline.php(183): Illuminate\\View\\Middleware\\ShareErrorsFromSession->handle(Object(Illuminate\\Http\\Request), Object(Closure))
#29 C:\\Users\\User\\Desktop\\ING DAVID VEGA\\FULLSTACK\\MundoNavidenio365\\vendor\\laravel\\framework\\src\\Illuminate\\Session\\Middleware\\StartSession.php(121): Illuminate\\Pipeline\\Pipeline->Illuminate\\Pipeline\\{closure}(Object(Illuminate\\Http\\Request))
#30 C:\\Users\\User\\Desktop\\ING DAVID VEGA\\FULLSTACK\\MundoNavidenio365\\vendor\\laravel\\framework\\src\\Illuminate\\Session\\Middleware\\StartSession.php(64): Illuminate\\Session\\Middleware\\StartSession->handleStatefulRequest(Object(Illuminate\\Http\\Request), Object(Illuminate\\Session\\Store), Object(Closure))
#31 C:\\Users\\User\\Desktop\\ING DAVID VEGA\\FULLSTACK\\MundoNavidenio365\\vendor\\laravel\\framework\\src\\Illuminate\\Pipeline\\Pipeline.php(183): Illuminate\\Session\\Middleware\\StartSession->handle(Object(Illuminate\\Http\\Request), Object(Closure))
#32 C:\\Users\\User\\Desktop\\ING DAVID VEGA\\FULLSTACK\\MundoNavidenio365\\vendor\\laravel\\framework\\src\\Illuminate\\Cookie\\Middleware\\AddQueuedCookiesToResponse.php(37): Illuminate\\Pipeline\\Pipeline->Illuminate\\Pipeline\\{closure}(Object(Illuminate\\Http\\Request))
#33 C:\\Users\\User\\Desktop\\ING DAVID VEGA\\FULLSTACK\\MundoNavidenio365\\vendor\\laravel\\framework\\src\\Illuminate\\Pipeline\\Pipeline.php(183): Illuminate\\Cookie\\Middleware\\AddQueuedCookiesToResponse->handle(Object(Illuminate\\Http\\Request), Object(Closure))
#34 C:\\Users\\User\\Desktop\\ING DAVID VEGA\\FULLSTACK\\MundoNavidenio365\\vendor\\laravel\\framework\\src\\Illuminate\\Cookie\\Middleware\\EncryptCookies.php(67): Illuminate\\Pipeline\\Pipeline->Illuminate\\Pipeline\\{closure}(Object(Illuminate\\Http\\Request))
#35 C:\\Users\\User\\Desktop\\ING DAVID VEGA\\FULLSTACK\\MundoNavidenio365\\vendor\\laravel\\framework\\src\\Illuminate\\Pipeline\\Pipeline.php(183): Illuminate\\Cookie\\Middleware\\EncryptCookies->handle(Object(Illuminate\\Http\\Request), Object(Closure))
#36 C:\\Users\\User\\Desktop\\ING DAVID VEGA\\FULLSTACK\\MundoNavidenio365\\vendor\\laravel\\framework\\src\\Illuminate\\Pipeline\\Pipeline.php(119): Illuminate\\Pipeline\\Pipeline->Illuminate\\Pipeline\\{closure}(Object(Illuminate\\Http\\Request))
#37 C:\\Users\\User\\Desktop\\ING DAVID VEGA\\FULLSTACK\\MundoNavidenio365\\vendor\\laravel\\framework\\src\\Illuminate\\Routing\\Router.php(805): Illuminate\\Pipeline\\Pipeline->then(Object(Closure))
#38 C:\\Users\\User\\Desktop\\ING DAVID VEGA\\FULLSTACK\\MundoNavidenio365\\vendor\\laravel\\framework\\src\\Illuminate\\Routing\\Router.php(784): Illuminate\\Routing\\Router->runRouteWithinStack(Object(Illuminate\\Routing\\Route), Object(Illuminate\\Http\\Request))
#39 C:\\Users\\User\\Desktop\\ING DAVID VEGA\\FULLSTACK\\MundoNavidenio365\\vendor\\laravel\\framework\\src\\Illuminate\\Routing\\Router.php(748): Illuminate\\Routing\\Router->runRoute(Object(Illuminate\\Http\\Request), Object(Illuminate\\Routing\\Route))
#40 C:\\Users\\User\\Desktop\\ING DAVID VEGA\\FULLSTACK\\MundoNavidenio365\\vendor\\laravel\\framework\\src\\Illuminate\\Routing\\Router.php(737): Illuminate\\Routing\\Router->dispatchToRoute(Object(Illuminate\\Http\\Request))
#41 C:\\Users\\User\\Desktop\\ING DAVID VEGA\\FULLSTACK\\MundoNavidenio365\\vendor\\laravel\\framework\\src\\Illuminate\\Foundation\\Http\\Kernel.php(200): Illuminate\\Routing\\Router->dispatch(Object(Illuminate\\Http\\Request))
#42 C:\\Users\\User\\Desktop\\ING DAVID VEGA\\FULLSTACK\\MundoNavidenio365\\vendor\\laravel\\framework\\src\\Illuminate\\Pipeline\\Pipeline.php(144): Illuminate\\Foundation\\Http\\Kernel->Illuminate\\Foundation\\Http\\{closure}(Object(Illuminate\\Http\\Request))
#43 C:\\Users\\User\\Desktop\\ING DAVID VEGA\\FULLSTACK\\MundoNavidenio365\\vendor\\laravel\\framework\\src\\Illuminate\\Foundation\\Http\\Middleware\\TransformsRequest.php(21): Illuminate\\Pipeline\\Pipeline->Illuminate\\Pipeline\\{closure}(Object(Illuminate\\Http\\Request))
#44 C:\\Users\\User\\Desktop\\ING DAVID VEGA\\FULLSTACK\\MundoNavidenio365\\vendor\\laravel\\framework\\src\\Illuminate\\Foundation\\Http\\Middleware\\ConvertEmptyStringsToNull.php(31): Illuminate\\Foundation\\Http\\Middleware\\TransformsRequest->handle(Object(Illuminate\\Http\\Request), Object(Closure))
#45 C:\\Users\\User\\Desktop\\ING DAVID VEGA\\FULLSTACK\\MundoNavidenio365\\vendor\\laravel\\framework\\src\\Illuminate\\Pipeline\\Pipeline.php(183): Illuminate\\Foundation\\Http\\Middleware\\ConvertEmptyStringsToNull->handle(Object(Illuminate\\Http\\Request), Object(Closure))
#46 C:\\Users\\User\\Desktop\\ING DAVID VEGA\\FULLSTACK\\MundoNavidenio365\\vendor\\laravel\\framework\\src\\Illuminate\\Foundation\\Http\\Middleware\\TransformsRequest.php(21): Illuminate\\Pipeline\\Pipeline->Illuminate\\Pipeline\\{closure}(Object(Illuminate\\Http\\Request))
#47 C:\\Users\\User\\Desktop\\ING DAVID VEGA\\FULLSTACK\\MundoNavidenio365\\vendor\\laravel\\framework\\src\\Illuminate\\Foundation\\Http\\Middleware\\TrimStrings.php(40): Illuminate\\Foundation\\Http\\Middleware\\TransformsRequest->handle(Object(Illuminate\\Http\\Request), Object(Closure))
#48 C:\\Users\\User\\Desktop\\ING DAVID VEGA\\FULLSTACK\\MundoNavidenio365\\vendor\\laravel\\framework\\src\\Illuminate\\Pipeline\\Pipeline.php(183): Illuminate\\Foundation\\Http\\Middleware\\TrimStrings->handle(Object(Illuminate\\Http\\Request), Object(Closure))
#49 C:\\Users\\User\\Desktop\\ING DAVID VEGA\\FULLSTACK\\MundoNavidenio365\\vendor\\laravel\\framework\\src\\Illuminate\\Foundation\\Http\\Middleware\\ValidatePostSize.php(27): Illuminate\\Pipeline\\Pipeline->Illuminate\\Pipeline\\{closure}(Object(Illuminate\\Http\\Request))
#50 C:\\Users\\User\\Desktop\\ING DAVID VEGA\\FULLSTACK\\MundoNavidenio365\\vendor\\laravel\\framework\\src\\Illuminate\\Pipeline\\Pipeline.php(183): Illuminate\\Foundation\\Http\\Middleware\\ValidatePostSize->handle(Object(Illuminate\\Http\\Request), Object(Closure))
#51 C:\\Users\\User\\Desktop\\ING DAVID VEGA\\FULLSTACK\\MundoNavidenio365\\vendor\\laravel\\framework\\src\\Illuminate\\Foundation\\Http\\Middleware\\PreventRequestsDuringMaintenance.php(99): Illuminate\\Pipeline\\Pipeline->Illuminate\\Pipeline\\{closure}(Object(Illuminate\\Http\\Request))
#52 C:\\Users\\User\\Desktop\\ING DAVID VEGA\\FULLSTACK\\MundoNavidenio365\\vendor\\laravel\\framework\\src\\Illuminate\\Pipeline\\Pipeline.php(183): Illuminate\\Foundation\\Http\\Middleware\\PreventRequestsDuringMaintenance->handle(Object(Illuminate\\Http\\Request), Object(Closure))
#53 C:\\Users\\User\\Desktop\\ING DAVID VEGA\\FULLSTACK\\MundoNavidenio365\\vendor\\laravel\\framework\\src\\Illuminate\\Http\\Middleware\\HandleCors.php(49): Illuminate\\Pipeline\\Pipeline->Illuminate\\Pipeline\\{closure}(Object(Illuminate\\Http\\Request))
#54 C:\\Users\\User\\Desktop\\ING DAVID VEGA\\FULLSTACK\\MundoNavidenio365\\vendor\\laravel\\framework\\src\\Illuminate\\Pipeline\\Pipeline.php(183): Illuminate\\Http\\Middleware\\HandleCors->handle(Object(Illuminate\\Http\\Request), Object(Closure))
#55 C:\\Users\\User\\Desktop\\ING DAVID VEGA\\FULLSTACK\\MundoNavidenio365\\vendor\\laravel\\framework\\src\\Illuminate\\Http\\Middleware\\TrustProxies.php(39): Illuminate\\Pipeline\\Pipeline->Illuminate\\Pipeline\\{closure}(Object(Illuminate\\Http\\Request))
#56 C:\\Users\\User\\Desktop\\ING DAVID VEGA\\FULLSTACK\\MundoNavidenio365\\vendor\\laravel\\framework\\src\\Illuminate\\Pipeline\\Pipeline.php(183): Illuminate\\Http\\Middleware\\TrustProxies->handle(Object(Illuminate\\Http\\Request), Object(Closure))
#57 C:\\Users\\User\\Desktop\\ING DAVID VEGA\\FULLSTACK\\MundoNavidenio365\\vendor\\laravel\\framework\\src\\Illuminate\\Pipeline\\Pipeline.php(119): Illuminate\\Pipeline\\Pipeline->Illuminate\\Pipeline\\{closure}(Object(Illuminate\\Http\\Request))
#58 C:\\Users\\User\\Desktop\\ING DAVID VEGA\\FULLSTACK\\MundoNavidenio365\\vendor\\laravel\\framework\\src\\Illuminate\\Foundation\\Http\\Kernel.php(175): Illuminate\\Pipeline\\Pipeline->then(Object(Closure))
#59 C:\\Users\\User\\Desktop\\ING DAVID VEGA\\FULLSTACK\\MundoNavidenio365\\vendor\\laravel\\framework\\src\\Illuminate\\Foundation\\Http\\Kernel.php(144): Illuminate\\Foundation\\Http\\Kernel->sendRequestThroughRouter(Object(Illuminate\\Http\\Request))
#60 C:\\Users\\User\\Desktop\\ING DAVID VEGA\\FULLSTACK\\MundoNavidenio365\\public\\index.php(51): Illuminate\\Foundation\\Http\\Kernel->handle(Object(Illuminate\\Http\\Request))
#61 C:\\Users\\User\\Desktop\\ING DAVID VEGA\\FULLSTACK\\MundoNavidenio365\\vendor\\laravel\\framework\\src\\Illuminate\\Foundation\\resources\\server.php(16): require_once('C:\\\\Users\\\\User\\\\D...')
#62 {main}

[previous exception] [object] (PDOException(code: 42S22): SQLSTATE[42S22]: Column not found: 1054 Unknown column 'productos.cantidad_total' in 'field list' at C:\\Users\\User\\Desktop\\ING DAVID VEGA\\FULLSTACK\\MundoNavidenio365\\vendor\\laravel\\framework\\src\\Illuminate\\Database\\Connection.php:423)
[stacktrace]
#0 C:\\Users\\User\\Desktop\\ING DAVID VEGA\\FULLSTACK\\MundoNavidenio365\\vendor\\laravel\\framework\\src\\Illuminate\\Database\\Connection.php(423): PDO->prepare('select `product...')
#1 C:\\Users\\User\\Desktop\\ING DAVID VEGA\\FULLSTACK\\MundoNavidenio365\\vendor\\laravel\\framework\\src\\Illuminate\\Database\\Connection.php(816): Illuminate\\Database\\Connection->Illuminate\\Database\\{closure}('select `product...', Array)
#2 C:\\Users\\User\\Desktop\\ING DAVID VEGA\\FULLSTACK\\MundoNavidenio365\\vendor\\laravel\\framework\\src\\Illuminate\\Database\\Connection.php(783): Illuminate\\Database\\Connection->runQueryCallback('select `product...', Array, Object(Closure))
#3 C:\\Users\\User\\Desktop\\ING DAVID VEGA\\FULLSTACK\\MundoNavidenio365\\vendor\\laravel\\framework\\src\\Illuminate\\Database\\Connection.php(414): Illuminate\\Database\\Connection->run('select `product...', Array, Object(Closure))
#4 C:\\Users\\User\\Desktop\\ING DAVID VEGA\\FULLSTACK\\MundoNavidenio365\\vendor\\laravel\\framework\\src\\Illuminate\\Database\\Query\\Builder.php(2913): Illuminate\\Database\\Connection->select('select `product...', Array, true)
#5 C:\\Users\\User\\Desktop\\ING DAVID VEGA\\FULLSTACK\\MundoNavidenio365\\vendor\\laravel\\framework\\src\\Illuminate\\Database\\Query\\Builder.php(2902): Illuminate\\Database\\Query\\Builder->runSelect()
#6 C:\\Users\\User\\Desktop\\ING DAVID VEGA\\FULLSTACK\\MundoNavidenio365\\vendor\\laravel\\framework\\src\\Illuminate\\Database\\Query\\Builder.php(3456): Illuminate\\Database\\Query\\Builder->Illuminate\\Database\\Query\\{closure}()
#7 C:\\Users\\User\\Desktop\\ING DAVID VEGA\\FULLSTACK\\MundoNavidenio365\\vendor\\laravel\\framework\\src\\Illuminate\\Database\\Query\\Builder.php(2901): Illuminate\\Database\\Query\\Builder->onceWithColumns(Array, Object(Closure))
#8 C:\\Users\\User\\Desktop\\ING DAVID VEGA\\FULLSTACK\\MundoNavidenio365\\app\\Http\\Controllers\\Admin\\VentasController.php(471): Illuminate\\Database\\Query\\Builder->get()
#9 C:\\Users\\User\\Desktop\\ING DAVID VEGA\\FULLSTACK\\MundoNavidenio365\\vendor\\laravel\\framework\\src\\Illuminate\\Routing\\Controller.php(54): App\\Http\\Controllers\\Admin\\VentasController->buscarProductos(Object(Illuminate\\Http\\Request))
#10 C:\\Users\\User\\Desktop\\ING DAVID VEGA\\FULLSTACK\\MundoNavidenio365\\vendor\\laravel\\framework\\src\\Illuminate\\Routing\\ControllerDispatcher.php(43): Illuminate\\Routing\\Controller->callAction('buscarProductos', Array)
#11 C:\\Users\\User\\Desktop\\ING DAVID VEGA\\FULLSTACK\\MundoNavidenio365\\vendor\\laravel\\framework\\src\\Illuminate\\Routing\\Route.php(259): Illuminate\\Routing\\ControllerDispatcher->dispatch(Object(Illuminate\\Routing\\Route), Object(App\\Http\\Controllers\\Admin\\VentasController), 'buscarProductos')
#12 C:\\Users\\User\\Desktop\\ING DAVID VEGA\\FULLSTACK\\MundoNavidenio365\\vendor\\laravel\\framework\\src\\Illuminate\\Routing\\Route.php(205): Illuminate\\Routing\\Route->runController()
#13 C:\\Users\\User\\Desktop\\ING DAVID VEGA\\FULLSTACK\\MundoNavidenio365\\vendor\\laravel\\framework\\src\\Illuminate\\Routing\\Router.php(806): Illuminate\\Routing\\Route->run()
#14 C:\\Users\\User\\Desktop\\ING DAVID VEGA\\FULLSTACK\\MundoNavidenio365\\vendor\\laravel\\framework\\src\\Illuminate\\Pipeline\\Pipeline.php(144): Illuminate\\Routing\\Router->Illuminate\\Routing\\{closure}(Object(Illuminate\\Http\\Request))
#15 C:\\Users\\User\\Desktop\\ING DAVID VEGA\\FULLSTACK\\MundoNavidenio365\\app\\Http\\Middleware\\RoleMiddleware.php(16): Illuminate\\Pipeline\\Pipeline->Illuminate\\Pipeline\\{closure}(Object(Illuminate\\Http\\Request))
#16 C:\\Users\\User\\Desktop\\ING DAVID VEGA\\FULLSTACK\\MundoNavidenio365\\vendor\\laravel\\framework\\src\\Illuminate\\Pipeline\\Pipeline.php(183): App\\Http\\Middleware\\RoleMiddleware->handle(Object(Illuminate\\Http\\Request), Object(Closure), 'Administrador')
#17 C:\\Users\\User\\Desktop\\ING DAVID VEGA\\FULLSTACK\\MundoNavidenio365\\vendor\\laravel\\framework\\src\\Illuminate\\Auth\\Middleware\\EnsureEmailIsVerified.php(41): Illuminate\\Pipeline\\Pipeline->Illuminate\\Pipeline\\{closure}(Object(Illuminate\\Http\\Request))
#18 C:\\Users\\User\\Desktop\\ING DAVID VEGA\\FULLSTACK\\MundoNavidenio365\\vendor\\laravel\\framework\\src\\Illuminate\\Pipeline\\Pipeline.php(183): Illuminate\\Auth\\Middleware\\EnsureEmailIsVerified->handle(Object(Illuminate\\Http\\Request), Object(Closure))
#19 C:\\Users\\User\\Desktop\\ING DAVID VEGA\\FULLSTACK\\MundoNavidenio365\\vendor\\laravel\\framework\\src\\Illuminate\\Http\\Middleware\\AddLinkHeadersForPreloadedAssets.php(20): Illuminate\\Pipeline\\Pipeline->Illuminate\\Pipeline\\{closure}(Object(Illuminate\\Http\\Request))
#20 C:\\Users\\User\\Desktop\\ING DAVID VEGA\\FULLSTACK\\MundoNavidenio365\\vendor\\laravel\\framework\\src\\Illuminate\\Pipeline\\Pipeline.php(183): Illuminate\\Http\\Middleware\\AddLinkHeadersForPreloadedAssets->handle(Object(Illuminate\\Http\\Request), Object(Closure))
#21 C:\\Users\\User\\Desktop\\ING DAVID VEGA\\FULLSTACK\\MundoNavidenio365\\vendor\\inertiajs\\inertia-laravel\\src\\Middleware.php(87): Illuminate\\Pipeline\\Pipeline->Illuminate\\Pipeline\\{closure}(Object(Illuminate\\Http\\Request))
#22 C:\\Users\\User\\Desktop\\ING DAVID VEGA\\FULLSTACK\\MundoNavidenio365\\vendor\\laravel\\framework\\src\\Illuminate\\Pipeline\\Pipeline.php(183): Inertia\\Middleware->handle(Object(Illuminate\\Http\\Request), Object(Closure))
#23 C:\\Users\\User\\Desktop\\ING DAVID VEGA\\FULLSTACK\\MundoNavidenio365\\vendor\\laravel\\framework\\src\\Illuminate\\Routing\\Middleware\\SubstituteBindings.php(50): Illuminate\\Pipeline\\Pipeline->Illuminate\\Pipeline\\{closure}(Object(Illuminate\\Http\\Request))
#24 C:\\Users\\User\\Desktop\\ING DAVID VEGA\\FULLSTACK\\MundoNavidenio365\\vendor\\laravel\\framework\\src\\Illuminate\\Pipeline\\Pipeline.php(183): Illuminate\\Routing\\Middleware\\SubstituteBindings->handle(Object(Illuminate\\Http\\Request), Object(Closure))
#25 C:\\Users\\User\\Desktop\\ING DAVID VEGA\\FULLSTACK\\MundoNavidenio365\\vendor\\laravel\\framework\\src\\Illuminate\\Auth\\Middleware\\Authenticate.php(57): Illuminate\\Pipeline\\Pipeline->Illuminate\\Pipeline\\{closure}(Object(Illuminate\\Http\\Request))
#26 C:\\Users\\User\\Desktop\\ING DAVID VEGA\\FULLSTACK\\MundoNavidenio365\\vendor\\laravel\\framework\\src\\Illuminate\\Pipeline\\Pipeline.php(183): Illuminate\\Auth\\Middleware\\Authenticate->handle(Object(Illuminate\\Http\\Request), Object(Closure))
#27 C:\\Users\\User\\Desktop\\ING DAVID VEGA\\FULLSTACK\\MundoNavidenio365\\vendor\\laravel\\framework\\src\\Illuminate\\Foundation\\Http\\Middleware\\VerifyCsrfToken.php(78): Illuminate\\Pipeline\\Pipeline->Illuminate\\Pipeline\\{closure}(Object(Illuminate\\Http\\Request))
#28 C:\\Users\\User\\Desktop\\ING DAVID VEGA\\FULLSTACK\\MundoNavidenio365\\vendor\\laravel\\framework\\src\\Illuminate\\Pipeline\\Pipeline.php(183): Illuminate\\Foundation\\Http\\Middleware\\VerifyCsrfToken->handle(Object(Illuminate\\Http\\Request), Object(Closure))
#29 C:\\Users\\User\\Desktop\\ING DAVID VEGA\\FULLSTACK\\MundoNavidenio365\\vendor\\laravel\\framework\\src\\Illuminate\\View\\Middleware\\ShareErrorsFromSession.php(49): Illuminate\\Pipeline\\Pipeline->Illuminate\\Pipeline\\{closure}(Object(Illuminate\\Http\\Request))
#30 C:\\Users\\User\\Desktop\\ING DAVID VEGA\\FULLSTACK\\MundoNavidenio365\\vendor\\laravel\\framework\\src\\Illuminate\\Pipeline\\Pipeline.php(183): Illuminate\\View\\Middleware\\ShareErrorsFromSession->handle(Object(Illuminate\\Http\\Request), Object(Closure))
#31 C:\\Users\\User\\Desktop\\ING DAVID VEGA\\FULLSTACK\\MundoNavidenio365\\vendor\\laravel\\framework\\src\\Illuminate\\Session\\Middleware\\StartSession.php(121): Illuminate\\Pipeline\\Pipeline->Illuminate\\Pipeline\\{closure}(Object(Illuminate\\Http\\Request))
#32 C:\\Users\\User\\Desktop\\ING DAVID VEGA\\FULLSTACK\\MundoNavidenio365\\vendor\\laravel\\framework\\src\\Illuminate\\Session\\Middleware\\StartSession.php(64): Illuminate\\Session\\Middleware\\StartSession->handleStatefulRequest(Object(Illuminate\\Http\\Request), Object(Illuminate\\Session\\Store), Object(Closure))
#33 C:\\Users\\User\\Desktop\\ING DAVID VEGA\\FULLSTACK\\MundoNavidenio365\\vendor\\laravel\\framework\\src\\Illuminate\\Pipeline\\Pipeline.php(183): Illuminate\\Session\\Middleware\\StartSession->handle(Object(Illuminate\\Http\\Request), Object(Closure))
#34 C:\\Users\\User\\Desktop\\ING DAVID VEGA\\FULLSTACK\\MundoNavidenio365\\vendor\\laravel\\framework\\src\\Illuminate\\Cookie\\Middleware\\AddQueuedCookiesToResponse.php(37): Illuminate\\Pipeline\\Pipeline->Illuminate\\Pipeline\\{closure}(Object(Illuminate\\Http\\Request))
#35 C:\\Users\\User\\Desktop\\ING DAVID VEGA\\FULLSTACK\\MundoNavidenio365\\vendor\\laravel\\framework\\src\\Illuminate\\Pipeline\\Pipeline.php(183): Illuminate\\Cookie\\Middleware\\AddQueuedCookiesToResponse->handle(Object(Illuminate\\Http\\Request), Object(Closure))
#36 C:\\Users\\User\\Desktop\\ING DAVID VEGA\\FULLSTACK\\MundoNavidenio365\\vendor\\laravel\\framework\\src\\Illuminate\\Cookie\\Middleware\\EncryptCookies.php(67): Illuminate\\Pipeline\\Pipeline->Illuminate\\Pipeline\\{closure}(Object(Illuminate\\Http\\Request))
#37 C:\\Users\\User\\Desktop\\ING DAVID VEGA\\FULLSTACK\\MundoNavidenio365\\vendor\\laravel\\framework\\src\\Illuminate\\Pipeline\\Pipeline.php(183): Illuminate\\Cookie\\Middleware\\EncryptCookies->handle(Object(Illuminate\\Http\\Request), Object(Closure))
#38 C:\\Users\\User\\Desktop\\ING DAVID VEGA\\FULLSTACK\\MundoNavidenio365\\vendor\\laravel\\framework\\src\\Illuminate\\Pipeline\\Pipeline.php(119): Illuminate\\Pipeline\\Pipeline->Illuminate\\Pipeline\\{closure}(Object(Illuminate\\Http\\Request))
#39 C:\\Users\\User\\Desktop\\ING DAVID VEGA\\FULLSTACK\\MundoNavidenio365\\vendor\\laravel\\framework\\src\\Illuminate\\Routing\\Router.php(805): Illuminate\\Pipeline\\Pipeline->then(Object(Closure))
#40 C:\\Users\\User\\Desktop\\ING DAVID VEGA\\FULLSTACK\\MundoNavidenio365\\vendor\\laravel\\framework\\src\\Illuminate\\Routing\\Router.php(784): Illuminate\\Routing\\Router->runRouteWithinStack(Object(Illuminate\\Routing\\Route), Object(Illuminate\\Http\\Request))
#41 C:\\Users\\User\\Desktop\\ING DAVID VEGA\\FULLSTACK\\MundoNavidenio365\\vendor\\laravel\\framework\\src\\Illuminate\\Routing\\Router.php(748): Illuminate\\Routing\\Router->runRoute(Object(Illuminate\\Http\\Request), Object(Illuminate\\Routing\\Route))
#42 C:\\Users\\User\\Desktop\\ING DAVID VEGA\\FULLSTACK\\MundoNavidenio365\\vendor\\laravel\\framework\\src\\Illuminate\\Routing\\Router.php(737): Illuminate\\Routing\\Router->dispatchToRoute(Object(Illuminate\\Http\\Request))
#43 C:\\Users\\User\\Desktop\\ING DAVID VEGA\\FULLSTACK\\MundoNavidenio365\\vendor\\laravel\\framework\\src\\Illuminate\\Foundation\\Http\\Kernel.php(200): Illuminate\\Routing\\Router->dispatch(Object(Illuminate\\Http\\Request))
#44 C:\\Users\\User\\Desktop\\ING DAVID VEGA\\FULLSTACK\\MundoNavidenio365\\vendor\\laravel\\framework\\src\\Illuminate\\Pipeline\\Pipeline.php(144): Illuminate\\Foundation\\Http\\Kernel->Illuminate\\Foundation\\Http\\{closure}(Object(Illuminate\\Http\\Request))
#45 C:\\Users\\User\\Desktop\\ING DAVID VEGA\\FULLSTACK\\MundoNavidenio365\\vendor\\laravel\\framework\\src\\Illuminate\\Foundation\\Http\\Middleware\\TransformsRequest.php(21): Illuminate\\Pipeline\\Pipeline->Illuminate\\Pipeline\\{closure}(Object(Illuminate\\Http\\Request))
#46 C:\\Users\\User\\Desktop\\ING DAVID VEGA\\FULLSTACK\\MundoNavidenio365\\vendor\\laravel\\framework\\src\\Illuminate\\Foundation\\Http\\Middleware\\ConvertEmptyStringsToNull.php(31): Illuminate\\Foundation\\Http\\Middleware\\TransformsRequest->handle(Object(Illuminate\\Http\\Request), Object(Closure))
#47 C:\\Users\\User\\Desktop\\ING DAVID VEGA\\FULLSTACK\\MundoNavidenio365\\vendor\\laravel\\framework\\src\\Illuminate\\Pipeline\\Pipeline.php(183): Illuminate\\Foundation\\Http\\Middleware\\ConvertEmptyStringsToNull->handle(Object(Illuminate\\Http\\Request), Object(Closure))
#48 C:\\Users\\User\\Desktop\\ING DAVID VEGA\\FULLSTACK\\MundoNavidenio365\\vendor\\laravel\\framework\\src\\Illuminate\\Foundation\\Http\\Middleware\\TransformsRequest.php(21): Illuminate\\Pipeline\\Pipeline->Illuminate\\Pipeline\\{closure}(Object(Illuminate\\Http\\Request))
#49 C:\\Users\\User\\Desktop\\ING DAVID VEGA\\FULLSTACK\\MundoNavidenio365\\vendor\\laravel\\framework\\src\\Illuminate\\Foundation\\Http\\Middleware\\TrimStrings.php(40): Illuminate\\Foundation\\Http\\Middleware\\TransformsRequest->handle(Object(Illuminate\\Http\\Request), Object(Closure))
#50 C:\\Users\\User\\Desktop\\ING DAVID VEGA\\FULLSTACK\\MundoNavidenio365\\vendor\\laravel\\framework\\src\\Illuminate\\Pipeline\\Pipeline.php(183): Illuminate\\Foundation\\Http\\Middleware\\TrimStrings->handle(Object(Illuminate\\Http\\Request), Object(Closure))
#51 C:\\Users\\User\\Desktop\\ING DAVID VEGA\\FULLSTACK\\MundoNavidenio365\\vendor\\laravel\\framework\\src\\Illuminate\\Foundation\\Http\\Middleware\\ValidatePostSize.php(27): Illuminate\\Pipeline\\Pipeline->Illuminate\\Pipeline\\{closure}(Object(Illuminate\\Http\\Request))
#52 C:\\Users\\User\\Desktop\\ING DAVID VEGA\\FULLSTACK\\MundoNavidenio365\\vendor\\laravel\\framework\\src\\Illuminate\\Pipeline\\Pipeline.php(183): Illuminate\\Foundation\\Http\\Middleware\\ValidatePostSize->handle(Object(Illuminate\\Http\\Request), Object(Closure))
#53 C:\\Users\\User\\Desktop\\ING DAVID VEGA\\FULLSTACK\\MundoNavidenio365\\vendor\\laravel\\framework\\src\\Illuminate\\Foundation\\Http\\Middleware\\PreventRequestsDuringMaintenance.php(99): Illuminate\\Pipeline\\Pipeline->Illuminate\\Pipeline\\{closure}(Object(Illuminate\\Http\\Request))
#54 C:\\Users\\User\\Desktop\\ING DAVID VEGA\\FULLSTACK\\MundoNavidenio365\\vendor\\laravel\\framework\\src\\Illuminate\\Pipeline\\Pipeline.php(183): Illuminate\\Foundation\\Http\\Middleware\\PreventRequestsDuringMaintenance->handle(Object(Illuminate\\Http\\Request), Object(Closure))
#55 C:\\Users\\User\\Desktop\\ING DAVID VEGA\\FULLSTACK\\MundoNavidenio365\\vendor\\laravel\\framework\\src\\Illuminate\\Http\\Middleware\\HandleCors.php(49): Illuminate\\Pipeline\\Pipeline->Illuminate\\Pipeline\\{closure}(Object(Illuminate\\Http\\Request))
#56 C:\\Users\\User\\Desktop\\ING DAVID VEGA\\FULLSTACK\\MundoNavidenio365\\vendor\\laravel\\framework\\src\\Illuminate\\Pipeline\\Pipeline.php(183): Illuminate\\Http\\Middleware\\HandleCors->handle(Object(Illuminate\\Http\\Request), Object(Closure))
#57 C:\\Users\\User\\Desktop\\ING DAVID VEGA\\FULLSTACK\\MundoNavidenio365\\vendor\\laravel\\framework\\src\\Illuminate\\Http\\Middleware\\TrustProxies.php(39): Illuminate\\Pipeline\\Pipeline->Illuminate\\Pipeline\\{closure}(Object(Illuminate\\Http\\Request))
#58 C:\\Users\\User\\Desktop\\ING DAVID VEGA\\FULLSTACK\\MundoNavidenio365\\vendor\\laravel\\framework\\src\\Illuminate\\Pipeline\\Pipeline.php(183): Illuminate\\Http\\Middleware\\TrustProxies->handle(Object(Illuminate\\Http\\Request), Object(Closure))
#59 C:\\Users\\User\\Desktop\\ING DAVID VEGA\\FULLSTACK\\MundoNavidenio365\\vendor\\laravel\\framework\\src\\Illuminate\\Pipeline\\Pipeline.php(119): Illuminate\\Pipeline\\Pipeline->Illuminate\\Pipeline\\{closure}(Object(Illuminate\\Http\\Request))
#60 C:\\Users\\User\\Desktop\\ING DAVID VEGA\\FULLSTACK\\MundoNavidenio365\\vendor\\laravel\\framework\\src\\Illuminate\\Foundation\\Http\\Kernel.php(175): Illuminate\\Pipeline\\Pipeline->then(Object(Closure))
#61 C:\\Users\\User\\Desktop\\ING DAVID VEGA\\FULLSTACK\\MundoNavidenio365\\vendor\\laravel\\framework\\src\\Illuminate\\Foundation\\Http\\Kernel.php(144): Illuminate\\Foundation\\Http\\Kernel->sendRequestThroughRouter(Object(Illuminate\\Http\\Request))
#62 C:\\Users\\User\\Desktop\\ING DAVID VEGA\\FULLSTACK\\MundoNavidenio365\\public\\index.php(51): Illuminate\\Foundation\\Http\\Kernel->handle(Object(Illuminate\\Http\\Request))
#63 C:\\Users\\User\\Desktop\\ING DAVID VEGA\\FULLSTACK\\MundoNavidenio365\\vendor\\laravel\\framework\\src\\Illuminate\\Foundation\\resources\\server.php(16): require_once('C:\\\\Users\\\\User\\\\D...')
#64 {main}
"} 
[2026-08-04 20:20:27] local.ERROR: SQLSTATE[42S02]: Base table or view not found: 1146 Table 'mundonav_navidad.lotes' doesn't exist (Connection: mysql, SQL: select count(*) as aggregate from `lotes` where `lotes`.`deleted_at` is null) {"userId":1,"exception":"[object] (Illuminate\\Database\\QueryException(code: 42S02): SQLSTATE[42S02]: Base table or view not found: 1146 Table 'mundonav_navidad.lotes' doesn't exist (Connection: mysql, SQL: select count(*) as aggregate from `lotes` where `lotes`.`deleted_at` is null) at C:\\Users\\User\\Desktop\\ING DAVID VEGA\\FULLSTACK\\MundoNavidenio365\\vendor\\laravel\\framework\\src\\Illuminate\\Database\\Connection.php:829)
[stacktrace]
#0 C:\\Users\\User\\Desktop\\ING DAVID VEGA\\FULLSTACK\\MundoNavidenio365\\vendor\\laravel\\framework\\src\\Illuminate\\Database\\Connection.php(783): Illuminate\\Database\\Connection->runQueryCallback('select count(*)...', Array, Object(Closure))
#1 C:\\Users\\User\\Desktop\\ING DAVID VEGA\\FULLSTACK\\MundoNavidenio365\\vendor\\laravel\\framework\\src\\Illuminate\\Database\\Connection.php(414): Illuminate\\Database\\Connection->run('select count(*)...', Array, Object(Closure))
#2 C:\\Users\\User\\Desktop\\ING DAVID VEGA\\FULLSTACK\\MundoNavidenio365\\vendor\\laravel\\framework\\src\\Illuminate\\Database\\Query\\Builder.php(2913): Illuminate\\Database\\Connection->select('select count(*)...', Array, true)
#3 C:\\Users\\User\\Desktop\\ING DAVID VEGA\\FULLSTACK\\MundoNavidenio365\\vendor\\laravel\\framework\\src\\Illuminate\\Database\\Query\\Builder.php(2902): Illuminate\\Database\\Query\\Builder->runSelect()
#4 C:\\Users\\User\\Desktop\\ING DAVID VEGA\\FULLSTACK\\MundoNavidenio365\\vendor\\laravel\\framework\\src\\Illuminate\\Database\\Query\\Builder.php(3456): Illuminate\\Database\\Query\\Builder->Illuminate\\Database\\Query\\{closure}()
#5 C:\\Users\\User\\Desktop\\ING DAVID VEGA\\FULLSTACK\\MundoNavidenio365\\vendor\\laravel\\framework\\src\\Illuminate\\Database\\Query\\Builder.php(2901): Illuminate\\Database\\Query\\Builder->onceWithColumns(Array, Object(Closure))
#6 C:\\Users\\User\\Desktop\\ING DAVID VEGA\\FULLSTACK\\MundoNavidenio365\\vendor\\laravel\\framework\\src\\Illuminate\\Database\\Query\\Builder.php(3066): Illuminate\\Database\\Query\\Builder->get()
#7 C:\\Users\\User\\Desktop\\ING DAVID VEGA\\FULLSTACK\\MundoNavidenio365\\vendor\\laravel\\framework\\src\\Illuminate\\Database\\Query\\Builder.php(3025): Illuminate\\Database\\Query\\Builder->runPaginationCountQuery(Array)
#8 C:\\Users\\User\\Desktop\\ING DAVID VEGA\\FULLSTACK\\MundoNavidenio365\\vendor\\laravel\\framework\\src\\Illuminate\\Database\\Eloquent\\Builder.php(923): Illuminate\\Database\\Query\\Builder->getCountForPagination()
#9 C:\\Users\\User\\Desktop\\ING DAVID VEGA\\FULLSTACK\\MundoNavidenio365\\app\\Http\\Controllers\\Admin\\ComprasController.php(47): Illuminate\\Database\\Eloquent\\Builder->paginate(15)
#10 C:\\Users\\User\\Desktop\\ING DAVID VEGA\\FULLSTACK\\MundoNavidenio365\\vendor\\laravel\\framework\\src\\Illuminate\\Routing\\Controller.php(54): App\\Http\\Controllers\\Admin\\ComprasController->index(Object(Illuminate\\Http\\Request))
#11 C:\\Users\\User\\Desktop\\ING DAVID VEGA\\FULLSTACK\\MundoNavidenio365\\vendor\\laravel\\framework\\src\\Illuminate\\Routing\\ControllerDispatcher.php(43): Illuminate\\Routing\\Controller->callAction('index', Array)
#12 C:\\Users\\User\\Desktop\\ING DAVID VEGA\\FULLSTACK\\MundoNavidenio365\\vendor\\laravel\\framework\\src\\Illuminate\\Routing\\Route.php(259): Illuminate\\Routing\\ControllerDispatcher->dispatch(Object(Illuminate\\Routing\\Route), Object(App\\Http\\Controllers\\Admin\\ComprasController), 'index')
#13 C:\\Users\\User\\Desktop\\ING DAVID VEGA\\FULLSTACK\\MundoNavidenio365\\vendor\\laravel\\framework\\src\\Illuminate\\Routing\\Route.php(205): Illuminate\\Routing\\Route->runController()
#14 C:\\Users\\User\\Desktop\\ING DAVID VEGA\\FULLSTACK\\MundoNavidenio365\\vendor\\laravel\\framework\\src\\Illuminate\\Routing\\Router.php(806): Illuminate\\Routing\\Route->run()
#15 C:\\Users\\User\\Desktop\\ING DAVID VEGA\\FULLSTACK\\MundoNavidenio365\\vendor\\laravel\\framework\\src\\Illuminate\\Pipeline\\Pipeline.php(144): Illuminate\\Routing\\Router->Illuminate\\Routing\\{closure}(Object(Illuminate\\Http\\Request))
#16 C:\\Users\\User\\Desktop\\ING DAVID VEGA\\FULLSTACK\\MundoNavidenio365\\app\\Http\\Middleware\\RoleMiddleware.php(16): Illuminate\\Pipeline\\Pipeline->Illuminate\\Pipeline\\{closure}(Object(Illuminate\\Http\\Request))
#17 C:\\Users\\User\\Desktop\\ING DAVID VEGA\\FULLSTACK\\MundoNavidenio365\\vendor\\laravel\\framework\\src\\Illuminate\\Pipeline\\Pipeline.php(183): App\\Http\\Middleware\\RoleMiddleware->handle(Object(Illuminate\\Http\\Request), Object(Closure), 'Administrador')
#18 C:\\Users\\User\\Desktop\\ING DAVID VEGA\\FULLSTACK\\MundoNavidenio365\\vendor\\laravel\\framework\\src\\Illuminate\\Auth\\Middleware\\EnsureEmailIsVerified.php(41): Illuminate\\Pipeline\\Pipeline->Illuminate\\Pipeline\\{closure}(Object(Illuminate\\Http\\Request))
#19 C:\\Users\\User\\Desktop\\ING DAVID VEGA\\FULLSTACK\\MundoNavidenio365\\vendor\\laravel\\framework\\src\\Illuminate\\Pipeline\\Pipeline.php(183): Illuminate\\Auth\\Middleware\\EnsureEmailIsVerified->handle(Object(Illuminate\\Http\\Request), Object(Closure))
#20 C:\\Users\\User\\Desktop\\ING DAVID VEGA\\FULLSTACK\\MundoNavidenio365\\vendor\\laravel\\framework\\src\\Illuminate\\Http\\Middleware\\AddLinkHeadersForPreloadedAssets.php(20): Illuminate\\Pipeline\\Pipeline->Illuminate\\Pipeline\\{closure}(Object(Illuminate\\Http\\Request))
#21 C:\\Users\\User\\Desktop\\ING DAVID VEGA\\FULLSTACK\\MundoNavidenio365\\vendor\\laravel\\framework\\src\\Illuminate\\Pipeline\\Pipeline.php(183): Illuminate\\Http\\Middleware\\AddLinkHeadersForPreloadedAssets->handle(Object(Illuminate\\Http\\Request), Object(Closure))
#22 C:\\Users\\User\\Desktop\\ING DAVID VEGA\\FULLSTACK\\MundoNavidenio365\\vendor\\inertiajs\\inertia-laravel\\src\\Middleware.php(87): Illuminate\\Pipeline\\Pipeline->Illuminate\\Pipeline\\{closure}(Object(Illuminate\\Http\\Request))
#23 C:\\Users\\User\\Desktop\\ING DAVID VEGA\\FULLSTACK\\MundoNavidenio365\\vendor\\laravel\\framework\\src\\Illuminate\\Pipeline\\Pipeline.php(183): Inertia\\Middleware->handle(Object(Illuminate\\Http\\Request), Object(Closure))
#24 C:\\Users\\User\\Desktop\\ING DAVID VEGA\\FULLSTACK\\MundoNavidenio365\\vendor\\laravel\\framework\\src\\Illuminate\\Routing\\Middleware\\SubstituteBindings.php(50): Illuminate\\Pipeline\\Pipeline->Illuminate\\Pipeline\\{closure}(Object(Illuminate\\Http\\Request))
#25 C:\\Users\\User\\Desktop\\ING DAVID VEGA\\FULLSTACK\\MundoNavidenio365\\vendor\\laravel\\framework\\src\\Illuminate\\Pipeline\\Pipeline.php(183): Illuminate\\Routing\\Middleware\\SubstituteBindings->handle(Object(Illuminate\\Http\\Request), Object(Closure))
#26 C:\\Users\\User\\Desktop\\ING DAVID VEGA\\FULLSTACK\\MundoNavidenio365\\vendor\\laravel\\framework\\src\\Illuminate\\Auth\\Middleware\\Authenticate.php(57): Illuminate\\Pipeline\\Pipeline->Illuminate\\Pipeline\\{closure}(Object(Illuminate\\Http\\Request))
#27 C:\\Users\\User\\Desktop\\ING DAVID VEGA\\FULLSTACK\\MundoNavidenio365\\vendor\\laravel\\framework\\src\\Illuminate\\Pipeline\\Pipeline.php(183): Illuminate\\Auth\\Middleware\\Authenticate->handle(Object(Illuminate\\Http\\Request), Object(Closure))
#28 C:\\Users\\User\\Desktop\\ING DAVID VEGA\\FULLSTACK\\MundoNavidenio365\\vendor\\laravel\\framework\\src\\Illuminate\\Foundation\\Http\\Middleware\\VerifyCsrfToken.php(78): Illuminate\\Pipeline\\Pipeline->Illuminate\\Pipeline\\{closure}(Object(Illuminate\\Http\\Request))
#29 C:\\Users\\User\\Desktop\\ING DAVID VEGA\\FULLSTACK\\MundoNavidenio365\\vendor\\laravel\\framework\\src\\Illuminate\\Pipeline\\Pipeline.php(183): Illuminate\\Foundation\\Http\\Middleware\\VerifyCsrfToken->handle(Object(Illuminate\\Http\\Request), Object(Closure))
#30 C:\\Users\\User\\Desktop\\ING DAVID VEGA\\FULLSTACK\\MundoNavidenio365\\vendor\\laravel\\framework\\src\\Illuminate\\View\\Middleware\\ShareErrorsFromSession.php(49): Illuminate\\Pipeline\\Pipeline->Illuminate\\Pipeline\\{closure}(Object(Illuminate\\Http\\Request))
#31 C:\\Users\\User\\Desktop\\ING DAVID VEGA\\FULLSTACK\\MundoNavidenio365\\vendor\\laravel\\framework\\src\\Illuminate\\Pipeline\\Pipeline.php(183): Illuminate\\View\\Middleware\\ShareErrorsFromSession->handle(Object(Illuminate\\Http\\Request), Object(Closure))
#32 C:\\Users\\User\\Desktop\\ING DAVID VEGA\\FULLSTACK\\MundoNavidenio365\\vendor\\laravel\\framework\\src\\Illuminate\\Session\\Middleware\\StartSession.php(121): Illuminate\\Pipeline\\Pipeline->Illuminate\\Pipeline\\{closure}(Object(Illuminate\\Http\\Request))
#33 C:\\Users\\User\\Desktop\\ING DAVID VEGA\\FULLSTACK\\MundoNavidenio365\\vendor\\laravel\\framework\\src\\Illuminate\\Session\\Middleware\\StartSession.php(64): Illuminate\\Session\\Middleware\\StartSession->handleStatefulRequest(Object(Illuminate\\Http\\Request), Object(Illuminate\\Session\\Store), Object(Closure))
#34 C:\\Users\\User\\Desktop\\ING DAVID VEGA\\FULLSTACK\\MundoNavidenio365\\vendor\\laravel\\framework\\src\\Illuminate\\Pipeline\\Pipeline.php(183): Illuminate\\Session\\Middleware\\StartSession->handle(Object(Illuminate\\Http\\Request), Object(Closure))
#35 C:\\Users\\User\\Desktop\\ING DAVID VEGA\\FULLSTACK\\MundoNavidenio365\\vendor\\laravel\\framework\\src\\Illuminate\\Cookie\\Middleware\\AddQueuedCookiesToResponse.php(37): Illuminate\\Pipeline\\Pipeline->Illuminate\\Pipeline\\{closure}(Object(Illuminate\\Http\\Request))
#36 C:\\Users\\User\\Desktop\\ING DAVID VEGA\\FULLSTACK\\MundoNavidenio365\\vendor\\laravel\\framework\\src\\Illuminate\\Pipeline\\Pipeline.php(183): Illuminate\\Cookie\\Middleware\\AddQueuedCookiesToResponse->handle(Object(Illuminate\\Http\\Request), Object(Closure))
#37 C:\\Users\\User\\Desktop\\ING DAVID VEGA\\FULLSTACK\\MundoNavidenio365\\vendor\\laravel\\framework\\src\\Illuminate\\Cookie\\Middleware\\EncryptCookies.php(67): Illuminate\\Pipeline\\Pipeline->Illuminate\\Pipeline\\{closure}(Object(Illuminate\\Http\\Request))
#38 C:\\Users\\User\\Desktop\\ING DAVID VEGA\\FULLSTACK\\MundoNavidenio365\\vendor\\laravel\\framework\\src\\Illuminate\\Pipeline\\Pipeline.php(183): Illuminate\\Cookie\\Middleware\\EncryptCookies->handle(Object(Illuminate\\Http\\Request), Object(Closure))
#39 C:\\Users\\User\\Desktop\\ING DAVID VEGA\\FULLSTACK\\MundoNavidenio365\\vendor\\laravel\\framework\\src\\Illuminate\\Pipeline\\Pipeline.php(119): Illuminate\\Pipeline\\Pipeline->Illuminate\\Pipeline\\{closure}(Object(Illuminate\\Http\\Request))
#40 C:\\Users\\User\\Desktop\\ING DAVID VEGA\\FULLSTACK\\MundoNavidenio365\\vendor\\laravel\\framework\\src\\Illuminate\\Routing\\Router.php(805): Illuminate\\Pipeline\\Pipeline->then(Object(Closure))
#41 C:\\Users\\User\\Desktop\\ING DAVID VEGA\\FULLSTACK\\MundoNavidenio365\\vendor\\laravel\\framework\\src\\Illuminate\\Routing\\Router.php(784): Illuminate\\Routing\\Router->runRouteWithinStack(Object(Illuminate\\Routing\\Route), Object(Illuminate\\Http\\Request))
#42 C:\\Users\\User\\Desktop\\ING DAVID VEGA\\FULLSTACK\\MundoNavidenio365\\vendor\\laravel\\framework\\src\\Illuminate\\Routing\\Router.php(748): Illuminate\\Routing\\Router->runRoute(Object(Illuminate\\Http\\Request), Object(Illuminate\\Routing\\Route))
#43 C:\\Users\\User\\Desktop\\ING DAVID VEGA\\FULLSTACK\\MundoNavidenio365\\vendor\\laravel\\framework\\src\\Illuminate\\Routing\\Router.php(737): Illuminate\\Routing\\Router->dispatchToRoute(Object(Illuminate\\Http\\Request))
#44 C:\\Users\\User\\Desktop\\ING DAVID VEGA\\FULLSTACK\\MundoNavidenio365\\vendor\\laravel\\framework\\src\\Illuminate\\Foundation\\Http\\Kernel.php(200): Illuminate\\Routing\\Router->dispatch(Object(Illuminate\\Http\\Request))
#45 C:\\Users\\User\\Desktop\\ING DAVID VEGA\\FULLSTACK\\MundoNavidenio365\\vendor\\laravel\\framework\\src\\Illuminate\\Pipeline\\Pipeline.php(144): Illuminate\\Foundation\\Http\\Kernel->Illuminate\\Foundation\\Http\\{closure}(Object(Illuminate\\Http\\Request))
#46 C:\\Users\\User\\Desktop\\ING DAVID VEGA\\FULLSTACK\\MundoNavidenio365\\vendor\\laravel\\framework\\src\\Illuminate\\Foundation\\Http\\Middleware\\TransformsRequest.php(21): Illuminate\\Pipeline\\Pipeline->Illuminate\\Pipeline\\{closure}(Object(Illuminate\\Http\\Request))
#47 C:\\Users\\User\\Desktop\\ING DAVID VEGA\\FULLSTACK\\MundoNavidenio365\\vendor\\laravel\\framework\\src\\Illuminate\\Foundation\\Http\\Middleware\\ConvertEmptyStringsToNull.php(31): Illuminate\\Foundation\\Http\\Middleware\\TransformsRequest->handle(Object(Illuminate\\Http\\Request), Object(Closure))
#48 C:\\Users\\User\\Desktop\\ING DAVID VEGA\\FULLSTACK\\MundoNavidenio365\\vendor\\laravel\\framework\\src\\Illuminate\\Pipeline\\Pipeline.php(183): Illuminate\\Foundation\\Http\\Middleware\\ConvertEmptyStringsToNull->handle(Object(Illuminate\\Http\\Request), Object(Closure))
#49 C:\\Users\\User\\Desktop\\ING DAVID VEGA\\FULLSTACK\\MundoNavidenio365\\vendor\\laravel\\framework\\src\\Illuminate\\Foundation\\Http\\Middleware\\TransformsRequest.php(21): Illuminate\\Pipeline\\Pipeline->Illuminate\\Pipeline\\{closure}(Object(Illuminate\\Http\\Request))
#50 C:\\Users\\User\\Desktop\\ING DAVID VEGA\\FULLSTACK\\MundoNavidenio365\\vendor\\laravel\\framework\\src\\Illuminate\\Foundation\\Http\\Middleware\\TrimStrings.php(40): Illuminate\\Foundation\\Http\\Middleware\\TransformsRequest->handle(Object(Illuminate\\Http\\Request), Object(Closure))
#51 C:\\Users\\User\\Desktop\\ING DAVID VEGA\\FULLSTACK\\MundoNavidenio365\\vendor\\laravel\\framework\\src\\Illuminate\\Pipeline\\Pipeline.php(183): Illuminate\\Foundation\\Http\\Middleware\\TrimStrings->handle(Object(Illuminate\\Http\\Request), Object(Closure))
#52 C:\\Users\\User\\Desktop\\ING DAVID VEGA\\FULLSTACK\\MundoNavidenio365\\vendor\\laravel\\framework\\src\\Illuminate\\Foundation\\Http\\Middleware\\ValidatePostSize.php(27): Illuminate\\Pipeline\\Pipeline->Illuminate\\Pipeline\\{closure}(Object(Illuminate\\Http\\Request))
#53 C:\\Users\\User\\Desktop\\ING DAVID VEGA\\FULLSTACK\\MundoNavidenio365\\vendor\\laravel\\framework\\src\\Illuminate\\Pipeline\\Pipeline.php(183): Illuminate\\Foundation\\Http\\Middleware\\ValidatePostSize->handle(Object(Illuminate\\Http\\Request), Object(Closure))
#54 C:\\Users\\User\\Desktop\\ING DAVID VEGA\\FULLSTACK\\MundoNavidenio365\\vendor\\laravel\\framework\\src\\Illuminate\\Foundation\\Http\\Middleware\\PreventRequestsDuringMaintenance.php(99): Illuminate\\Pipeline\\Pipeline->Illuminate\\Pipeline\\{closure}(Object(Illuminate\\Http\\Request))
#55 C:\\Users\\User\\Desktop\\ING DAVID VEGA\\FULLSTACK\\MundoNavidenio365\\vendor\\laravel\\framework\\src\\Illuminate\\Pipeline\\Pipeline.php(183): Illuminate\\Foundation\\Http\\Middleware\\PreventRequestsDuringMaintenance->handle(Object(Illuminate\\Http\\Request), Object(Closure))
#56 C:\\Users\\User\\Desktop\\ING DAVID VEGA\\FULLSTACK\\MundoNavidenio365\\vendor\\laravel\\framework\\src\\Illuminate\\Http\\Middleware\\HandleCors.php(49): Illuminate\\Pipeline\\Pipeline->Illuminate\\Pipeline\\{closure}(Object(Illuminate\\Http\\Request))
#57 C:\\Users\\User\\Desktop\\ING DAVID VEGA\\FULLSTACK\\MundoNavidenio365\\vendor\\laravel\\framework\\src\\Illuminate\\Pipeline\\Pipeline.php(183): Illuminate\\Http\\Middleware\\HandleCors->handle(Object(Illuminate\\Http\\Request), Object(Closure))
#58 C:\\Users\\User\\Desktop\\ING DAVID VEGA\\FULLSTACK\\MundoNavidenio365\\vendor\\laravel\\framework\\src\\Illuminate\\Http\\Middleware\\TrustProxies.php(39): Illuminate\\Pipeline\\Pipeline->Illuminate\\Pipeline\\{closure}(Object(Illuminate\\Http\\Request))
#59 C:\\Users\\User\\Desktop\\ING DAVID VEGA\\FULLSTACK\\MundoNavidenio365\\vendor\\laravel\\framework\\src\\Illuminate\\Pipeline\\Pipeline.php(183): Illuminate\\Http\\Middleware\\TrustProxies->handle(Object(Illuminate\\Http\\Request), Object(Closure))
#60 C:\\Users\\User\\Desktop\\ING DAVID VEGA\\FULLSTACK\\MundoNavidenio365\\vendor\\laravel\\framework\\src\\Illuminate\\Pipeline\\Pipeline.php(119): Illuminate\\Pipeline\\Pipeline->Illuminate\\Pipeline\\{closure}(Object(Illuminate\\Http\\Request))
#61 C:\\Users\\User\\Desktop\\ING DAVID VEGA\\FULLSTACK\\MundoNavidenio365\\vendor\\laravel\\framework\\src\\Illuminate\\Foundation\\Http\\Kernel.php(175): Illuminate\\Pipeline\\Pipeline->then(Object(Closure))
#62 C:\\Users\\User\\Desktop\\ING DAVID VEGA\\FULLSTACK\\MundoNavidenio365\\vendor\\laravel\\framework\\src\\Illuminate\\Foundation\\Http\\Kernel.php(144): Illuminate\\Foundation\\Http\\Kernel->sendRequestThroughRouter(Object(Illuminate\\Http\\Request))
#63 C:\\Users\\User\\Desktop\\ING DAVID VEGA\\FULLSTACK\\MundoNavidenio365\\public\\index.php(51): Illuminate\\Foundation\\Http\\Kernel->handle(Object(Illuminate\\Http\\Request))
#64 C:\\Users\\User\\Desktop\\ING DAVID VEGA\\FULLSTACK\\MundoNavidenio365\\vendor\\laravel\\framework\\src\\Illuminate\\Foundation\\resources\\server.php(16): require_once('C:\\\\Users\\\\User\\\\D...')
#65 {main}

[previous exception] [object] (PDOException(code: 42S02): SQLSTATE[42S02]: Base table or view not found: 1146 Table 'mundonav_navidad.lotes' doesn't exist at C:\\Users\\User\\Desktop\\ING DAVID VEGA\\FULLSTACK\\MundoNavidenio365\\vendor\\laravel\\framework\\src\\Illuminate\\Database\\Connection.php:423)
[stacktrace]
#0 C:\\Users\\User\\Desktop\\ING DAVID VEGA\\FULLSTACK\\MundoNavidenio365\\vendor\\laravel\\framework\\src\\Illuminate\\Database\\Connection.php(423): PDO->prepare('select count(*)...')
#1 C:\\Users\\User\\Desktop\\ING DAVID VEGA\\FULLSTACK\\MundoNavidenio365\\vendor\\laravel\\framework\\src\\Illuminate\\Database\\Connection.php(816): Illuminate\\Database\\Connection->Illuminate\\Database\\{closure}('select count(*)...', Array)
#2 C:\\Users\\User\\Desktop\\ING DAVID VEGA\\FULLSTACK\\MundoNavidenio365\\vendor\\laravel\\framework\\src\\Illuminate\\Database\\Connection.php(783): Illuminate\\Database\\Connection->runQueryCallback('select count(*)...', Array, Object(Closure))
#3 C:\\Users\\User\\Desktop\\ING DAVID VEGA\\FULLSTACK\\MundoNavidenio365\\vendor\\laravel\\framework\\src\\Illuminate\\Database\\Connection.php(414): Illuminate\\Database\\Connection->run('select count(*)...', Array, Object(Closure))
#4 C:\\Users\\User\\Desktop\\ING DAVID VEGA\\FULLSTACK\\MundoNavidenio365\\vendor\\laravel\\framework\\src\\Illuminate\\Database\\Query\\Builder.php(2913): Illuminate\\Database\\Connection->select('select count(*)...', Array, true)
#5 C:\\Users\\User\\Desktop\\ING DAVID VEGA\\FULLSTACK\\MundoNavidenio365\\vendor\\laravel\\framework\\src\\Illuminate\\Database\\Query\\Builder.php(2902): Illuminate\\Database\\Query\\Builder->runSelect()
#6 C:\\Users\\User\\Desktop\\ING DAVID VEGA\\FULLSTACK\\MundoNavidenio365\\vendor\\laravel\\framework\\src\\Illuminate\\Database\\Query\\Builder.php(3456): Illuminate\\Database\\Query\\Builder->Illuminate\\Database\\Query\\{closure}()
#7 C:\\Users\\User\\Desktop\\ING DAVID VEGA\\FULLSTACK\\MundoNavidenio365\\vendor\\laravel\\framework\\src\\Illuminate\\Database\\Query\\Builder.php(2901): Illuminate\\Database\\Query\\Builder->onceWithColumns(Array, Object(Closure))
#8 C:\\Users\\User\\Desktop\\ING DAVID VEGA\\FULLSTACK\\MundoNavidenio365\\vendor\\laravel\\framework\\src\\Illuminate\\Database\\Query\\Builder.php(3066): Illuminate\\Database\\Query\\Builder->get()
#9 C:\\Users\\User\\Desktop\\ING DAVID VEGA\\FULLSTACK\\MundoNavidenio365\\vendor\\laravel\\framework\\src\\Illuminate\\Database\\Query\\Builder.php(3025): Illuminate\\Database\\Query\\Builder->runPaginationCountQuery(Array)
#10 C:\\Users\\User\\Desktop\\ING DAVID VEGA\\FULLSTACK\\MundoNavidenio365\\vendor\\laravel\\framework\\src\\Illuminate\\Database\\Eloquent\\Builder.php(923): Illuminate\\Database\\Query\\Builder->getCountForPagination()
#11 C:\\Users\\User\\Desktop\\ING DAVID VEGA\\FULLSTACK\\MundoNavidenio365\\app\\Http\\Controllers\\Admin\\ComprasController.php(47): Illuminate\\Database\\Eloquent\\Builder->paginate(15)
#12 C:\\Users\\User\\Desktop\\ING DAVID VEGA\\FULLSTACK\\MundoNavidenio365\\vendor\\laravel\\framework\\src\\Illuminate\\Routing\\Controller.php(54): App\\Http\\Controllers\\Admin\\ComprasController->index(Object(Illuminate\\Http\\Request))
#13 C:\\Users\\User\\Desktop\\ING DAVID VEGA\\FULLSTACK\\MundoNavidenio365\\vendor\\laravel\\framework\\src\\Illuminate\\Routing\\ControllerDispatcher.php(43): Illuminate\\Routing\\Controller->callAction('index', Array)
#14 C:\\Users\\User\\Desktop\\ING DAVID VEGA\\FULLSTACK\\MundoNavidenio365\\vendor\\laravel\\framework\\src\\Illuminate\\Routing\\Route.php(259): Illuminate\\Routing\\ControllerDispatcher->dispatch(Object(Illuminate\\Routing\\Route), Object(App\\Http\\Controllers\\Admin\\ComprasController), 'index')
#15 C:\\Users\\User\\Desktop\\ING DAVID VEGA\\FULLSTACK\\MundoNavidenio365\\vendor\\laravel\\framework\\src\\Illuminate\\Routing\\Route.php(205): Illuminate\\Routing\\Route->runController()
#16 C:\\Users\\User\\Desktop\\ING DAVID VEGA\\FULLSTACK\\MundoNavidenio365\\vendor\\laravel\\framework\\src\\Illuminate\\Routing\\Router.php(806): Illuminate\\Routing\\Route->run()
#17 C:\\Users\\User\\Desktop\\ING DAVID VEGA\\FULLSTACK\\MundoNavidenio365\\vendor\\laravel\\framework\\src\\Illuminate\\Pipeline\\Pipeline.php(144): Illuminate\\Routing\\Router->Illuminate\\Routing\\{closure}(Object(Illuminate\\Http\\Request))
#18 C:\\Users\\User\\Desktop\\ING DAVID VEGA\\FULLSTACK\\MundoNavidenio365\\app\\Http\\Middleware\\RoleMiddleware.php(16): Illuminate\\Pipeline\\Pipeline->Illuminate\\Pipeline\\{closure}(Object(Illuminate\\Http\\Request))
#19 C:\\Users\\User\\Desktop\\ING DAVID VEGA\\FULLSTACK\\MundoNavidenio365\\vendor\\laravel\\framework\\src\\Illuminate\\Pipeline\\Pipeline.php(183): App\\Http\\Middleware\\RoleMiddleware->handle(Object(Illuminate\\Http\\Request), Object(Closure), 'Administrador')
#20 C:\\Users\\User\\Desktop\\ING DAVID VEGA\\FULLSTACK\\MundoNavidenio365\\vendor\\laravel\\framework\\src\\Illuminate\\Auth\\Middleware\\EnsureEmailIsVerified.php(41): Illuminate\\Pipeline\\Pipeline->Illuminate\\Pipeline\\{closure}(Object(Illuminate\\Http\\Request))
#21 C:\\Users\\User\\Desktop\\ING DAVID VEGA\\FULLSTACK\\MundoNavidenio365\\vendor\\laravel\\framework\\src\\Illuminate\\Pipeline\\Pipeline.php(183): Illuminate\\Auth\\Middleware\\EnsureEmailIsVerified->handle(Object(Illuminate\\Http\\Request), Object(Closure))
#22 C:\\Users\\User\\Desktop\\ING DAVID VEGA\\FULLSTACK\\MundoNavidenio365\\vendor\\laravel\\framework\\src\\Illuminate\\Http\\Middleware\\AddLinkHeadersForPreloadedAssets.php(20): Illuminate\\Pipeline\\Pipeline->Illuminate\\Pipeline\\{closure}(Object(Illuminate\\Http\\Request))
#23 C:\\Users\\User\\Desktop\\ING DAVID VEGA\\FULLSTACK\\MundoNavidenio365\\vendor\\laravel\\framework\\src\\Illuminate\\Pipeline\\Pipeline.php(183): Illuminate\\Http\\Middleware\\AddLinkHeadersForPreloadedAssets->handle(Object(Illuminate\\Http\\Request), Object(Closure))
#24 C:\\Users\\User\\Desktop\\ING DAVID VEGA\\FULLSTACK\\MundoNavidenio365\\vendor\\inertiajs\\inertia-laravel\\src\\Middleware.php(87): Illuminate\\Pipeline\\Pipeline->Illuminate\\Pipeline\\{closure}(Object(Illuminate\\Http\\Request))
#25 C:\\Users\\User\\Desktop\\ING DAVID VEGA\\FULLSTACK\\MundoNavidenio365\\vendor\\laravel\\framework\\src\\Illuminate\\Pipeline\\Pipeline.php(183): Inertia\\Middleware->handle(Object(Illuminate\\Http\\Request), Object(Closure))
#26 C:\\Users\\User\\Desktop\\ING DAVID VEGA\\FULLSTACK\\MundoNavidenio365\\vendor\\laravel\\framework\\src\\Illuminate\\Routing\\Middleware\\SubstituteBindings.php(50): Illuminate\\Pipeline\\Pipeline->Illuminate\\Pipeline\\{closure}(Object(Illuminate\\Http\\Request))
#27 C:\\Users\\User\\Desktop\\ING DAVID VEGA\\FULLSTACK\\MundoNavidenio365\\vendor\\laravel\\framework\\src\\Illuminate\\Pipeline\\Pipeline.php(183): Illuminate\\Routing\\Middleware\\SubstituteBindings->handle(Object(Illuminate\\Http\\Request), Object(Closure))
#28 C:\\Users\\User\\Desktop\\ING DAVID VEGA\\FULLSTACK\\MundoNavidenio365\\vendor\\laravel\\framework\\src\\Illuminate\\Auth\\Middleware\\Authenticate.php(57): Illuminate\\Pipeline\\Pipeline->Illuminate\\Pipeline\\{closure}(Object(Illuminate\\Http\\Request))
#29 C:\\Users\\User\\Desktop\\ING DAVID VEGA\\FULLSTACK\\MundoNavidenio365\\vendor\\laravel\\framework\\src\\Illuminate\\Pipeline\\Pipeline.php(183): Illuminate\\Auth\\Middleware\\Authenticate->handle(Object(Illuminate\\Http\\Request), Object(Closure))
#30 C:\\Users\\User\\Desktop\\ING DAVID VEGA\\FULLSTACK\\MundoNavidenio365\\vendor\\laravel\\framework\\src\\Illuminate\\Foundation\\Http\\Middleware\\VerifyCsrfToken.php(78): Illuminate\\Pipeline\\Pipeline->Illuminate\\Pipeline\\{closure}(Object(Illuminate\\Http\\Request))
#31 C:\\Users\\User\\Desktop\\ING DAVID VEGA\\FULLSTACK\\MundoNavidenio365\\vendor\\laravel\\framework\\src\\Illuminate\\Pipeline\\Pipeline.php(183): Illuminate\\Foundation\\Http\\Middleware\\VerifyCsrfToken->handle(Object(Illuminate\\Http\\Request), Object(Closure))
#32 C:\\Users\\User\\Desktop\\ING DAVID VEGA\\FULLSTACK\\MundoNavidenio365\\vendor\\laravel\\framework\\src\\Illuminate\\View\\Middleware\\ShareErrorsFromSession.php(49): Illuminate\\Pipeline\\Pipeline->Illuminate\\Pipeline\\{closure}(Object(Illuminate\\Http\\Request))
#33 C:\\Users\\User\\Desktop\\ING DAVID VEGA\\FULLSTACK\\MundoNavidenio365\\vendor\\laravel\\framework\\src\\Illuminate\\Pipeline\\Pipeline.php(183): Illuminate\\View\\Middleware\\ShareErrorsFromSession->handle(Object(Illuminate\\Http\\Request), Object(Closure))
#34 C:\\Users\\User\\Desktop\\ING DAVID VEGA\\FULLSTACK\\MundoNavidenio365\\vendor\\laravel\\framework\\src\\Illuminate\\Session\\Middleware\\StartSession.php(121): Illuminate\\Pipeline\\Pipeline->Illuminate\\Pipeline\\{closure}(Object(Illuminate\\Http\\Request))
#35 C:\\Users\\User\\Desktop\\ING DAVID VEGA\\FULLSTACK\\MundoNavidenio365\\vendor\\laravel\\framework\\src\\Illuminate\\Session\\Middleware\\StartSession.php(64): Illuminate\\Session\\Middleware\\StartSession->handleStatefulRequest(Object(Illuminate\\Http\\Request), Object(Illuminate\\Session\\Store), Object(Closure))
#36 C:\\Users\\User\\Desktop\\ING DAVID VEGA\\FULLSTACK\\MundoNavidenio365\\vendor\\laravel\\framework\\src\\Illuminate\\Pipeline\\Pipeline.php(183): Illuminate\\Session\\Middleware\\StartSession->handle(Object(Illuminate\\Http\\Request), Object(Closure))
#37 C:\\Users\\User\\Desktop\\ING DAVID VEGA\\FULLSTACK\\MundoNavidenio365\\vendor\\laravel\\framework\\src\\Illuminate\\Cookie\\Middleware\\AddQueuedCookiesToResponse.php(37): Illuminate\\Pipeline\\Pipeline->Illuminate\\Pipeline\\{closure}(Object(Illuminate\\Http\\Request))
#38 C:\\Users\\User\\Desktop\\ING DAVID VEGA\\FULLSTACK\\MundoNavidenio365\\vendor\\laravel\\framework\\src\\Illuminate\\Pipeline\\Pipeline.php(183): Illuminate\\Cookie\\Middleware\\AddQueuedCookiesToResponse->handle(Object(Illuminate\\Http\\Request), Object(Closure))
#39 C:\\Users\\User\\Desktop\\ING DAVID VEGA\\FULLSTACK\\MundoNavidenio365\\vendor\\laravel\\framework\\src\\Illuminate\\Cookie\\Middleware\\EncryptCookies.php(67): Illuminate\\Pipeline\\Pipeline->Illuminate\\Pipeline\\{closure}(Object(Illuminate\\Http\\Request))
#40 C:\\Users\\User\\Desktop\\ING DAVID VEGA\\FULLSTACK\\MundoNavidenio365\\vendor\\laravel\\framework\\src\\Illuminate\\Pipeline\\Pipeline.php(183): Illuminate\\Cookie\\Middleware\\EncryptCookies->handle(Object(Illuminate\\Http\\Request), Object(Closure))
#41 C:\\Users\\User\\Desktop\\ING DAVID VEGA\\FULLSTACK\\MundoNavidenio365\\vendor\\laravel\\framework\\src\\Illuminate\\Pipeline\\Pipeline.php(119): Illuminate\\Pipeline\\Pipeline->Illuminate\\Pipeline\\{closure}(Object(Illuminate\\Http\\Request))
#42 C:\\Users\\User\\Desktop\\ING DAVID VEGA\\FULLSTACK\\MundoNavidenio365\\vendor\\laravel\\framework\\src\\Illuminate\\Routing\\Router.php(805): Illuminate\\Pipeline\\Pipeline->then(Object(Closure))
#43 C:\\Users\\User\\Desktop\\ING DAVID VEGA\\FULLSTACK\\MundoNavidenio365\\vendor\\laravel\\framework\\src\\Illuminate\\Routing\\Router.php(784): Illuminate\\Routing\\Router->runRouteWithinStack(Object(Illuminate\\Routing\\Route), Object(Illuminate\\Http\\Request))
#44 C:\\Users\\User\\Desktop\\ING DAVID VEGA\\FULLSTACK\\MundoNavidenio365\\vendor\\laravel\\framework\\src\\Illuminate\\Routing\\Router.php(748): Illuminate\\Routing\\Router->runRoute(Object(Illuminate\\Http\\Request), Object(Illuminate\\Routing\\Route))
#45 C:\\Users\\User\\Desktop\\ING DAVID VEGA\\FULLSTACK\\MundoNavidenio365\\vendor\\laravel\\framework\\src\\Illuminate\\Routing\\Router.php(737): Illuminate\\Routing\\Router->dispatchToRoute(Object(Illuminate\\Http\\Request))
#46 C:\\Users\\User\\Desktop\\ING DAVID VEGA\\FULLSTACK\\MundoNavidenio365\\vendor\\laravel\\framework\\src\\Illuminate\\Foundation\\Http\\Kernel.php(200): Illuminate\\Routing\\Router->dispatch(Object(Illuminate\\Http\\Request))
#47 C:\\Users\\User\\Desktop\\ING DAVID VEGA\\FULLSTACK\\MundoNavidenio365\\vendor\\laravel\\framework\\src\\Illuminate\\Pipeline\\Pipeline.php(144): Illuminate\\Foundation\\Http\\Kernel->Illuminate\\Foundation\\Http\\{closure}(Object(Illuminate\\Http\\Request))
#48 C:\\Users\\User\\Desktop\\ING DAVID VEGA\\FULLSTACK\\MundoNavidenio365\\vendor\\laravel\\framework\\src\\Illuminate\\Foundation\\Http\\Middleware\\TransformsRequest.php(21): Illuminate\\Pipeline\\Pipeline->Illuminate\\Pipeline\\{closure}(Object(Illuminate\\Http\\Request))
#49 C:\\Users\\User\\Desktop\\ING DAVID VEGA\\FULLSTACK\\MundoNavidenio365\\vendor\\laravel\\framework\\src\\Illuminate\\Foundation\\Http\\Middleware\\ConvertEmptyStringsToNull.php(31): Illuminate\\Foundation\\Http\\Middleware\\TransformsRequest->handle(Object(Illuminate\\Http\\Request), Object(Closure))
#50 C:\\Users\\User\\Desktop\\ING DAVID VEGA\\FULLSTACK\\MundoNavidenio365\\vendor\\laravel\\framework\\src\\Illuminate\\Pipeline\\Pipeline.php(183): Illuminate\\Foundation\\Http\\Middleware\\ConvertEmptyStringsToNull->handle(Object(Illuminate\\Http\\Request), Object(Closure))
#51 C:\\Users\\User\\Desktop\\ING DAVID VEGA\\FULLSTACK\\MundoNavidenio365\\vendor\\laravel\\framework\\src\\Illuminate\\Foundation\\Http\\Middleware\\TransformsRequest.php(21): Illuminate\\Pipeline\\Pipeline->Illuminate\\Pipeline\\{closure}(Object(Illuminate\\Http\\Request))
#52 C:\\Users\\User\\Desktop\\ING DAVID VEGA\\FULLSTACK\\MundoNavidenio365\\vendor\\laravel\\framework\\src\\Illuminate\\Foundation\\Http\\Middleware\\TrimStrings.php(40): Illuminate\\Foundation\\Http\\Middleware\\TransformsRequest->handle(Object(Illuminate\\Http\\Request), Object(Closure))
#53 C:\\Users\\User\\Desktop\\ING DAVID VEGA\\FULLSTACK\\MundoNavidenio365\\vendor\\laravel\\framework\\src\\Illuminate\\Pipeline\\Pipeline.php(183): Illuminate\\Foundation\\Http\\Middleware\\TrimStrings->handle(Object(Illuminate\\Http\\Request), Object(Closure))
#54 C:\\Users\\User\\Desktop\\ING DAVID VEGA\\FULLSTACK\\MundoNavidenio365\\vendor\\laravel\\framework\\src\\Illuminate\\Foundation\\Http\\Middleware\\ValidatePostSize.php(27): Illuminate\\Pipeline\\Pipeline->Illuminate\\Pipeline\\{closure}(Object(Illuminate\\Http\\Request))
#55 C:\\Users\\User\\Desktop\\ING DAVID VEGA\\FULLSTACK\\MundoNavidenio365\\vendor\\laravel\\framework\\src\\Illuminate\\Pipeline\\Pipeline.php(183): Illuminate\\Foundation\\Http\\Middleware\\ValidatePostSize->handle(Object(Illuminate\\Http\\Request), Object(Closure))
#56 C:\\Users\\User\\Desktop\\ING DAVID VEGA\\FULLSTACK\\MundoNavidenio365\\vendor\\laravel\\framework\\src\\Illuminate\\Foundation\\Http\\Middleware\\PreventRequestsDuringMaintenance.php(99): Illuminate\\Pipeline\\Pipeline->Illuminate\\Pipeline\\{closure}(Object(Illuminate\\Http\\Request))
#57 C:\\Users\\User\\Desktop\\ING DAVID VEGA\\FULLSTACK\\MundoNavidenio365\\vendor\\laravel\\framework\\src\\Illuminate\\Pipeline\\Pipeline.php(183): Illuminate\\Foundation\\Http\\Middleware\\PreventRequestsDuringMaintenance->handle(Object(Illuminate\\Http\\Request), Object(Closure))
#58 C:\\Users\\User\\Desktop\\ING DAVID VEGA\\FULLSTACK\\MundoNavidenio365\\vendor\\laravel\\framework\\src\\Illuminate\\Http\\Middleware\\HandleCors.php(49): Illuminate\\Pipeline\\Pipeline->Illuminate\\Pipeline\\{closure}(Object(Illuminate\\Http\\Request))
#59 C:\\Users\\User\\Desktop\\ING DAVID VEGA\\FULLSTACK\\MundoNavidenio365\\vendor\\laravel\\framework\\src\\Illuminate\\Pipeline\\Pipeline.php(183): Illuminate\\Http\\Middleware\\HandleCors->handle(Object(Illuminate\\Http\\Request), Object(Closure))
#60 C:\\Users\\User\\Desktop\\ING DAVID VEGA\\FULLSTACK\\MundoNavidenio365\\vendor\\laravel\\framework\\src\\Illuminate\\Http\\Middleware\\TrustProxies.php(39): Illuminate\\Pipeline\\Pipeline->Illuminate\\Pipeline\\{closure}(Object(Illuminate\\Http\\Request))
#61 C:\\Users\\User\\Desktop\\ING DAVID VEGA\\FULLSTACK\\MundoNavidenio365\\vendor\\laravel\\framework\\src\\Illuminate\\Pipeline\\Pipeline.php(183): Illuminate\\Http\\Middleware\\TrustProxies->handle(Object(Illuminate\\Http\\Request), Object(Closure))
#62 C:\\Users\\User\\Desktop\\ING DAVID VEGA\\FULLSTACK\\MundoNavidenio365\\vendor\\laravel\\framework\\src\\Illuminate\\Pipeline\\Pipeline.php(119): Illuminate\\Pipeline\\Pipeline->Illuminate\\Pipeline\\{closure}(Object(Illuminate\\Http\\Request))
#63 C:\\Users\\User\\Desktop\\ING DAVID VEGA\\FULLSTACK\\MundoNavidenio365\\vendor\\laravel\\framework\\src\\Illuminate\\Foundation\\Http\\Kernel.php(175): Illuminate\\Pipeline\\Pipeline->then(Object(Closure))
#64 C:\\Users\\User\\Desktop\\ING DAVID VEGA\\FULLSTACK\\MundoNavidenio365\\vendor\\laravel\\framework\\src\\Illuminate\\Foundation\\Http\\Kernel.php(144): Illuminate\\Foundation\\Http\\Kernel->sendRequestThroughRouter(Object(Illuminate\\Http\\Request))
#65 C:\\Users\\User\\Desktop\\ING DAVID VEGA\\FULLSTACK\\MundoNavidenio365\\public\\index.php(51): Illuminate\\Foundation\\Http\\Kernel->handle(Object(Illuminate\\Http\\Request))
#66 C:\\Users\\User\\Desktop\\ING DAVID VEGA\\FULLSTACK\\MundoNavidenio365\\vendor\\laravel\\framework\\src\\Illuminate\\Foundation\\resources\\server.php(16): require_once('C:\\\\Users\\\\User\\\\D...')
#67 {main}
"} 
[2026-08-04 20:20:53] local.ERROR: SQLSTATE[42S02]: Base table or view not found: 1146 Table 'mundonav_navidad.lotes' doesn't exist (Connection: mysql, SQL: select count(*) as aggregate from `lotes` where `lotes`.`deleted_at` is null) {"userId":1,"exception":"[object] (Illuminate\\Database\\QueryException(code: 42S02): SQLSTATE[42S02]: Base table or view not found: 1146 Table 'mundonav_navidad.lotes' doesn't exist (Connection: mysql, SQL: select count(*) as aggregate from `lotes` where `lotes`.`deleted_at` is null) at C:\\Users\\User\\Desktop\\ING DAVID VEGA\\FULLSTACK\\MundoNavidenio365\\vendor\\laravel\\framework\\src\\Illuminate\\Database\\Connection.php:829)
[stacktrace]
#0 C:\\Users\\User\\Desktop\\ING DAVID VEGA\\FULLSTACK\\MundoNavidenio365\\vendor\\laravel\\framework\\src\\Illuminate\\Database\\Connection.php(783): Illuminate\\Database\\Connection->runQueryCallback('select count(*)...', Array, Object(Closure))
#1 C:\\Users\\User\\Desktop\\ING DAVID VEGA\\FULLSTACK\\MundoNavidenio365\\vendor\\laravel\\framework\\src\\Illuminate\\Database\\Connection.php(414): Illuminate\\Database\\Connection->run('select count(*)...', Array, Object(Closure))
#2 C:\\Users\\User\\Desktop\\ING DAVID VEGA\\FULLSTACK\\MundoNavidenio365\\vendor\\laravel\\framework\\src\\Illuminate\\Database\\Query\\Builder.php(2913): Illuminate\\Database\\Connection->select('select count(*)...', Array, true)
#3 C:\\Users\\User\\Desktop\\ING DAVID VEGA\\FULLSTACK\\MundoNavidenio365\\vendor\\laravel\\framework\\src\\Illuminate\\Database\\Query\\Builder.php(2902): Illuminate\\Database\\Query\\Builder->runSelect()
#4 C:\\Users\\User\\Desktop\\ING DAVID VEGA\\FULLSTACK\\MundoNavidenio365\\vendor\\laravel\\framework\\src\\Illuminate\\Database\\Query\\Builder.php(3456): Illuminate\\Database\\Query\\Builder->Illuminate\\Database\\Query\\{closure}()
#5 C:\\Users\\User\\Desktop\\ING DAVID VEGA\\FULLSTACK\\MundoNavidenio365\\vendor\\laravel\\framework\\src\\Illuminate\\Database\\Query\\Builder.php(2901): Illuminate\\Database\\Query\\Builder->onceWithColumns(Array, Object(Closure))
#6 C:\\Users\\User\\Desktop\\ING DAVID VEGA\\FULLSTACK\\MundoNavidenio365\\vendor\\laravel\\framework\\src\\Illuminate\\Database\\Query\\Builder.php(3066): Illuminate\\Database\\Query\\Builder->get()
#7 C:\\Users\\User\\Desktop\\ING DAVID VEGA\\FULLSTACK\\MundoNavidenio365\\vendor\\laravel\\framework\\src\\Illuminate\\Database\\Query\\Builder.php(3025): Illuminate\\Database\\Query\\Builder->runPaginationCountQuery(Array)
#8 C:\\Users\\User\\Desktop\\ING DAVID VEGA\\FULLSTACK\\MundoNavidenio365\\vendor\\laravel\\framework\\src\\Illuminate\\Database\\Eloquent\\Builder.php(923): Illuminate\\Database\\Query\\Builder->getCountForPagination()
#9 C:\\Users\\User\\Desktop\\ING DAVID VEGA\\FULLSTACK\\MundoNavidenio365\\app\\Http\\Controllers\\Admin\\ComprasController.php(47): Illuminate\\Database\\Eloquent\\Builder->paginate(15)
#10 C:\\Users\\User\\Desktop\\ING DAVID VEGA\\FULLSTACK\\MundoNavidenio365\\vendor\\laravel\\framework\\src\\Illuminate\\Routing\\Controller.php(54): App\\Http\\Controllers\\Admin\\ComprasController->index(Object(Illuminate\\Http\\Request))
#11 C:\\Users\\User\\Desktop\\ING DAVID VEGA\\FULLSTACK\\MundoNavidenio365\\vendor\\laravel\\framework\\src\\Illuminate\\Routing\\ControllerDispatcher.php(43): Illuminate\\Routing\\Controller->callAction('index', Array)
#12 C:\\Users\\User\\Desktop\\ING DAVID VEGA\\FULLSTACK\\MundoNavidenio365\\vendor\\laravel\\framework\\src\\Illuminate\\Routing\\Route.php(259): Illuminate\\Routing\\ControllerDispatcher->dispatch(Object(Illuminate\\Routing\\Route), Object(App\\Http\\Controllers\\Admin\\ComprasController), 'index')
#13 C:\\Users\\User\\Desktop\\ING DAVID VEGA\\FULLSTACK\\MundoNavidenio365\\vendor\\laravel\\framework\\src\\Illuminate\\Routing\\Route.php(205): Illuminate\\Routing\\Route->runController()
#14 C:\\Users\\User\\Desktop\\ING DAVID VEGA\\FULLSTACK\\MundoNavidenio365\\vendor\\laravel\\framework\\src\\Illuminate\\Routing\\Router.php(806): Illuminate\\Routing\\Route->run()
#15 C:\\Users\\User\\Desktop\\ING DAVID VEGA\\FULLSTACK\\MundoNavidenio365\\vendor\\laravel\\framework\\src\\Illuminate\\Pipeline\\Pipeline.php(144): Illuminate\\Routing\\Router->Illuminate\\Routing\\{closure}(Object(Illuminate\\Http\\Request))
#16 C:\\Users\\User\\Desktop\\ING DAVID VEGA\\FULLSTACK\\MundoNavidenio365\\app\\Http\\Middleware\\RoleMiddleware.php(16): Illuminate\\Pipeline\\Pipeline->Illuminate\\Pipeline\\{closure}(Object(Illuminate\\Http\\Request))
#17 C:\\Users\\User\\Desktop\\ING DAVID VEGA\\FULLSTACK\\MundoNavidenio365\\vendor\\laravel\\framework\\src\\Illuminate\\Pipeline\\Pipeline.php(183): App\\Http\\Middleware\\RoleMiddleware->handle(Object(Illuminate\\Http\\Request), Object(Closure), 'Administrador')
#18 C:\\Users\\User\\Desktop\\ING DAVID VEGA\\FULLSTACK\\MundoNavidenio365\\vendor\\laravel\\framework\\src\\Illuminate\\Auth\\Middleware\\EnsureEmailIsVerified.php(41): Illuminate\\Pipeline\\Pipeline->Illuminate\\Pipeline\\{closure}(Object(Illuminate\\Http\\Request))
#19 C:\\Users\\User\\Desktop\\ING DAVID VEGA\\FULLSTACK\\MundoNavidenio365\\vendor\\laravel\\framework\\src\\Illuminate\\Pipeline\\Pipeline.php(183): Illuminate\\Auth\\Middleware\\EnsureEmailIsVerified->handle(Object(Illuminate\\Http\\Request), Object(Closure))
#20 C:\\Users\\User\\Desktop\\ING DAVID VEGA\\FULLSTACK\\MundoNavidenio365\\vendor\\laravel\\framework\\src\\Illuminate\\Http\\Middleware\\AddLinkHeadersForPreloadedAssets.php(20): Illuminate\\Pipeline\\Pipeline->Illuminate\\Pipeline\\{closure}(Object(Illuminate\\Http\\Request))
#21 C:\\Users\\User\\Desktop\\ING DAVID VEGA\\FULLSTACK\\MundoNavidenio365\\vendor\\laravel\\framework\\src\\Illuminate\\Pipeline\\Pipeline.php(183): Illuminate\\Http\\Middleware\\AddLinkHeadersForPreloadedAssets->handle(Object(Illuminate\\Http\\Request), Object(Closure))
#22 C:\\Users\\User\\Desktop\\ING DAVID VEGA\\FULLSTACK\\MundoNavidenio365\\vendor\\inertiajs\\inertia-laravel\\src\\Middleware.php(87): Illuminate\\Pipeline\\Pipeline->Illuminate\\Pipeline\\{closure}(Object(Illuminate\\Http\\Request))
#23 C:\\Users\\User\\Desktop\\ING DAVID VEGA\\FULLSTACK\\MundoNavidenio365\\vendor\\laravel\\framework\\src\\Illuminate\\Pipeline\\Pipeline.php(183): Inertia\\Middleware->handle(Object(Illuminate\\Http\\Request), Object(Closure))
#24 C:\\Users\\User\\Desktop\\ING DAVID VEGA\\FULLSTACK\\MundoNavidenio365\\vendor\\laravel\\framework\\src\\Illuminate\\Routing\\Middleware\\SubstituteBindings.php(50): Illuminate\\Pipeline\\Pipeline->Illuminate\\Pipeline\\{closure}(Object(Illuminate\\Http\\Request))
#25 C:\\Users\\User\\Desktop\\ING DAVID VEGA\\FULLSTACK\\MundoNavidenio365\\vendor\\laravel\\framework\\src\\Illuminate\\Pipeline\\Pipeline.php(183): Illuminate\\Routing\\Middleware\\SubstituteBindings->handle(Object(Illuminate\\Http\\Request), Object(Closure))
#26 C:\\Users\\User\\Desktop\\ING DAVID VEGA\\FULLSTACK\\MundoNavidenio365\\vendor\\laravel\\framework\\src\\Illuminate\\Auth\\Middleware\\Authenticate.php(57): Illuminate\\Pipeline\\Pipeline->Illuminate\\Pipeline\\{closure}(Object(Illuminate\\Http\\Request))
#27 C:\\Users\\User\\Desktop\\ING DAVID VEGA\\FULLSTACK\\MundoNavidenio365\\vendor\\laravel\\framework\\src\\Illuminate\\Pipeline\\Pipeline.php(183): Illuminate\\Auth\\Middleware\\Authenticate->handle(Object(Illuminate\\Http\\Request), Object(Closure))
#28 C:\\Users\\User\\Desktop\\ING DAVID VEGA\\FULLSTACK\\MundoNavidenio365\\vendor\\laravel\\framework\\src\\Illuminate\\Foundation\\Http\\Middleware\\VerifyCsrfToken.php(78): Illuminate\\Pipeline\\Pipeline->Illuminate\\Pipeline\\{closure}(Object(Illuminate\\Http\\Request))
#29 C:\\Users\\User\\Desktop\\ING DAVID VEGA\\FULLSTACK\\MundoNavidenio365\\vendor\\laravel\\framework\\src\\Illuminate\\Pipeline\\Pipeline.php(183): Illuminate\\Foundation\\Http\\Middleware\\VerifyCsrfToken->handle(Object(Illuminate\\Http\\Request), Object(Closure))
#30 C:\\Users\\User\\Desktop\\ING DAVID VEGA\\FULLSTACK\\MundoNavidenio365\\vendor\\laravel\\framework\\src\\Illuminate\\View\\Middleware\\ShareErrorsFromSession.php(49): Illuminate\\Pipeline\\Pipeline->Illuminate\\Pipeline\\{closure}(Object(Illuminate\\Http\\Request))
#31 C:\\Users\\User\\Desktop\\ING DAVID VEGA\\FULLSTACK\\MundoNavidenio365\\vendor\\laravel\\framework\\src\\Illuminate\\Pipeline\\Pipeline.php(183): Illuminate\\View\\Middleware\\ShareErrorsFromSession->handle(Object(Illuminate\\Http\\Request), Object(Closure))
#32 C:\\Users\\User\\Desktop\\ING DAVID VEGA\\FULLSTACK\\MundoNavidenio365\\vendor\\laravel\\framework\\src\\Illuminate\\Session\\Middleware\\StartSession.php(121): Illuminate\\Pipeline\\Pipeline->Illuminate\\Pipeline\\{closure}(Object(Illuminate\\Http\\Request))
#33 C:\\Users\\User\\Desktop\\ING DAVID VEGA\\FULLSTACK\\MundoNavidenio365\\vendor\\laravel\\framework\\src\\Illuminate\\Session\\Middleware\\StartSession.php(64): Illuminate\\Session\\Middleware\\StartSession->handleStatefulRequest(Object(Illuminate\\Http\\Request), Object(Illuminate\\Session\\Store), Object(Closure))
#34 C:\\Users\\User\\Desktop\\ING DAVID VEGA\\FULLSTACK\\MundoNavidenio365\\vendor\\laravel\\framework\\src\\Illuminate\\Pipeline\\Pipeline.php(183): Illuminate\\Session\\Middleware\\StartSession->handle(Object(Illuminate\\Http\\Request), Object(Closure))
#35 C:\\Users\\User\\Desktop\\ING DAVID VEGA\\FULLSTACK\\MundoNavidenio365\\vendor\\laravel\\framework\\src\\Illuminate\\Cookie\\Middleware\\AddQueuedCookiesToResponse.php(37): Illuminate\\Pipeline\\Pipeline->Illuminate\\Pipeline\\{closure}(Object(Illuminate\\Http\\Request))
#36 C:\\Users\\User\\Desktop\\ING DAVID VEGA\\FULLSTACK\\MundoNavidenio365\\vendor\\laravel\\framework\\src\\Illuminate\\Pipeline\\Pipeline.php(183): Illuminate\\Cookie\\Middleware\\AddQueuedCookiesToResponse->handle(Object(Illuminate\\Http\\Request), Object(Closure))
#37 C:\\Users\\User\\Desktop\\ING DAVID VEGA\\FULLSTACK\\MundoNavidenio365\\vendor\\laravel\\framework\\src\\Illuminate\\Cookie\\Middleware\\EncryptCookies.php(67): Illuminate\\Pipeline\\Pipeline->Illuminate\\Pipeline\\{closure}(Object(Illuminate\\Http\\Request))
#38 C:\\Users\\User\\Desktop\\ING DAVID VEGA\\FULLSTACK\\MundoNavidenio365\\vendor\\laravel\\framework\\src\\Illuminate\\Pipeline\\Pipeline.php(183): Illuminate\\Cookie\\Middleware\\EncryptCookies->handle(Object(Illuminate\\Http\\Request), Object(Closure))
#39 C:\\Users\\User\\Desktop\\ING DAVID VEGA\\FULLSTACK\\MundoNavidenio365\\vendor\\laravel\\framework\\src\\Illuminate\\Pipeline\\Pipeline.php(119): Illuminate\\Pipeline\\Pipeline->Illuminate\\Pipeline\\{closure}(Object(Illuminate\\Http\\Request))
#40 C:\\Users\\User\\Desktop\\ING DAVID VEGA\\FULLSTACK\\MundoNavidenio365\\vendor\\laravel\\framework\\src\\Illuminate\\Routing\\Router.php(805): Illuminate\\Pipeline\\Pipeline->then(Object(Closure))
#41 C:\\Users\\User\\Desktop\\ING DAVID VEGA\\FULLSTACK\\MundoNavidenio365\\vendor\\laravel\\framework\\src\\Illuminate\\Routing\\Router.php(784): Illuminate\\Routing\\Router->runRouteWithinStack(Object(Illuminate\\Routing\\Route), Object(Illuminate\\Http\\Request))
#42 C:\\Users\\User\\Desktop\\ING DAVID VEGA\\FULLSTACK\\MundoNavidenio365\\vendor\\laravel\\framework\\src\\Illuminate\\Routing\\Router.php(748): Illuminate\\Routing\\Router->runRoute(Object(Illuminate\\Http\\Request), Object(Illuminate\\Routing\\Route))
#43 C:\\Users\\User\\Desktop\\ING DAVID VEGA\\FULLSTACK\\MundoNavidenio365\\vendor\\laravel\\framework\\src\\Illuminate\\Routing\\Router.php(737): Illuminate\\Routing\\Router->dispatchToRoute(Object(Illuminate\\Http\\Request))
#44 C:\\Users\\User\\Desktop\\ING DAVID VEGA\\FULLSTACK\\MundoNavidenio365\\vendor\\laravel\\framework\\src\\Illuminate\\Foundation\\Http\\Kernel.php(200): Illuminate\\Routing\\Router->dispatch(Object(Illuminate\\Http\\Request))
#45 C:\\Users\\User\\Desktop\\ING DAVID VEGA\\FULLSTACK\\MundoNavidenio365\\vendor\\laravel\\framework\\src\\Illuminate\\Pipeline\\Pipeline.php(144): Illuminate\\Foundation\\Http\\Kernel->Illuminate\\Foundation\\Http\\{closure}(Object(Illuminate\\Http\\Request))
#46 C:\\Users\\User\\Desktop\\ING DAVID VEGA\\FULLSTACK\\MundoNavidenio365\\vendor\\laravel\\framework\\src\\Illuminate\\Foundation\\Http\\Middleware\\TransformsRequest.php(21): Illuminate\\Pipeline\\Pipeline->Illuminate\\Pipeline\\{closure}(Object(Illuminate\\Http\\Request))
#47 C:\\Users\\User\\Desktop\\ING DAVID VEGA\\FULLSTACK\\MundoNavidenio365\\vendor\\laravel\\framework\\src\\Illuminate\\Foundation\\Http\\Middleware\\ConvertEmptyStringsToNull.php(31): Illuminate\\Foundation\\Http\\Middleware\\TransformsRequest->handle(Object(Illuminate\\Http\\Request), Object(Closure))
#48 C:\\Users\\User\\Desktop\\ING DAVID VEGA\\FULLSTACK\\MundoNavidenio365\\vendor\\laravel\\framework\\src\\Illuminate\\Pipeline\\Pipeline.php(183): Illuminate\\Foundation\\Http\\Middleware\\ConvertEmptyStringsToNull->handle(Object(Illuminate\\Http\\Request), Object(Closure))
#49 C:\\Users\\User\\Desktop\\ING DAVID VEGA\\FULLSTACK\\MundoNavidenio365\\vendor\\laravel\\framework\\src\\Illuminate\\Foundation\\Http\\Middleware\\TransformsRequest.php(21): Illuminate\\Pipeline\\Pipeline->Illuminate\\Pipeline\\{closure}(Object(Illuminate\\Http\\Request))
#50 C:\\Users\\User\\Desktop\\ING DAVID VEGA\\FULLSTACK\\MundoNavidenio365\\vendor\\laravel\\framework\\src\\Illuminate\\Foundation\\Http\\Middleware\\TrimStrings.php(40): Illuminate\\Foundation\\Http\\Middleware\\TransformsRequest->handle(Object(Illuminate\\Http\\Request), Object(Closure))
#51 C:\\Users\\User\\Desktop\\ING DAVID VEGA\\FULLSTACK\\MundoNavidenio365\\vendor\\laravel\\framework\\src\\Illuminate\\Pipeline\\Pipeline.php(183): Illuminate\\Foundation\\Http\\Middleware\\TrimStrings->handle(Object(Illuminate\\Http\\Request), Object(Closure))
#52 C:\\Users\\User\\Desktop\\ING DAVID VEGA\\FULLSTACK\\MundoNavidenio365\\vendor\\laravel\\framework\\src\\Illuminate\\Foundation\\Http\\Middleware\\ValidatePostSize.php(27): Illuminate\\Pipeline\\Pipeline->Illuminate\\Pipeline\\{closure}(Object(Illuminate\\Http\\Request))
#53 C:\\Users\\User\\Desktop\\ING DAVID VEGA\\FULLSTACK\\MundoNavidenio365\\vendor\\laravel\\framework\\src\\Illuminate\\Pipeline\\Pipeline.php(183): Illuminate\\Foundation\\Http\\Middleware\\ValidatePostSize->handle(Object(Illuminate\\Http\\Request), Object(Closure))
#54 C:\\Users\\User\\Desktop\\ING DAVID VEGA\\FULLSTACK\\MundoNavidenio365\\vendor\\laravel\\framework\\src\\Illuminate\\Foundation\\Http\\Middleware\\PreventRequestsDuringMaintenance.php(99): Illuminate\\Pipeline\\Pipeline->Illuminate\\Pipeline\\{closure}(Object(Illuminate\\Http\\Request))
#55 C:\\Users\\User\\Desktop\\ING DAVID VEGA\\FULLSTACK\\MundoNavidenio365\\vendor\\laravel\\framework\\src\\Illuminate\\Pipeline\\Pipeline.php(183): Illuminate\\Foundation\\Http\\Middleware\\PreventRequestsDuringMaintenance->handle(Object(Illuminate\\Http\\Request), Object(Closure))
#56 C:\\Users\\User\\Desktop\\ING DAVID VEGA\\FULLSTACK\\MundoNavidenio365\\vendor\\laravel\\framework\\src\\Illuminate\\Http\\Middleware\\HandleCors.php(49): Illuminate\\Pipeline\\Pipeline->Illuminate\\Pipeline\\{closure}(Object(Illuminate\\Http\\Request))
#57 C:\\Users\\User\\Desktop\\ING DAVID VEGA\\FULLSTACK\\MundoNavidenio365\\vendor\\laravel\\framework\\src\\Illuminate\\Pipeline\\Pipeline.php(183): Illuminate\\Http\\Middleware\\HandleCors->handle(Object(Illuminate\\Http\\Request), Object(Closure))
#58 C:\\Users\\User\\Desktop\\ING DAVID VEGA\\FULLSTACK\\MundoNavidenio365\\vendor\\laravel\\framework\\src\\Illuminate\\Http\\Middleware\\TrustProxies.php(39): Illuminate\\Pipeline\\Pipeline->Illuminate\\Pipeline\\{closure}(Object(Illuminate\\Http\\Request))
#59 C:\\Users\\User\\Desktop\\ING DAVID VEGA\\FULLSTACK\\MundoNavidenio365\\vendor\\laravel\\framework\\src\\Illuminate\\Pipeline\\Pipeline.php(183): Illuminate\\Http\\Middleware\\TrustProxies->handle(Object(Illuminate\\Http\\Request), Object(Closure))
#60 C:\\Users\\User\\Desktop\\ING DAVID VEGA\\FULLSTACK\\MundoNavidenio365\\vendor\\laravel\\framework\\src\\Illuminate\\Pipeline\\Pipeline.php(119): Illuminate\\Pipeline\\Pipeline->Illuminate\\Pipeline\\{closure}(Object(Illuminate\\Http\\Request))
#61 C:\\Users\\User\\Desktop\\ING DAVID VEGA\\FULLSTACK\\MundoNavidenio365\\vendor\\laravel\\framework\\src\\Illuminate\\Foundation\\Http\\Kernel.php(175): Illuminate\\Pipeline\\Pipeline->then(Object(Closure))
#62 C:\\Users\\User\\Desktop\\ING DAVID VEGA\\FULLSTACK\\MundoNavidenio365\\vendor\\laravel\\framework\\src\\Illuminate\\Foundation\\Http\\Kernel.php(144): Illuminate\\Foundation\\Http\\Kernel->sendRequestThroughRouter(Object(Illuminate\\Http\\Request))
#63 C:\\Users\\User\\Desktop\\ING DAVID VEGA\\FULLSTACK\\MundoNavidenio365\\public\\index.php(51): Illuminate\\Foundation\\Http\\Kernel->handle(Object(Illuminate\\Http\\Request))
#64 C:\\Users\\User\\Desktop\\ING DAVID VEGA\\FULLSTACK\\MundoNavidenio365\\vendor\\laravel\\framework\\src\\Illuminate\\Foundation\\resources\\server.php(16): require_once('C:\\\\Users\\\\User\\\\D...')
#65 {main}

[previous exception] [object] (PDOException(code: 42S02): SQLSTATE[42S02]: Base table or view not found: 1146 Table 'mundonav_navidad.lotes' doesn't exist at C:\\Users\\User\\Desktop\\ING DAVID VEGA\\FULLSTACK\\MundoNavidenio365\\vendor\\laravel\\framework\\src\\Illuminate\\Database\\Connection.php:423)
[stacktrace]
#0 C:\\Users\\User\\Desktop\\ING DAVID VEGA\\FULLSTACK\\MundoNavidenio365\\vendor\\laravel\\framework\\src\\Illuminate\\Database\\Connection.php(423): PDO->prepare('select count(*)...')
#1 C:\\Users\\User\\Desktop\\ING DAVID VEGA\\FULLSTACK\\MundoNavidenio365\\vendor\\laravel\\framework\\src\\Illuminate\\Database\\Connection.php(816): Illuminate\\Database\\Connection->Illuminate\\Database\\{closure}('select count(*)...', Array)
#2 C:\\Users\\User\\Desktop\\ING DAVID VEGA\\FULLSTACK\\MundoNavidenio365\\vendor\\laravel\\framework\\src\\Illuminate\\Database\\Connection.php(783): Illuminate\\Database\\Connection->runQueryCallback('select count(*)...', Array, Object(Closure))
#3 C:\\Users\\User\\Desktop\\ING DAVID VEGA\\FULLSTACK\\MundoNavidenio365\\vendor\\laravel\\framework\\src\\Illuminate\\Database\\Connection.php(414): Illuminate\\Database\\Connection->run('select count(*)...', Array, Object(Closure))
#4 C:\\Users\\User\\Desktop\\ING DAVID VEGA\\FULLSTACK\\MundoNavidenio365\\vendor\\laravel\\framework\\src\\Illuminate\\Database\\Query\\Builder.php(2913): Illuminate\\Database\\Connection->select('select count(*)...', Array, true)
#5 C:\\Users\\User\\Desktop\\ING DAVID VEGA\\FULLSTACK\\MundoNavidenio365\\vendor\\laravel\\framework\\src\\Illuminate\\Database\\Query\\Builder.php(2902): Illuminate\\Database\\Query\\Builder->runSelect()
#6 C:\\Users\\User\\Desktop\\ING DAVID VEGA\\FULLSTACK\\MundoNavidenio365\\vendor\\laravel\\framework\\src\\Illuminate\\Database\\Query\\Builder.php(3456): Illuminate\\Database\\Query\\Builder->Illuminate\\Database\\Query\\{closure}()
#7 C:\\Users\\User\\Desktop\\ING DAVID VEGA\\FULLSTACK\\MundoNavidenio365\\vendor\\laravel\\framework\\src\\Illuminate\\Database\\Query\\Builder.php(2901): Illuminate\\Database\\Query\\Builder->onceWithColumns(Array, Object(Closure))
#8 C:\\Users\\User\\Desktop\\ING DAVID VEGA\\FULLSTACK\\MundoNavidenio365\\vendor\\laravel\\framework\\src\\Illuminate\\Database\\Query\\Builder.php(3066): Illuminate\\Database\\Query\\Builder->get()
#9 C:\\Users\\User\\Desktop\\ING DAVID VEGA\\FULLSTACK\\MundoNavidenio365\\vendor\\laravel\\framework\\src\\Illuminate\\Database\\Query\\Builder.php(3025): Illuminate\\Database\\Query\\Builder->runPaginationCountQuery(Array)
#10 C:\\Users\\User\\Desktop\\ING DAVID VEGA\\FULLSTACK\\MundoNavidenio365\\vendor\\laravel\\framework\\src\\Illuminate\\Database\\Eloquent\\Builder.php(923): Illuminate\\Database\\Query\\Builder->getCountForPagination()
#11 C:\\Users\\User\\Desktop\\ING DAVID VEGA\\FULLSTACK\\MundoNavidenio365\\app\\Http\\Controllers\\Admin\\ComprasController.php(47): Illuminate\\Database\\Eloquent\\Builder->paginate(15)
#12 C:\\Users\\User\\Desktop\\ING DAVID VEGA\\FULLSTACK\\MundoNavidenio365\\vendor\\laravel\\framework\\src\\Illuminate\\Routing\\Controller.php(54): App\\Http\\Controllers\\Admin\\ComprasController->index(Object(Illuminate\\Http\\Request))
#13 C:\\Users\\User\\Desktop\\ING DAVID VEGA\\FULLSTACK\\MundoNavidenio365\\vendor\\laravel\\framework\\src\\Illuminate\\Routing\\ControllerDispatcher.php(43): Illuminate\\Routing\\Controller->callAction('index', Array)
#14 C:\\Users\\User\\Desktop\\ING DAVID VEGA\\FULLSTACK\\MundoNavidenio365\\vendor\\laravel\\framework\\src\\Illuminate\\Routing\\Route.php(259): Illuminate\\Routing\\ControllerDispatcher->dispatch(Object(Illuminate\\Routing\\Route), Object(App\\Http\\Controllers\\Admin\\ComprasController), 'index')
#15 C:\\Users\\User\\Desktop\\ING DAVID VEGA\\FULLSTACK\\MundoNavidenio365\\vendor\\laravel\\framework\\src\\Illuminate\\Routing\\Route.php(205): Illuminate\\Routing\\Route->runController()
#16 C:\\Users\\User\\Desktop\\ING DAVID VEGA\\FULLSTACK\\MundoNavidenio365\\vendor\\laravel\\framework\\src\\Illuminate\\Routing\\Router.php(806): Illuminate\\Routing\\Route->run()
#17 C:\\Users\\User\\Desktop\\ING DAVID VEGA\\FULLSTACK\\MundoNavidenio365\\vendor\\laravel\\framework\\src\\Illuminate\\Pipeline\\Pipeline.php(144): Illuminate\\Routing\\Router->Illuminate\\Routing\\{closure}(Object(Illuminate\\Http\\Request))
#18 C:\\Users\\User\\Desktop\\ING DAVID VEGA\\FULLSTACK\\MundoNavidenio365\\app\\Http\\Middleware\\RoleMiddleware.php(16): Illuminate\\Pipeline\\Pipeline->Illuminate\\Pipeline\\{closure}(Object(Illuminate\\Http\\Request))
#19 C:\\Users\\User\\Desktop\\ING DAVID VEGA\\FULLSTACK\\MundoNavidenio365\\vendor\\laravel\\framework\\src\\Illuminate\\Pipeline\\Pipeline.php(183): App\\Http\\Middleware\\RoleMiddleware->handle(Object(Illuminate\\Http\\Request), Object(Closure), 'Administrador')
#20 C:\\Users\\User\\Desktop\\ING DAVID VEGA\\FULLSTACK\\MundoNavidenio365\\vendor\\laravel\\framework\\src\\Illuminate\\Auth\\Middleware\\EnsureEmailIsVerified.php(41): Illuminate\\Pipeline\\Pipeline->Illuminate\\Pipeline\\{closure}(Object(Illuminate\\Http\\Request))
#21 C:\\Users\\User\\Desktop\\ING DAVID VEGA\\FULLSTACK\\MundoNavidenio365\\vendor\\laravel\\framework\\src\\Illuminate\\Pipeline\\Pipeline.php(183): Illuminate\\Auth\\Middleware\\EnsureEmailIsVerified->handle(Object(Illuminate\\Http\\Request), Object(Closure))
#22 C:\\Users\\User\\Desktop\\ING DAVID VEGA\\FULLSTACK\\MundoNavidenio365\\vendor\\laravel\\framework\\src\\Illuminate\\Http\\Middleware\\AddLinkHeadersForPreloadedAssets.php(20): Illuminate\\Pipeline\\Pipeline->Illuminate\\Pipeline\\{closure}(Object(Illuminate\\Http\\Request))
#23 C:\\Users\\User\\Desktop\\ING DAVID VEGA\\FULLSTACK\\MundoNavidenio365\\vendor\\laravel\\framework\\src\\Illuminate\\Pipeline\\Pipeline.php(183): Illuminate\\Http\\Middleware\\AddLinkHeadersForPreloadedAssets->handle(Object(Illuminate\\Http\\Request), Object(Closure))
#24 C:\\Users\\User\\Desktop\\ING DAVID VEGA\\FULLSTACK\\MundoNavidenio365\\vendor\\inertiajs\\inertia-laravel\\src\\Middleware.php(87): Illuminate\\Pipeline\\Pipeline->Illuminate\\Pipeline\\{closure}(Object(Illuminate\\Http\\Request))
#25 C:\\Users\\User\\Desktop\\ING DAVID VEGA\\FULLSTACK\\MundoNavidenio365\\vendor\\laravel\\framework\\src\\Illuminate\\Pipeline\\Pipeline.php(183): Inertia\\Middleware->handle(Object(Illuminate\\Http\\Request), Object(Closure))
#26 C:\\Users\\User\\Desktop\\ING DAVID VEGA\\FULLSTACK\\MundoNavidenio365\\vendor\\laravel\\framework\\src\\Illuminate\\Routing\\Middleware\\SubstituteBindings.php(50): Illuminate\\Pipeline\\Pipeline->Illuminate\\Pipeline\\{closure}(Object(Illuminate\\Http\\Request))
#27 C:\\Users\\User\\Desktop\\ING DAVID VEGA\\FULLSTACK\\MundoNavidenio365\\vendor\\laravel\\framework\\src\\Illuminate\\Pipeline\\Pipeline.php(183): Illuminate\\Routing\\Middleware\\SubstituteBindings->handle(Object(Illuminate\\Http\\Request), Object(Closure))
#28 C:\\Users\\User\\Desktop\\ING DAVID VEGA\\FULLSTACK\\MundoNavidenio365\\vendor\\laravel\\framework\\src\\Illuminate\\Auth\\Middleware\\Authenticate.php(57): Illuminate\\Pipeline\\Pipeline->Illuminate\\Pipeline\\{closure}(Object(Illuminate\\Http\\Request))
#29 C:\\Users\\User\\Desktop\\ING DAVID VEGA\\FULLSTACK\\MundoNavidenio365\\vendor\\laravel\\framework\\src\\Illuminate\\Pipeline\\Pipeline.php(183): Illuminate\\Auth\\Middleware\\Authenticate->handle(Object(Illuminate\\Http\\Request), Object(Closure))
#30 C:\\Users\\User\\Desktop\\ING DAVID VEGA\\FULLSTACK\\MundoNavidenio365\\vendor\\laravel\\framework\\src\\Illuminate\\Foundation\\Http\\Middleware\\VerifyCsrfToken.php(78): Illuminate\\Pipeline\\Pipeline->Illuminate\\Pipeline\\{closure}(Object(Illuminate\\Http\\Request))
#31 C:\\Users\\User\\Desktop\\ING DAVID VEGA\\FULLSTACK\\MundoNavidenio365\\vendor\\laravel\\framework\\src\\Illuminate\\Pipeline\\Pipeline.php(183): Illuminate\\Foundation\\Http\\Middleware\\VerifyCsrfToken->handle(Object(Illuminate\\Http\\Request), Object(Closure))
#32 C:\\Users\\User\\Desktop\\ING DAVID VEGA\\FULLSTACK\\MundoNavidenio365\\vendor\\laravel\\framework\\src\\Illuminate\\View\\Middleware\\ShareErrorsFromSession.php(49): Illuminate\\Pipeline\\Pipeline->Illuminate\\Pipeline\\{closure}(Object(Illuminate\\Http\\Request))
#33 C:\\Users\\User\\Desktop\\ING DAVID VEGA\\FULLSTACK\\MundoNavidenio365\\vendor\\laravel\\framework\\src\\Illuminate\\Pipeline\\Pipeline.php(183): Illuminate\\View\\Middleware\\ShareErrorsFromSession->handle(Object(Illuminate\\Http\\Request), Object(Closure))
#34 C:\\Users\\User\\Desktop\\ING DAVID VEGA\\FULLSTACK\\MundoNavidenio365\\vendor\\laravel\\framework\\src\\Illuminate\\Session\\Middleware\\StartSession.php(121): Illuminate\\Pipeline\\Pipeline->Illuminate\\Pipeline\\{closure}(Object(Illuminate\\Http\\Request))
#35 C:\\Users\\User\\Desktop\\ING DAVID VEGA\\FULLSTACK\\MundoNavidenio365\\vendor\\laravel\\framework\\src\\Illuminate\\Session\\Middleware\\StartSession.php(64): Illuminate\\Session\\Middleware\\StartSession->handleStatefulRequest(Object(Illuminate\\Http\\Request), Object(Illuminate\\Session\\Store), Object(Closure))
#36 C:\\Users\\User\\Desktop\\ING DAVID VEGA\\FULLSTACK\\MundoNavidenio365\\vendor\\laravel\\framework\\src\\Illuminate\\Pipeline\\Pipeline.php(183): Illuminate\\Session\\Middleware\\StartSession->handle(Object(Illuminate\\Http\\Request), Object(Closure))
#37 C:\\Users\\User\\Desktop\\ING DAVID VEGA\\FULLSTACK\\MundoNavidenio365\\vendor\\laravel\\framework\\src\\Illuminate\\Cookie\\Middleware\\AddQueuedCookiesToResponse.php(37): Illuminate\\Pipeline\\Pipeline->Illuminate\\Pipeline\\{closure}(Object(Illuminate\\Http\\Request))
#38 C:\\Users\\User\\Desktop\\ING DAVID VEGA\\FULLSTACK\\MundoNavidenio365\\vendor\\laravel\\framework\\src\\Illuminate\\Pipeline\\Pipeline.php(183): Illuminate\\Cookie\\Middleware\\AddQueuedCookiesToResponse->handle(Object(Illuminate\\Http\\Request), Object(Closure))
#39 C:\\Users\\User\\Desktop\\ING DAVID VEGA\\FULLSTACK\\MundoNavidenio365\\vendor\\laravel\\framework\\src\\Illuminate\\Cookie\\Middleware\\EncryptCookies.php(67): Illuminate\\Pipeline\\Pipeline->Illuminate\\Pipeline\\{closure}(Object(Illuminate\\Http\\Request))
#40 C:\\Users\\User\\Desktop\\ING DAVID VEGA\\FULLSTACK\\MundoNavidenio365\\vendor\\laravel\\framework\\src\\Illuminate\\Pipeline\\Pipeline.php(183): Illuminate\\Cookie\\Middleware\\EncryptCookies->handle(Object(Illuminate\\Http\\Request), Object(Closure))
#41 C:\\Users\\User\\Desktop\\ING DAVID VEGA\\FULLSTACK\\MundoNavidenio365\\vendor\\laravel\\framework\\src\\Illuminate\\Pipeline\\Pipeline.php(119): Illuminate\\Pipeline\\Pipeline->Illuminate\\Pipeline\\{closure}(Object(Illuminate\\Http\\Request))
#42 C:\\Users\\User\\Desktop\\ING DAVID VEGA\\FULLSTACK\\MundoNavidenio365\\vendor\\laravel\\framework\\src\\Illuminate\\Routing\\Router.php(805): Illuminate\\Pipeline\\Pipeline->then(Object(Closure))
#43 C:\\Users\\User\\Desktop\\ING DAVID VEGA\\FULLSTACK\\MundoNavidenio365\\vendor\\laravel\\framework\\src\\Illuminate\\Routing\\Router.php(784): Illuminate\\Routing\\Router->runRouteWithinStack(Object(Illuminate\\Routing\\Route), Object(Illuminate\\Http\\Request))
#44 C:\\Users\\User\\Desktop\\ING DAVID VEGA\\FULLSTACK\\MundoNavidenio365\\vendor\\laravel\\framework\\src\\Illuminate\\Routing\\Router.php(748): Illuminate\\Routing\\Router->runRoute(Object(Illuminate\\Http\\Request), Object(Illuminate\\Routing\\Route))
#45 C:\\Users\\User\\Desktop\\ING DAVID VEGA\\FULLSTACK\\MundoNavidenio365\\vendor\\laravel\\framework\\src\\Illuminate\\Routing\\Router.php(737): Illuminate\\Routing\\Router->dispatchToRoute(Object(Illuminate\\Http\\Request))
#46 C:\\Users\\User\\Desktop\\ING DAVID VEGA\\FULLSTACK\\MundoNavidenio365\\vendor\\laravel\\framework\\src\\Illuminate\\Foundation\\Http\\Kernel.php(200): Illuminate\\Routing\\Router->dispatch(Object(Illuminate\\Http\\Request))
#47 C:\\Users\\User\\Desktop\\ING DAVID VEGA\\FULLSTACK\\MundoNavidenio365\\vendor\\laravel\\framework\\src\\Illuminate\\Pipeline\\Pipeline.php(144): Illuminate\\Foundation\\Http\\Kernel->Illuminate\\Foundation\\Http\\{closure}(Object(Illuminate\\Http\\Request))
#48 C:\\Users\\User\\Desktop\\ING DAVID VEGA\\FULLSTACK\\MundoNavidenio365\\vendor\\laravel\\framework\\src\\Illuminate\\Foundation\\Http\\Middleware\\TransformsRequest.php(21): Illuminate\\Pipeline\\Pipeline->Illuminate\\Pipeline\\{closure}(Object(Illuminate\\Http\\Request))
#49 C:\\Users\\User\\Desktop\\ING DAVID VEGA\\FULLSTACK\\MundoNavidenio365\\vendor\\laravel\\framework\\src\\Illuminate\\Foundation\\Http\\Middleware\\ConvertEmptyStringsToNull.php(31): Illuminate\\Foundation\\Http\\Middleware\\TransformsRequest->handle(Object(Illuminate\\Http\\Request), Object(Closure))
#50 C:\\Users\\User\\Desktop\\ING DAVID VEGA\\FULLSTACK\\MundoNavidenio365\\vendor\\laravel\\framework\\src\\Illuminate\\Pipeline\\Pipeline.php(183): Illuminate\\Foundation\\Http\\Middleware\\ConvertEmptyStringsToNull->handle(Object(Illuminate\\Http\\Request), Object(Closure))
#51 C:\\Users\\User\\Desktop\\ING DAVID VEGA\\FULLSTACK\\MundoNavidenio365\\vendor\\laravel\\framework\\src\\Illuminate\\Foundation\\Http\\Middleware\\TransformsRequest.php(21): Illuminate\\Pipeline\\Pipeline->Illuminate\\Pipeline\\{closure}(Object(Illuminate\\Http\\Request))
#52 C:\\Users\\User\\Desktop\\ING DAVID VEGA\\FULLSTACK\\MundoNavidenio365\\vendor\\laravel\\framework\\src\\Illuminate\\Foundation\\Http\\Middleware\\TrimStrings.php(40): Illuminate\\Foundation\\Http\\Middleware\\TransformsRequest->handle(Object(Illuminate\\Http\\Request), Object(Closure))
#53 C:\\Users\\User\\Desktop\\ING DAVID VEGA\\FULLSTACK\\MundoNavidenio365\\vendor\\laravel\\framework\\src\\Illuminate\\Pipeline\\Pipeline.php(183): Illuminate\\Foundation\\Http\\Middleware\\TrimStrings->handle(Object(Illuminate\\Http\\Request), Object(Closure))
#54 C:\\Users\\User\\Desktop\\ING DAVID VEGA\\FULLSTACK\\MundoNavidenio365\\vendor\\laravel\\framework\\src\\Illuminate\\Foundation\\Http\\Middleware\\ValidatePostSize.php(27): Illuminate\\Pipeline\\Pipeline->Illuminate\\Pipeline\\{closure}(Object(Illuminate\\Http\\Request))
#55 C:\\Users\\User\\Desktop\\ING DAVID VEGA\\FULLSTACK\\MundoNavidenio365\\vendor\\laravel\\framework\\src\\Illuminate\\Pipeline\\Pipeline.php(183): Illuminate\\Foundation\\Http\\Middleware\\ValidatePostSize->handle(Object(Illuminate\\Http\\Request), Object(Closure))
#56 C:\\Users\\User\\Desktop\\ING DAVID VEGA\\FULLSTACK\\MundoNavidenio365\\vendor\\laravel\\framework\\src\\Illuminate\\Foundation\\Http\\Middleware\\PreventRequestsDuringMaintenance.php(99): Illuminate\\Pipeline\\Pipeline->Illuminate\\Pipeline\\{closure}(Object(Illuminate\\Http\\Request))
#57 C:\\Users\\User\\Desktop\\ING DAVID VEGA\\FULLSTACK\\MundoNavidenio365\\vendor\\laravel\\framework\\src\\Illuminate\\Pipeline\\Pipeline.php(183): Illuminate\\Foundation\\Http\\Middleware\\PreventRequestsDuringMaintenance->handle(Object(Illuminate\\Http\\Request), Object(Closure))
#58 C:\\Users\\User\\Desktop\\ING DAVID VEGA\\FULLSTACK\\MundoNavidenio365\\vendor\\laravel\\framework\\src\\Illuminate\\Http\\Middleware\\HandleCors.php(49): Illuminate\\Pipeline\\Pipeline->Illuminate\\Pipeline\\{closure}(Object(Illuminate\\Http\\Request))
#59 C:\\Users\\User\\Desktop\\ING DAVID VEGA\\FULLSTACK\\MundoNavidenio365\\vendor\\laravel\\framework\\src\\Illuminate\\Pipeline\\Pipeline.php(183): Illuminate\\Http\\Middleware\\HandleCors->handle(Object(Illuminate\\Http\\Request), Object(Closure))
#60 C:\\Users\\User\\Desktop\\ING DAVID VEGA\\FULLSTACK\\MundoNavidenio365\\vendor\\laravel\\framework\\src\\Illuminate\\Http\\Middleware\\TrustProxies.php(39): Illuminate\\Pipeline\\Pipeline->Illuminate\\Pipeline\\{closure}(Object(Illuminate\\Http\\Request))
#61 C:\\Users\\User\\Desktop\\ING DAVID VEGA\\FULLSTACK\\MundoNavidenio365\\vendor\\laravel\\framework\\src\\Illuminate\\Pipeline\\Pipeline.php(183): Illuminate\\Http\\Middleware\\TrustProxies->handle(Object(Illuminate\\Http\\Request), Object(Closure))
#62 C:\\Users\\User\\Desktop\\ING DAVID VEGA\\FULLSTACK\\MundoNavidenio365\\vendor\\laravel\\framework\\src\\Illuminate\\Pipeline\\Pipeline.php(119): Illuminate\\Pipeline\\Pipeline->Illuminate\\Pipeline\\{closure}(Object(Illuminate\\Http\\Request))
#63 C:\\Users\\User\\Desktop\\ING DAVID VEGA\\FULLSTACK\\MundoNavidenio365\\vendor\\laravel\\framework\\src\\Illuminate\\Foundation\\Http\\Kernel.php(175): Illuminate\\Pipeline\\Pipeline->then(Object(Closure))
#64 C:\\Users\\User\\Desktop\\ING DAVID VEGA\\FULLSTACK\\MundoNavidenio365\\vendor\\laravel\\framework\\src\\Illuminate\\Foundation\\Http\\Kernel.php(144): Illuminate\\Foundation\\Http\\Kernel->sendRequestThroughRouter(Object(Illuminate\\Http\\Request))
#65 C:\\Users\\User\\Desktop\\ING DAVID VEGA\\FULLSTACK\\MundoNavidenio365\\public\\index.php(51): Illuminate\\Foundation\\Http\\Kernel->handle(Object(Illuminate\\Http\\Request))
#66 C:\\Users\\User\\Desktop\\ING DAVID VEGA\\FULLSTACK\\MundoNavidenio365\\vendor\\laravel\\framework\\src\\Illuminate\\Foundation\\resources\\server.php(16): require_once('C:\\\\Users\\\\User\\\\D...')
#67 {main}
"} 
[2026-08-04 21:25:55] local.INFO: SRI Factura -> Ambiente: 1 (PRUEBAS) | Recepción: https://celcer.sri.gob.ec/comprobantes-electronicos-ws/RecepcionComprobantesOffline?wsdl  
[2026-08-04 21:25:57] local.DEBUG: SRI cURL response (HTTP 200): <soap:Envelope xmlns:soap="http://schemas.xmlsoap.org/soap/envelope/"><soap:Body><ns2:validarComprobanteResponse xmlns:ns2="http://ec.gob.sri.ws.recepcion"><RespuestaRecepcionComprobante><estado>RECIBIDA</estado><comprobantes/></RespuestaRecepcionComprobante></ns2:validarComprobanteResponse></soap:Body></soap:Envelope>  
[2026-08-04 21:25:57] local.DEBUG: SRI cURL response (HTTP 200): <soap:Envelope xmlns:soap="http://schemas.xmlsoap.org/soap/envelope/"><soap:Body><ns2:autorizacionComprobanteResponse xmlns:ns2="http://ec.gob.sri.ws.autorizacion"><RespuestaAutorizacionComprobante><claveAccesoConsultada>0408202601172205093500110010010000000012138652612</claveAccesoConsultada><numeroComprobantes>1</numeroComprobantes><autorizaciones><autorizacion><estado>AUTORIZADO</estado><numeroAutorizacion>0408202601172205093500110010010000000012138652612</numeroAutorizacion><fechaAutorizacio  
[2026-08-04 21:26:03] local.ERROR: No se pudo enviar el correo del comprobante a cliente: Connection could not be established with host "mailpit:1025": stream_socket_client(): php_network_getaddresses: getaddrinfo for mailpit failed: Host desconocido.   
[2026-08-16 20:36:08] local.ERROR: Undefined variable $costoTransporte {"userId":1,"exception":"[object] (ErrorException(code: 0): Undefined variable $costoTransporte at C:\\Users\\User\\Desktop\\ING DAVID VEGA\\FULLSTACK\\MundoNavidenio365\\app\\Http\\Controllers\\Admin\\ComprasController.php:133)
[stacktrace]
#0 C:\\Users\\User\\Desktop\\ING DAVID VEGA\\FULLSTACK\\MundoNavidenio365\\vendor\\laravel\\framework\\src\\Illuminate\\Foundation\\Bootstrap\\HandleExceptions.php(255): Illuminate\\Foundation\\Bootstrap\\HandleExceptions->handleError(2, 'Undefined varia...', 'C:\\\\Users\\\\User\\\\D...', 133)
#1 C:\\Users\\User\\Desktop\\ING DAVID VEGA\\FULLSTACK\\MundoNavidenio365\\app\\Http\\Controllers\\Admin\\ComprasController.php(133): Illuminate\\Foundation\\Bootstrap\\HandleExceptions->Illuminate\\Foundation\\Bootstrap\\{closure}(2, 'Undefined varia...', 'C:\\\\Users\\\\User\\\\D...', 133)
#2 C:\\Users\\User\\Desktop\\ING DAVID VEGA\\FULLSTACK\\MundoNavidenio365\\vendor\\laravel\\framework\\src\\Illuminate\\Database\\Concerns\\ManagesTransactions.php(30): App\\Http\\Controllers\\Admin\\ComprasController->App\\Http\\Controllers\\Admin\\{closure}(Object(Illuminate\\Database\\MySqlConnection))
#3 C:\\Users\\User\\Desktop\\ING DAVID VEGA\\FULLSTACK\\MundoNavidenio365\\vendor\\laravel\\framework\\src\\Illuminate\\Database\\DatabaseManager.php(509): Illuminate\\Database\\Connection->transaction(Object(Closure))
#4 C:\\Users\\User\\Desktop\\ING DAVID VEGA\\FULLSTACK\\MundoNavidenio365\\vendor\\laravel\\framework\\src\\Illuminate\\Support\\Facades\\Facade.php(355): Illuminate\\Database\\DatabaseManager->__call('transaction', Array)
#5 C:\\Users\\User\\Desktop\\ING DAVID VEGA\\FULLSTACK\\MundoNavidenio365\\app\\Http\\Controllers\\Admin\\ComprasController.php(87): Illuminate\\Support\\Facades\\Facade::__callStatic('transaction', Array)
#6 C:\\Users\\User\\Desktop\\ING DAVID VEGA\\FULLSTACK\\MundoNavidenio365\\vendor\\laravel\\framework\\src\\Illuminate\\Routing\\Controller.php(54): App\\Http\\Controllers\\Admin\\ComprasController->store(Object(Illuminate\\Http\\Request))
#7 C:\\Users\\User\\Desktop\\ING DAVID VEGA\\FULLSTACK\\MundoNavidenio365\\vendor\\laravel\\framework\\src\\Illuminate\\Routing\\ControllerDispatcher.php(43): Illuminate\\Routing\\Controller->callAction('store', Array)
#8 C:\\Users\\User\\Desktop\\ING DAVID VEGA\\FULLSTACK\\MundoNavidenio365\\vendor\\laravel\\framework\\src\\Illuminate\\Routing\\Route.php(259): Illuminate\\Routing\\ControllerDispatcher->dispatch(Object(Illuminate\\Routing\\Route), Object(App\\Http\\Controllers\\Admin\\ComprasController), 'store')
#9 C:\\Users\\User\\Desktop\\ING DAVID VEGA\\FULLSTACK\\MundoNavidenio365\\vendor\\laravel\\framework\\src\\Illuminate\\Routing\\Route.php(205): Illuminate\\Routing\\Route->runController()
#10 C:\\Users\\User\\Desktop\\ING DAVID VEGA\\FULLSTACK\\MundoNavidenio365\\vendor\\laravel\\framework\\src\\Illuminate\\Routing\\Router.php(806): Illuminate\\Routing\\Route->run()
#11 C:\\Users\\User\\Desktop\\ING DAVID VEGA\\FULLSTACK\\MundoNavidenio365\\vendor\\laravel\\framework\\src\\Illuminate\\Pipeline\\Pipeline.php(144): Illuminate\\Routing\\Router->Illuminate\\Routing\\{closure}(Object(Illuminate\\Http\\Request))
#12 C:\\Users\\User\\Desktop\\ING DAVID VEGA\\FULLSTACK\\MundoNavidenio365\\app\\Http\\Middleware\\RoleMiddleware.php(16): Illuminate\\Pipeline\\Pipeline->Illuminate\\Pipeline\\{closure}(Object(Illuminate\\Http\\Request))
#13 C:\\Users\\User\\Desktop\\ING DAVID VEGA\\FULLSTACK\\MundoNavidenio365\\vendor\\laravel\\framework\\src\\Illuminate\\Pipeline\\Pipeline.php(183): App\\Http\\Middleware\\RoleMiddleware->handle(Object(Illuminate\\Http\\Request), Object(Closure), 'Administrador')
#14 C:\\Users\\User\\Desktop\\ING DAVID VEGA\\FULLSTACK\\MundoNavidenio365\\vendor\\laravel\\framework\\src\\Illuminate\\Auth\\Middleware\\EnsureEmailIsVerified.php(41): Illuminate\\Pipeline\\Pipeline->Illuminate\\Pipeline\\{closure}(Object(Illuminate\\Http\\Request))
#15 C:\\Users\\User\\Desktop\\ING DAVID VEGA\\FULLSTACK\\MundoNavidenio365\\vendor\\laravel\\framework\\src\\Illuminate\\Pipeline\\Pipeline.php(183): Illuminate\\Auth\\Middleware\\EnsureEmailIsVerified->handle(Object(Illuminate\\Http\\Request), Object(Closure))
#16 C:\\Users\\User\\Desktop\\ING DAVID VEGA\\FULLSTACK\\MundoNavidenio365\\vendor\\laravel\\framework\\src\\Illuminate\\Http\\Middleware\\AddLinkHeadersForPreloadedAssets.php(20): Illuminate\\Pipeline\\Pipeline->Illuminate\\Pipeline\\{closure}(Object(Illuminate\\Http\\Request))
#17 C:\\Users\\User\\Desktop\\ING DAVID VEGA\\FULLSTACK\\MundoNavidenio365\\vendor\\laravel\\framework\\src\\Illuminate\\Pipeline\\Pipeline.php(183): Illuminate\\Http\\Middleware\\AddLinkHeadersForPreloadedAssets->handle(Object(Illuminate\\Http\\Request), Object(Closure))
#18 C:\\Users\\User\\Desktop\\ING DAVID VEGA\\FULLSTACK\\MundoNavidenio365\\vendor\\inertiajs\\inertia-laravel\\src\\Middleware.php(87): Illuminate\\Pipeline\\Pipeline->Illuminate\\Pipeline\\{closure}(Object(Illuminate\\Http\\Request))
#19 C:\\Users\\User\\Desktop\\ING DAVID VEGA\\FULLSTACK\\MundoNavidenio365\\vendor\\laravel\\framework\\src\\Illuminate\\Pipeline\\Pipeline.php(183): Inertia\\Middleware->handle(Object(Illuminate\\Http\\Request), Object(Closure))
#20 C:\\Users\\User\\Desktop\\ING DAVID VEGA\\FULLSTACK\\MundoNavidenio365\\vendor\\laravel\\framework\\src\\Illuminate\\Routing\\Middleware\\SubstituteBindings.php(50): Illuminate\\Pipeline\\Pipeline->Illuminate\\Pipeline\\{closure}(Object(Illuminate\\Http\\Request))
#21 C:\\Users\\User\\Desktop\\ING DAVID VEGA\\FULLSTACK\\MundoNavidenio365\\vendor\\laravel\\framework\\src\\Illuminate\\Pipeline\\Pipeline.php(183): Illuminate\\Routing\\Middleware\\SubstituteBindings->handle(Object(Illuminate\\Http\\Request), Object(Closure))
#22 C:\\Users\\User\\Desktop\\ING DAVID VEGA\\FULLSTACK\\MundoNavidenio365\\vendor\\laravel\\framework\\src\\Illuminate\\Auth\\Middleware\\Authenticate.php(57): Illuminate\\Pipeline\\Pipeline->Illuminate\\Pipeline\\{closure}(Object(Illuminate\\Http\\Request))
#23 C:\\Users\\User\\Desktop\\ING DAVID VEGA\\FULLSTACK\\MundoNavidenio365\\vendor\\laravel\\framework\\src\\Illuminate\\Pipeline\\Pipeline.php(183): Illuminate\\Auth\\Middleware\\Authenticate->handle(Object(Illuminate\\Http\\Request), Object(Closure))
#24 C:\\Users\\User\\Desktop\\ING DAVID VEGA\\FULLSTACK\\MundoNavidenio365\\vendor\\laravel\\framework\\src\\Illuminate\\Foundation\\Http\\Middleware\\VerifyCsrfToken.php(78): Illuminate\\Pipeline\\Pipeline->Illuminate\\Pipeline\\{closure}(Object(Illuminate\\Http\\Request))
#25 C:\\Users\\User\\Desktop\\ING DAVID VEGA\\FULLSTACK\\MundoNavidenio365\\vendor\\laravel\\framework\\src\\Illuminate\\Pipeline\\Pipeline.php(183): Illuminate\\Foundation\\Http\\Middleware\\VerifyCsrfToken->handle(Object(Illuminate\\Http\\Request), Object(Closure))
#26 C:\\Users\\User\\Desktop\\ING DAVID VEGA\\FULLSTACK\\MundoNavidenio365\\vendor\\laravel\\framework\\src\\Illuminate\\View\\Middleware\\ShareErrorsFromSession.php(49): Illuminate\\Pipeline\\Pipeline->Illuminate\\Pipeline\\{closure}(Object(Illuminate\\Http\\Request))
#27 C:\\Users\\User\\Desktop\\ING DAVID VEGA\\FULLSTACK\\MundoNavidenio365\\vendor\\laravel\\framework\\src\\Illuminate\\Pipeline\\Pipeline.php(183): Illuminate\\View\\Middleware\\ShareErrorsFromSession->handle(Object(Illuminate\\Http\\Request), Object(Closure))
#28 C:\\Users\\User\\Desktop\\ING DAVID VEGA\\FULLSTACK\\MundoNavidenio365\\vendor\\laravel\\framework\\src\\Illuminate\\Session\\Middleware\\StartSession.php(121): Illuminate\\Pipeline\\Pipeline->Illuminate\\Pipeline\\{closure}(Object(Illuminate\\Http\\Request))
#29 C:\\Users\\User\\Desktop\\ING DAVID VEGA\\FULLSTACK\\MundoNavidenio365\\vendor\\laravel\\framework\\src\\Illuminate\\Session\\Middleware\\StartSession.php(64): Illuminate\\Session\\Middleware\\StartSession->handleStatefulRequest(Object(Illuminate\\Http\\Request), Object(Illuminate\\Session\\Store), Object(Closure))
#30 C:\\Users\\User\\Desktop\\ING DAVID VEGA\\FULLSTACK\\MundoNavidenio365\\vendor\\laravel\\framework\\src\\Illuminate\\Pipeline\\Pipeline.php(183): Illuminate\\Session\\Middleware\\StartSession->handle(Object(Illuminate\\Http\\Request), Object(Closure))
#31 C:\\Users\\User\\Desktop\\ING DAVID VEGA\\FULLSTACK\\MundoNavidenio365\\vendor\\laravel\\framework\\src\\Illuminate\\Cookie\\Middleware\\AddQueuedCookiesToResponse.php(37): Illuminate\\Pipeline\\Pipeline->Illuminate\\Pipeline\\{closure}(Object(Illuminate\\Http\\Request))
#32 C:\\Users\\User\\Desktop\\ING DAVID VEGA\\FULLSTACK\\MundoNavidenio365\\vendor\\laravel\\framework\\src\\Illuminate\\Pipeline\\Pipeline.php(183): Illuminate\\Cookie\\Middleware\\AddQueuedCookiesToResponse->handle(Object(Illuminate\\Http\\Request), Object(Closure))
#33 C:\\Users\\User\\Desktop\\ING DAVID VEGA\\FULLSTACK\\MundoNavidenio365\\vendor\\laravel\\framework\\src\\Illuminate\\Cookie\\Middleware\\EncryptCookies.php(67): Illuminate\\Pipeline\\Pipeline->Illuminate\\Pipeline\\{closure}(Object(Illuminate\\Http\\Request))
#34 C:\\Users\\User\\Desktop\\ING DAVID VEGA\\FULLSTACK\\MundoNavidenio365\\vendor\\laravel\\framework\\src\\Illuminate\\Pipeline\\Pipeline.php(183): Illuminate\\Cookie\\Middleware\\EncryptCookies->handle(Object(Illuminate\\Http\\Request), Object(Closure))
#35 C:\\Users\\User\\Desktop\\ING DAVID VEGA\\FULLSTACK\\MundoNavidenio365\\vendor\\laravel\\framework\\src\\Illuminate\\Pipeline\\Pipeline.php(119): Illuminate\\Pipeline\\Pipeline->Illuminate\\Pipeline\\{closure}(Object(Illuminate\\Http\\Request))
#36 C:\\Users\\User\\Desktop\\ING DAVID VEGA\\FULLSTACK\\MundoNavidenio365\\vendor\\laravel\\framework\\src\\Illuminate\\Routing\\Router.php(805): Illuminate\\Pipeline\\Pipeline->then(Object(Closure))
#37 C:\\Users\\User\\Desktop\\ING DAVID VEGA\\FULLSTACK\\MundoNavidenio365\\vendor\\laravel\\framework\\src\\Illuminate\\Routing\\Router.php(784): Illuminate\\Routing\\Router->runRouteWithinStack(Object(Illuminate\\Routing\\Route), Object(Illuminate\\Http\\Request))
#38 C:\\Users\\User\\Desktop\\ING DAVID VEGA\\FULLSTACK\\MundoNavidenio365\\vendor\\laravel\\framework\\src\\Illuminate\\Routing\\Router.php(748): Illuminate\\Routing\\Router->runRoute(Object(Illuminate\\Http\\Request), Object(Illuminate\\Routing\\Route))
#39 C:\\Users\\User\\Desktop\\ING DAVID VEGA\\FULLSTACK\\MundoNavidenio365\\vendor\\laravel\\framework\\src\\Illuminate\\Routing\\Router.php(737): Illuminate\\Routing\\Router->dispatchToRoute(Object(Illuminate\\Http\\Request))
#40 C:\\Users\\User\\Desktop\\ING DAVID VEGA\\FULLSTACK\\MundoNavidenio365\\vendor\\laravel\\framework\\src\\Illuminate\\Foundation\\Http\\Kernel.php(200): Illuminate\\Routing\\Router->dispatch(Object(Illuminate\\Http\\Request))
#41 C:\\Users\\User\\Desktop\\ING DAVID VEGA\\FULLSTACK\\MundoNavidenio365\\vendor\\laravel\\framework\\src\\Illuminate\\Pipeline\\Pipeline.php(144): Illuminate\\Foundation\\Http\\Kernel->Illuminate\\Foundation\\Http\\{closure}(Object(Illuminate\\Http\\Request))
#42 C:\\Users\\User\\Desktop\\ING DAVID VEGA\\FULLSTACK\\MundoNavidenio365\\vendor\\laravel\\framework\\src\\Illuminate\\Foundation\\Http\\Middleware\\TransformsRequest.php(21): Illuminate\\Pipeline\\Pipeline->Illuminate\\Pipeline\\{closure}(Object(Illuminate\\Http\\Request))
#43 C:\\Users\\User\\Desktop\\ING DAVID VEGA\\FULLSTACK\\MundoNavidenio365\\vendor\\laravel\\framework\\src\\Illuminate\\Foundation\\Http\\Middleware\\ConvertEmptyStringsToNull.php(31): Illuminate\\Foundation\\Http\\Middleware\\TransformsRequest->handle(Object(Illuminate\\Http\\Request), Object(Closure))
#44 C:\\Users\\User\\Desktop\\ING DAVID VEGA\\FULLSTACK\\MundoNavidenio365\\vendor\\laravel\\framework\\src\\Illuminate\\Pipeline\\Pipeline.php(183): Illuminate\\Foundation\\Http\\Middleware\\ConvertEmptyStringsToNull->handle(Object(Illuminate\\Http\\Request), Object(Closure))
#45 C:\\Users\\User\\Desktop\\ING DAVID VEGA\\FULLSTACK\\MundoNavidenio365\\vendor\\laravel\\framework\\src\\Illuminate\\Foundation\\Http\\Middleware\\TransformsRequest.php(21): Illuminate\\Pipeline\\Pipeline->Illuminate\\Pipeline\\{closure}(Object(Illuminate\\Http\\Request))
#46 C:\\Users\\User\\Desktop\\ING DAVID VEGA\\FULLSTACK\\MundoNavidenio365\\vendor\\laravel\\framework\\src\\Illuminate\\Foundation\\Http\\Middleware\\TrimStrings.php(40): Illuminate\\Foundation\\Http\\Middleware\\TransformsRequest->handle(Object(Illuminate\\Http\\Request), Object(Closure))
#47 C:\\Users\\User\\Desktop\\ING DAVID VEGA\\FULLSTACK\\MundoNavidenio365\\vendor\\laravel\\framework\\src\\Illuminate\\Pipeline\\Pipeline.php(183): Illuminate\\Foundation\\Http\\Middleware\\TrimStrings->handle(Object(Illuminate\\Http\\Request), Object(Closure))
#48 C:\\Users\\User\\Desktop\\ING DAVID VEGA\\FULLSTACK\\MundoNavidenio365\\vendor\\laravel\\framework\\src\\Illuminate\\Foundation\\Http\\Middleware\\ValidatePostSize.php(27): Illuminate\\Pipeline\\Pipeline->Illuminate\\Pipeline\\{closure}(Object(Illuminate\\Http\\Request))
#49 C:\\Users\\User\\Desktop\\ING DAVID VEGA\\FULLSTACK\\MundoNavidenio365\\vendor\\laravel\\framework\\src\\Illuminate\\Pipeline\\Pipeline.php(183): Illuminate\\Foundation\\Http\\Middleware\\ValidatePostSize->handle(Object(Illuminate\\Http\\Request), Object(Closure))
#50 C:\\Users\\User\\Desktop\\ING DAVID VEGA\\FULLSTACK\\MundoNavidenio365\\vendor\\laravel\\framework\\src\\Illuminate\\Foundation\\Http\\Middleware\\PreventRequestsDuringMaintenance.php(99): Illuminate\\Pipeline\\Pipeline->Illuminate\\Pipeline\\{closure}(Object(Illuminate\\Http\\Request))
#51 C:\\Users\\User\\Desktop\\ING DAVID VEGA\\FULLSTACK\\MundoNavidenio365\\vendor\\laravel\\framework\\src\\Illuminate\\Pipeline\\Pipeline.php(183): Illuminate\\Foundation\\Http\\Middleware\\PreventRequestsDuringMaintenance->handle(Object(Illuminate\\Http\\Request), Object(Closure))
#52 C:\\Users\\User\\Desktop\\ING DAVID VEGA\\FULLSTACK\\MundoNavidenio365\\vendor\\laravel\\framework\\src\\Illuminate\\Http\\Middleware\\HandleCors.php(49): Illuminate\\Pipeline\\Pipeline->Illuminate\\Pipeline\\{closure}(Object(Illuminate\\Http\\Request))
#53 C:\\Users\\User\\Desktop\\ING DAVID VEGA\\FULLSTACK\\MundoNavidenio365\\vendor\\laravel\\framework\\src\\Illuminate\\Pipeline\\Pipeline.php(183): Illuminate\\Http\\Middleware\\HandleCors->handle(Object(Illuminate\\Http\\Request), Object(Closure))
#54 C:\\Users\\User\\Desktop\\ING DAVID VEGA\\FULLSTACK\\MundoNavidenio365\\vendor\\laravel\\framework\\src\\Illuminate\\Http\\Middleware\\TrustProxies.php(39): Illuminate\\Pipeline\\Pipeline->Illuminate\\Pipeline\\{closure}(Object(Illuminate\\Http\\Request))
#55 C:\\Users\\User\\Desktop\\ING DAVID VEGA\\FULLSTACK\\MundoNavidenio365\\vendor\\laravel\\framework\\src\\Illuminate\\Pipeline\\Pipeline.php(183): Illuminate\\Http\\Middleware\\TrustProxies->handle(Object(Illuminate\\Http\\Request), Object(Closure))
#56 C:\\Users\\User\\Desktop\\ING DAVID VEGA\\FULLSTACK\\MundoNavidenio365\\vendor\\laravel\\framework\\src\\Illuminate\\Pipeline\\Pipeline.php(119): Illuminate\\Pipeline\\Pipeline->Illuminate\\Pipeline\\{closure}(Object(Illuminate\\Http\\Request))
#57 C:\\Users\\User\\Desktop\\ING DAVID VEGA\\FULLSTACK\\MundoNavidenio365\\vendor\\laravel\\framework\\src\\Illuminate\\Foundation\\Http\\Kernel.php(175): Illuminate\\Pipeline\\Pipeline->then(Object(Closure))
#58 C:\\Users\\User\\Desktop\\ING DAVID VEGA\\FULLSTACK\\MundoNavidenio365\\vendor\\laravel\\framework\\src\\Illuminate\\Foundation\\Http\\Kernel.php(144): Illuminate\\Foundation\\Http\\Kernel->sendRequestThroughRouter(Object(Illuminate\\Http\\Request))
#59 C:\\Users\\User\\Desktop\\ING DAVID VEGA\\FULLSTACK\\MundoNavidenio365\\public\\index.php(51): Illuminate\\Foundation\\Http\\Kernel->handle(Object(Illuminate\\Http\\Request))
#60 C:\\Users\\User\\Desktop\\ING DAVID VEGA\\FULLSTACK\\MundoNavidenio365\\vendor\\laravel\\framework\\src\\Illuminate\\Foundation\\resources\\server.php(16): require_once('C:\\\\Users\\\\User\\\\D...')
#61 {main}
"} 
[2026-08-16 20:49:58] local.ERROR: Class "App\Http\Controllers\Admin\Schema" not found {"userId":1,"exception":"[object] (Error(code: 0): Class \"App\\Http\\Controllers\\Admin\\Schema\" not found at C:\\Users\\User\\Desktop\\ING DAVID VEGA\\FULLSTACK\\MundoNavidenio365\\app\\Http\\Controllers\\Admin\\ComprasController.php:135)
[stacktrace]
#0 C:\\Users\\User\\Desktop\\ING DAVID VEGA\\FULLSTACK\\MundoNavidenio365\\vendor\\laravel\\framework\\src\\Illuminate\\Database\\Concerns\\ManagesTransactions.php(30): App\\Http\\Controllers\\Admin\\ComprasController->App\\Http\\Controllers\\Admin\\{closure}(Object(Illuminate\\Database\\MySqlConnection))
#1 C:\\Users\\User\\Desktop\\ING DAVID VEGA\\FULLSTACK\\MundoNavidenio365\\vendor\\laravel\\framework\\src\\Illuminate\\Database\\DatabaseManager.php(509): Illuminate\\Database\\Connection->transaction(Object(Closure))
#2 C:\\Users\\User\\Desktop\\ING DAVID VEGA\\FULLSTACK\\MundoNavidenio365\\vendor\\laravel\\framework\\src\\Illuminate\\Support\\Facades\\Facade.php(355): Illuminate\\Database\\DatabaseManager->__call('transaction', Array)
#3 C:\\Users\\User\\Desktop\\ING DAVID VEGA\\FULLSTACK\\MundoNavidenio365\\app\\Http\\Controllers\\Admin\\ComprasController.php(83): Illuminate\\Support\\Facades\\Facade::__callStatic('transaction', Array)
#4 C:\\Users\\User\\Desktop\\ING DAVID VEGA\\FULLSTACK\\MundoNavidenio365\\vendor\\laravel\\framework\\src\\Illuminate\\Routing\\Controller.php(54): App\\Http\\Controllers\\Admin\\ComprasController->store(Object(Illuminate\\Http\\Request))
#5 C:\\Users\\User\\Desktop\\ING DAVID VEGA\\FULLSTACK\\MundoNavidenio365\\vendor\\laravel\\framework\\src\\Illuminate\\Routing\\ControllerDispatcher.php(43): Illuminate\\Routing\\Controller->callAction('store', Array)
#6 C:\\Users\\User\\Desktop\\ING DAVID VEGA\\FULLSTACK\\MundoNavidenio365\\vendor\\laravel\\framework\\src\\Illuminate\\Routing\\Route.php(259): Illuminate\\Routing\\ControllerDispatcher->dispatch(Object(Illuminate\\Routing\\Route), Object(App\\Http\\Controllers\\Admin\\ComprasController), 'store')
#7 C:\\Users\\User\\Desktop\\ING DAVID VEGA\\FULLSTACK\\MundoNavidenio365\\vendor\\laravel\\framework\\src\\Illuminate\\Routing\\Route.php(205): Illuminate\\Routing\\Route->runController()
#8 C:\\Users\\User\\Desktop\\ING DAVID VEGA\\FULLSTACK\\MundoNavidenio365\\vendor\\laravel\\framework\\src\\Illuminate\\Routing\\Router.php(806): Illuminate\\Routing\\Route->run()
#9 C:\\Users\\User\\Desktop\\ING DAVID VEGA\\FULLSTACK\\MundoNavidenio365\\vendor\\laravel\\framework\\src\\Illuminate\\Pipeline\\Pipeline.php(144): Illuminate\\Routing\\Router->Illuminate\\Routing\\{closure}(Object(Illuminate\\Http\\Request))
#10 C:\\Users\\User\\Desktop\\ING DAVID VEGA\\FULLSTACK\\MundoNavidenio365\\app\\Http\\Middleware\\RoleMiddleware.php(16): Illuminate\\Pipeline\\Pipeline->Illuminate\\Pipeline\\{closure}(Object(Illuminate\\Http\\Request))
#11 C:\\Users\\User\\Desktop\\ING DAVID VEGA\\FULLSTACK\\MundoNavidenio365\\vendor\\laravel\\framework\\src\\Illuminate\\Pipeline\\Pipeline.php(183): App\\Http\\Middleware\\RoleMiddleware->handle(Object(Illuminate\\Http\\Request), Object(Closure), 'Administrador')
#12 C:\\Users\\User\\Desktop\\ING DAVID VEGA\\FULLSTACK\\MundoNavidenio365\\vendor\\laravel\\framework\\src\\Illuminate\\Auth\\Middleware\\EnsureEmailIsVerified.php(41): Illuminate\\Pipeline\\Pipeline->Illuminate\\Pipeline\\{closure}(Object(Illuminate\\Http\\Request))
#13 C:\\Users\\User\\Desktop\\ING DAVID VEGA\\FULLSTACK\\MundoNavidenio365\\vendor\\laravel\\framework\\src\\Illuminate\\Pipeline\\Pipeline.php(183): Illuminate\\Auth\\Middleware\\EnsureEmailIsVerified->handle(Object(Illuminate\\Http\\Request), Object(Closure))
#14 C:\\Users\\User\\Desktop\\ING DAVID VEGA\\FULLSTACK\\MundoNavidenio365\\vendor\\laravel\\framework\\src\\Illuminate\\Http\\Middleware\\AddLinkHeadersForPreloadedAssets.php(20): Illuminate\\Pipeline\\Pipeline->Illuminate\\Pipeline\\{closure}(Object(Illuminate\\Http\\Request))
#15 C:\\Users\\User\\Desktop\\ING DAVID VEGA\\FULLSTACK\\MundoNavidenio365\\vendor\\laravel\\framework\\src\\Illuminate\\Pipeline\\Pipeline.php(183): Illuminate\\Http\\Middleware\\AddLinkHeadersForPreloadedAssets->handle(Object(Illuminate\\Http\\Request), Object(Closure))
#16 C:\\Users\\User\\Desktop\\ING DAVID VEGA\\FULLSTACK\\MundoNavidenio365\\vendor\\inertiajs\\inertia-laravel\\src\\Middleware.php(87): Illuminate\\Pipeline\\Pipeline->Illuminate\\Pipeline\\{closure}(Object(Illuminate\\Http\\Request))
#17 C:\\Users\\User\\Desktop\\ING DAVID VEGA\\FULLSTACK\\MundoNavidenio365\\vendor\\laravel\\framework\\src\\Illuminate\\Pipeline\\Pipeline.php(183): Inertia\\Middleware->handle(Object(Illuminate\\Http\\Request), Object(Closure))
#18 C:\\Users\\User\\Desktop\\ING DAVID VEGA\\FULLSTACK\\MundoNavidenio365\\vendor\\laravel\\framework\\src\\Illuminate\\Routing\\Middleware\\SubstituteBindings.php(50): Illuminate\\Pipeline\\Pipeline->Illuminate\\Pipeline\\{closure}(Object(Illuminate\\Http\\Request))
#19 C:\\Users\\User\\Desktop\\ING DAVID VEGA\\FULLSTACK\\MundoNavidenio365\\vendor\\laravel\\framework\\src\\Illuminate\\Pipeline\\Pipeline.php(183): Illuminate\\Routing\\Middleware\\SubstituteBindings->handle(Object(Illuminate\\Http\\Request), Object(Closure))
#20 C:\\Users\\User\\Desktop\\ING DAVID VEGA\\FULLSTACK\\MundoNavidenio365\\vendor\\laravel\\framework\\src\\Illuminate\\Auth\\Middleware\\Authenticate.php(57): Illuminate\\Pipeline\\Pipeline->Illuminate\\Pipeline\\{closure}(Object(Illuminate\\Http\\Request))
#21 C:\\Users\\User\\Desktop\\ING DAVID VEGA\\FULLSTACK\\MundoNavidenio365\\vendor\\laravel\\framework\\src\\Illuminate\\Pipeline\\Pipeline.php(183): Illuminate\\Auth\\Middleware\\Authenticate->handle(Object(Illuminate\\Http\\Request), Object(Closure))
#22 C:\\Users\\User\\Desktop\\ING DAVID VEGA\\FULLSTACK\\MundoNavidenio365\\vendor\\laravel\\framework\\src\\Illuminate\\Foundation\\Http\\Middleware\\VerifyCsrfToken.php(78): Illuminate\\Pipeline\\Pipeline->Illuminate\\Pipeline\\{closure}(Object(Illuminate\\Http\\Request))
#23 C:\\Users\\User\\Desktop\\ING DAVID VEGA\\FULLSTACK\\MundoNavidenio365\\vendor\\laravel\\framework\\src\\Illuminate\\Pipeline\\Pipeline.php(183): Illuminate\\Foundation\\Http\\Middleware\\VerifyCsrfToken->handle(Object(Illuminate\\Http\\Request), Object(Closure))
#24 C:\\Users\\User\\Desktop\\ING DAVID VEGA\\FULLSTACK\\MundoNavidenio365\\vendor\\laravel\\framework\\src\\Illuminate\\View\\Middleware\\ShareErrorsFromSession.php(49): Illuminate\\Pipeline\\Pipeline->Illuminate\\Pipeline\\{closure}(Object(Illuminate\\Http\\Request))
#25 C:\\Users\\User\\Desktop\\ING DAVID VEGA\\FULLSTACK\\MundoNavidenio365\\vendor\\laravel\\framework\\src\\Illuminate\\Pipeline\\Pipeline.php(183): Illuminate\\View\\Middleware\\ShareErrorsFromSession->handle(Object(Illuminate\\Http\\Request), Object(Closure))
#26 C:\\Users\\User\\Desktop\\ING DAVID VEGA\\FULLSTACK\\MundoNavidenio365\\vendor\\laravel\\framework\\src\\Illuminate\\Session\\Middleware\\StartSession.php(121): Illuminate\\Pipeline\\Pipeline->Illuminate\\Pipeline\\{closure}(Object(Illuminate\\Http\\Request))
#27 C:\\Users\\User\\Desktop\\ING DAVID VEGA\\FULLSTACK\\MundoNavidenio365\\vendor\\laravel\\framework\\src\\Illuminate\\Session\\Middleware\\StartSession.php(64): Illuminate\\Session\\Middleware\\StartSession->handleStatefulRequest(Object(Illuminate\\Http\\Request), Object(Illuminate\\Session\\Store), Object(Closure))
#28 C:\\Users\\User\\Desktop\\ING DAVID VEGA\\FULLSTACK\\MundoNavidenio365\\vendor\\laravel\\framework\\src\\Illuminate\\Pipeline\\Pipeline.php(183): Illuminate\\Session\\Middleware\\StartSession->handle(Object(Illuminate\\Http\\Request), Object(Closure))
#29 C:\\Users\\User\\Desktop\\ING DAVID VEGA\\FULLSTACK\\MundoNavidenio365\\vendor\\laravel\\framework\\src\\Illuminate\\Cookie\\Middleware\\AddQueuedCookiesToResponse.php(37): Illuminate\\Pipeline\\Pipeline->Illuminate\\Pipeline\\{closure}(Object(Illuminate\\Http\\Request))
#30 C:\\Users\\User\\Desktop\\ING DAVID VEGA\\FULLSTACK\\MundoNavidenio365\\vendor\\laravel\\framework\\src\\Illuminate\\Pipeline\\Pipeline.php(183): Illuminate\\Cookie\\Middleware\\AddQueuedCookiesToResponse->handle(Object(Illuminate\\Http\\Request), Object(Closure))
#31 C:\\Users\\User\\Desktop\\ING DAVID VEGA\\FULLSTACK\\MundoNavidenio365\\vendor\\laravel\\framework\\src\\Illuminate\\Cookie\\Middleware\\EncryptCookies.php(67): Illuminate\\Pipeline\\Pipeline->Illuminate\\Pipeline\\{closure}(Object(Illuminate\\Http\\Request))
#32 C:\\Users\\User\\Desktop\\ING DAVID VEGA\\FULLSTACK\\MundoNavidenio365\\vendor\\laravel\\framework\\src\\Illuminate\\Pipeline\\Pipeline.php(183): Illuminate\\Cookie\\Middleware\\EncryptCookies->handle(Object(Illuminate\\Http\\Request), Object(Closure))
#33 C:\\Users\\User\\Desktop\\ING DAVID VEGA\\FULLSTACK\\MundoNavidenio365\\vendor\\laravel\\framework\\src\\Illuminate\\Pipeline\\Pipeline.php(119): Illuminate\\Pipeline\\Pipeline->Illuminate\\Pipeline\\{closure}(Object(Illuminate\\Http\\Request))
#34 C:\\Users\\User\\Desktop\\ING DAVID VEGA\\FULLSTACK\\MundoNavidenio365\\vendor\\laravel\\framework\\src\\Illuminate\\Routing\\Router.php(805): Illuminate\\Pipeline\\Pipeline->then(Object(Closure))
#35 C:\\Users\\User\\Desktop\\ING DAVID VEGA\\FULLSTACK\\MundoNavidenio365\\vendor\\laravel\\framework\\src\\Illuminate\\Routing\\Router.php(784): Illuminate\\Routing\\Router->runRouteWithinStack(Object(Illuminate\\Routing\\Route), Object(Illuminate\\Http\\Request))
#36 C:\\Users\\User\\Desktop\\ING DAVID VEGA\\FULLSTACK\\MundoNavidenio365\\vendor\\laravel\\framework\\src\\Illuminate\\Routing\\Router.php(748): Illuminate\\Routing\\Router->runRoute(Object(Illuminate\\Http\\Request), Object(Illuminate\\Routing\\Route))
#37 C:\\Users\\User\\Desktop\\ING DAVID VEGA\\FULLSTACK\\MundoNavidenio365\\vendor\\laravel\\framework\\src\\Illuminate\\Routing\\Router.php(737): Illuminate\\Routing\\Router->dispatchToRoute(Object(Illuminate\\Http\\Request))
#38 C:\\Users\\User\\Desktop\\ING DAVID VEGA\\FULLSTACK\\MundoNavidenio365\\vendor\\laravel\\framework\\src\\Illuminate\\Foundation\\Http\\Kernel.php(200): Illuminate\\Routing\\Router->dispatch(Object(Illuminate\\Http\\Request))
#39 C:\\Users\\User\\Desktop\\ING DAVID VEGA\\FULLSTACK\\MundoNavidenio365\\vendor\\laravel\\framework\\src\\Illuminate\\Pipeline\\Pipeline.php(144): Illuminate\\Foundation\\Http\\Kernel->Illuminate\\Foundation\\Http\\{closure}(Object(Illuminate\\Http\\Request))
#40 C:\\Users\\User\\Desktop\\ING DAVID VEGA\\FULLSTACK\\MundoNavidenio365\\vendor\\laravel\\framework\\src\\Illuminate\\Foundation\\Http\\Middleware\\TransformsRequest.php(21): Illuminate\\Pipeline\\Pipeline->Illuminate\\Pipeline\\{closure}(Object(Illuminate\\Http\\Request))
#41 C:\\Users\\User\\Desktop\\ING DAVID VEGA\\FULLSTACK\\MundoNavidenio365\\vendor\\laravel\\framework\\src\\Illuminate\\Foundation\\Http\\Middleware\\ConvertEmptyStringsToNull.php(31): Illuminate\\Foundation\\Http\\Middleware\\TransformsRequest->handle(Object(Illuminate\\Http\\Request), Object(Closure))
#42 C:\\Users\\User\\Desktop\\ING DAVID VEGA\\FULLSTACK\\MundoNavidenio365\\vendor\\laravel\\framework\\src\\Illuminate\\Pipeline\\Pipeline.php(183): Illuminate\\Foundation\\Http\\Middleware\\ConvertEmptyStringsToNull->handle(Object(Illuminate\\Http\\Request), Object(Closure))
#43 C:\\Users\\User\\Desktop\\ING DAVID VEGA\\FULLSTACK\\MundoNavidenio365\\vendor\\laravel\\framework\\src\\Illuminate\\Foundation\\Http\\Middleware\\TransformsRequest.php(21): Illuminate\\Pipeline\\Pipeline->Illuminate\\Pipeline\\{closure}(Object(Illuminate\\Http\\Request))
#44 C:\\Users\\User\\Desktop\\ING DAVID VEGA\\FULLSTACK\\MundoNavidenio365\\vendor\\laravel\\framework\\src\\Illuminate\\Foundation\\Http\\Middleware\\TrimStrings.php(40): Illuminate\\Foundation\\Http\\Middleware\\TransformsRequest->handle(Object(Illuminate\\Http\\Request), Object(Closure))
#45 C:\\Users\\User\\Desktop\\ING DAVID VEGA\\FULLSTACK\\MundoNavidenio365\\vendor\\laravel\\framework\\src\\Illuminate\\Pipeline\\Pipeline.php(183): Illuminate\\Foundation\\Http\\Middleware\\TrimStrings->handle(Object(Illuminate\\Http\\Request), Object(Closure))
#46 C:\\Users\\User\\Desktop\\ING DAVID VEGA\\FULLSTACK\\MundoNavidenio365\\vendor\\laravel\\framework\\src\\Illuminate\\Foundation\\Http\\Middleware\\ValidatePostSize.php(27): Illuminate\\Pipeline\\Pipeline->Illuminate\\Pipeline\\{closure}(Object(Illuminate\\Http\\Request))
#47 C:\\Users\\User\\Desktop\\ING DAVID VEGA\\FULLSTACK\\MundoNavidenio365\\vendor\\laravel\\framework\\src\\Illuminate\\Pipeline\\Pipeline.php(183): Illuminate\\Foundation\\Http\\Middleware\\ValidatePostSize->handle(Object(Illuminate\\Http\\Request), Object(Closure))
#48 C:\\Users\\User\\Desktop\\ING DAVID VEGA\\FULLSTACK\\MundoNavidenio365\\vendor\\laravel\\framework\\src\\Illuminate\\Foundation\\Http\\Middleware\\PreventRequestsDuringMaintenance.php(99): Illuminate\\Pipeline\\Pipeline->Illuminate\\Pipeline\\{closure}(Object(Illuminate\\Http\\Request))
#49 C:\\Users\\User\\Desktop\\ING DAVID VEGA\\FULLSTACK\\MundoNavidenio365\\vendor\\laravel\\framework\\src\\Illuminate\\Pipeline\\Pipeline.php(183): Illuminate\\Foundation\\Http\\Middleware\\PreventRequestsDuringMaintenance->handle(Object(Illuminate\\Http\\Request), Object(Closure))
#50 C:\\Users\\User\\Desktop\\ING DAVID VEGA\\FULLSTACK\\MundoNavidenio365\\vendor\\laravel\\framework\\src\\Illuminate\\Http\\Middleware\\HandleCors.php(49): Illuminate\\Pipeline\\Pipeline->Illuminate\\Pipeline\\{closure}(Object(Illuminate\\Http\\Request))
#51 C:\\Users\\User\\Desktop\\ING DAVID VEGA\\FULLSTACK\\MundoNavidenio365\\vendor\\laravel\\framework\\src\\Illuminate\\Pipeline\\Pipeline.php(183): Illuminate\\Http\\Middleware\\HandleCors->handle(Object(Illuminate\\Http\\Request), Object(Closure))
#52 C:\\Users\\User\\Desktop\\ING DAVID VEGA\\FULLSTACK\\MundoNavidenio365\\vendor\\laravel\\framework\\src\\Illuminate\\Http\\Middleware\\TrustProxies.php(39): Illuminate\\Pipeline\\Pipeline->Illuminate\\Pipeline\\{closure}(Object(Illuminate\\Http\\Request))
#53 C:\\Users\\User\\Desktop\\ING DAVID VEGA\\FULLSTACK\\MundoNavidenio365\\vendor\\laravel\\framework\\src\\Illuminate\\Pipeline\\Pipeline.php(183): Illuminate\\Http\\Middleware\\TrustProxies->handle(Object(Illuminate\\Http\\Request), Object(Closure))
#54 C:\\Users\\User\\Desktop\\ING DAVID VEGA\\FULLSTACK\\MundoNavidenio365\\vendor\\laravel\\framework\\src\\Illuminate\\Pipeline\\Pipeline.php(119): Illuminate\\Pipeline\\Pipeline->Illuminate\\Pipeline\\{closure}(Object(Illuminate\\Http\\Request))
#55 C:\\Users\\User\\Desktop\\ING DAVID VEGA\\FULLSTACK\\MundoNavidenio365\\vendor\\laravel\\framework\\src\\Illuminate\\Foundation\\Http\\Kernel.php(175): Illuminate\\Pipeline\\Pipeline->then(Object(Closure))
#56 C:\\Users\\User\\Desktop\\ING DAVID VEGA\\FULLSTACK\\MundoNavidenio365\\vendor\\laravel\\framework\\src\\Illuminate\\Foundation\\Http\\Kernel.php(144): Illuminate\\Foundation\\Http\\Kernel->sendRequestThroughRouter(Object(Illuminate\\Http\\Request))
#57 C:\\Users\\User\\Desktop\\ING DAVID VEGA\\FULLSTACK\\MundoNavidenio365\\public\\index.php(51): Illuminate\\Foundation\\Http\\Kernel->handle(Object(Illuminate\\Http\\Request))
#58 C:\\Users\\User\\Desktop\\ING DAVID VEGA\\FULLSTACK\\MundoNavidenio365\\vendor\\laravel\\framework\\src\\Illuminate\\Foundation\\resources\\server.php(16): require_once('C:\\\\Users\\\\User\\\\D...')
#59 {main}
"} 
[2026-08-16 20:50:40] local.ERROR: Class "App\Http\Controllers\Admin\Schema" not found {"userId":1,"exception":"[object] (Error(code: 0): Class \"App\\Http\\Controllers\\Admin\\Schema\" not found at C:\\Users\\User\\Desktop\\ING DAVID VEGA\\FULLSTACK\\MundoNavidenio365\\app\\Http\\Controllers\\Admin\\ComprasController.php:135)
[stacktrace]
#0 C:\\Users\\User\\Desktop\\ING DAVID VEGA\\FULLSTACK\\MundoNavidenio365\\vendor\\laravel\\framework\\src\\Illuminate\\Database\\Concerns\\ManagesTransactions.php(30): App\\Http\\Controllers\\Admin\\ComprasController->App\\Http\\Controllers\\Admin\\{closure}(Object(Illuminate\\Database\\MySqlConnection))
#1 C:\\Users\\User\\Desktop\\ING DAVID VEGA\\FULLSTACK\\MundoNavidenio365\\vendor\\laravel\\framework\\src\\Illuminate\\Database\\DatabaseManager.php(509): Illuminate\\Database\\Connection->transaction(Object(Closure))
#2 C:\\Users\\User\\Desktop\\ING DAVID VEGA\\FULLSTACK\\MundoNavidenio365\\vendor\\laravel\\framework\\src\\Illuminate\\Support\\Facades\\Facade.php(355): Illuminate\\Database\\DatabaseManager->__call('transaction', Array)
#3 C:\\Users\\User\\Desktop\\ING DAVID VEGA\\FULLSTACK\\MundoNavidenio365\\app\\Http\\Controllers\\Admin\\ComprasController.php(83): Illuminate\\Support\\Facades\\Facade::__callStatic('transaction', Array)
#4 C:\\Users\\User\\Desktop\\ING DAVID VEGA\\FULLSTACK\\MundoNavidenio365\\vendor\\laravel\\framework\\src\\Illuminate\\Routing\\Controller.php(54): App\\Http\\Controllers\\Admin\\ComprasController->store(Object(Illuminate\\Http\\Request))
#5 C:\\Users\\User\\Desktop\\ING DAVID VEGA\\FULLSTACK\\MundoNavidenio365\\vendor\\laravel\\framework\\src\\Illuminate\\Routing\\ControllerDispatcher.php(43): Illuminate\\Routing\\Controller->callAction('store', Array)
#6 C:\\Users\\User\\Desktop\\ING DAVID VEGA\\FULLSTACK\\MundoNavidenio365\\vendor\\laravel\\framework\\src\\Illuminate\\Routing\\Route.php(259): Illuminate\\Routing\\ControllerDispatcher->dispatch(Object(Illuminate\\Routing\\Route), Object(App\\Http\\Controllers\\Admin\\ComprasController), 'store')
#7 C:\\Users\\User\\Desktop\\ING DAVID VEGA\\FULLSTACK\\MundoNavidenio365\\vendor\\laravel\\framework\\src\\Illuminate\\Routing\\Route.php(205): Illuminate\\Routing\\Route->runController()
#8 C:\\Users\\User\\Desktop\\ING DAVID VEGA\\FULLSTACK\\MundoNavidenio365\\vendor\\laravel\\framework\\src\\Illuminate\\Routing\\Router.php(806): Illuminate\\Routing\\Route->run()
#9 C:\\Users\\User\\Desktop\\ING DAVID VEGA\\FULLSTACK\\MundoNavidenio365\\vendor\\laravel\\framework\\src\\Illuminate\\Pipeline\\Pipeline.php(144): Illuminate\\Routing\\Router->Illuminate\\Routing\\{closure}(Object(Illuminate\\Http\\Request))
#10 C:\\Users\\User\\Desktop\\ING DAVID VEGA\\FULLSTACK\\MundoNavidenio365\\app\\Http\\Middleware\\RoleMiddleware.php(16): Illuminate\\Pipeline\\Pipeline->Illuminate\\Pipeline\\{closure}(Object(Illuminate\\Http\\Request))
#11 C:\\Users\\User\\Desktop\\ING DAVID VEGA\\FULLSTACK\\MundoNavidenio365\\vendor\\laravel\\framework\\src\\Illuminate\\Pipeline\\Pipeline.php(183): App\\Http\\Middleware\\RoleMiddleware->handle(Object(Illuminate\\Http\\Request), Object(Closure), 'Administrador')
#12 C:\\Users\\User\\Desktop\\ING DAVID VEGA\\FULLSTACK\\MundoNavidenio365\\vendor\\laravel\\framework\\src\\Illuminate\\Auth\\Middleware\\EnsureEmailIsVerified.php(41): Illuminate\\Pipeline\\Pipeline->Illuminate\\Pipeline\\{closure}(Object(Illuminate\\Http\\Request))
#13 C:\\Users\\User\\Desktop\\ING DAVID VEGA\\FULLSTACK\\MundoNavidenio365\\vendor\\laravel\\framework\\src\\Illuminate\\Pipeline\\Pipeline.php(183): Illuminate\\Auth\\Middleware\\EnsureEmailIsVerified->handle(Object(Illuminate\\Http\\Request), Object(Closure))
#14 C:\\Users\\User\\Desktop\\ING DAVID VEGA\\FULLSTACK\\MundoNavidenio365\\vendor\\laravel\\framework\\src\\Illuminate\\Http\\Middleware\\AddLinkHeadersForPreloadedAssets.php(20): Illuminate\\Pipeline\\Pipeline->Illuminate\\Pipeline\\{closure}(Object(Illuminate\\Http\\Request))
#15 C:\\Users\\User\\Desktop\\ING DAVID VEGA\\FULLSTACK\\MundoNavidenio365\\vendor\\laravel\\framework\\src\\Illuminate\\Pipeline\\Pipeline.php(183): Illuminate\\Http\\Middleware\\AddLinkHeadersForPreloadedAssets->handle(Object(Illuminate\\Http\\Request), Object(Closure))
#16 C:\\Users\\User\\Desktop\\ING DAVID VEGA\\FULLSTACK\\MundoNavidenio365\\vendor\\inertiajs\\inertia-laravel\\src\\Middleware.php(87): Illuminate\\Pipeline\\Pipeline->Illuminate\\Pipeline\\{closure}(Object(Illuminate\\Http\\Request))
#17 C:\\Users\\User\\Desktop\\ING DAVID VEGA\\FULLSTACK\\MundoNavidenio365\\vendor\\laravel\\framework\\src\\Illuminate\\Pipeline\\Pipeline.php(183): Inertia\\Middleware->handle(Object(Illuminate\\Http\\Request), Object(Closure))
#18 C:\\Users\\User\\Desktop\\ING DAVID VEGA\\FULLSTACK\\MundoNavidenio365\\vendor\\laravel\\framework\\src\\Illuminate\\Routing\\Middleware\\SubstituteBindings.php(50): Illuminate\\Pipeline\\Pipeline->Illuminate\\Pipeline\\{closure}(Object(Illuminate\\Http\\Request))
#19 C:\\Users\\User\\Desktop\\ING DAVID VEGA\\FULLSTACK\\MundoNavidenio365\\vendor\\laravel\\framework\\src\\Illuminate\\Pipeline\\Pipeline.php(183): Illuminate\\Routing\\Middleware\\SubstituteBindings->handle(Object(Illuminate\\Http\\Request), Object(Closure))
#20 C:\\Users\\User\\Desktop\\ING DAVID VEGA\\FULLSTACK\\MundoNavidenio365\\vendor\\laravel\\framework\\src\\Illuminate\\Auth\\Middleware\\Authenticate.php(57): Illuminate\\Pipeline\\Pipeline->Illuminate\\Pipeline\\{closure}(Object(Illuminate\\Http\\Request))
#21 C:\\Users\\User\\Desktop\\ING DAVID VEGA\\FULLSTACK\\MundoNavidenio365\\vendor\\laravel\\framework\\src\\Illuminate\\Pipeline\\Pipeline.php(183): Illuminate\\Auth\\Middleware\\Authenticate->handle(Object(Illuminate\\Http\\Request), Object(Closure))
#22 C:\\Users\\User\\Desktop\\ING DAVID VEGA\\FULLSTACK\\MundoNavidenio365\\vendor\\laravel\\framework\\src\\Illuminate\\Foundation\\Http\\Middleware\\VerifyCsrfToken.php(78): Illuminate\\Pipeline\\Pipeline->Illuminate\\Pipeline\\{closure}(Object(Illuminate\\Http\\Request))
#23 C:\\Users\\User\\Desktop\\ING DAVID VEGA\\FULLSTACK\\MundoNavidenio365\\vendor\\laravel\\framework\\src\\Illuminate\\Pipeline\\Pipeline.php(183): Illuminate\\Foundation\\Http\\Middleware\\VerifyCsrfToken->handle(Object(Illuminate\\Http\\Request), Object(Closure))
#24 C:\\Users\\User\\Desktop\\ING DAVID VEGA\\FULLSTACK\\MundoNavidenio365\\vendor\\laravel\\framework\\src\\Illuminate\\View\\Middleware\\ShareErrorsFromSession.php(49): Illuminate\\Pipeline\\Pipeline->Illuminate\\Pipeline\\{closure}(Object(Illuminate\\Http\\Request))
#25 C:\\Users\\User\\Desktop\\ING DAVID VEGA\\FULLSTACK\\MundoNavidenio365\\vendor\\laravel\\framework\\src\\Illuminate\\Pipeline\\Pipeline.php(183): Illuminate\\View\\Middleware\\ShareErrorsFromSession->handle(Object(Illuminate\\Http\\Request), Object(Closure))
#26 C:\\Users\\User\\Desktop\\ING DAVID VEGA\\FULLSTACK\\MundoNavidenio365\\vendor\\laravel\\framework\\src\\Illuminate\\Session\\Middleware\\StartSession.php(121): Illuminate\\Pipeline\\Pipeline->Illuminate\\Pipeline\\{closure}(Object(Illuminate\\Http\\Request))
#27 C:\\Users\\User\\Desktop\\ING DAVID VEGA\\FULLSTACK\\MundoNavidenio365\\vendor\\laravel\\framework\\src\\Illuminate\\Session\\Middleware\\StartSession.php(64): Illuminate\\Session\\Middleware\\StartSession->handleStatefulRequest(Object(Illuminate\\Http\\Request), Object(Illuminate\\Session\\Store), Object(Closure))
#28 C:\\Users\\User\\Desktop\\ING DAVID VEGA\\FULLSTACK\\MundoNavidenio365\\vendor\\laravel\\framework\\src\\Illuminate\\Pipeline\\Pipeline.php(183): Illuminate\\Session\\Middleware\\StartSession->handle(Object(Illuminate\\Http\\Request), Object(Closure))
#29 C:\\Users\\User\\Desktop\\ING DAVID VEGA\\FULLSTACK\\MundoNavidenio365\\vendor\\laravel\\framework\\src\\Illuminate\\Cookie\\Middleware\\AddQueuedCookiesToResponse.php(37): Illuminate\\Pipeline\\Pipeline->Illuminate\\Pipeline\\{closure}(Object(Illuminate\\Http\\Request))
#30 C:\\Users\\User\\Desktop\\ING DAVID VEGA\\FULLSTACK\\MundoNavidenio365\\vendor\\laravel\\framework\\src\\Illuminate\\Pipeline\\Pipeline.php(183): Illuminate\\Cookie\\Middleware\\AddQueuedCookiesToResponse->handle(Object(Illuminate\\Http\\Request), Object(Closure))
#31 C:\\Users\\User\\Desktop\\ING DAVID VEGA\\FULLSTACK\\MundoNavidenio365\\vendor\\laravel\\framework\\src\\Illuminate\\Cookie\\Middleware\\EncryptCookies.php(67): Illuminate\\Pipeline\\Pipeline->Illuminate\\Pipeline\\{closure}(Object(Illuminate\\Http\\Request))
#32 C:\\Users\\User\\Desktop\\ING DAVID VEGA\\FULLSTACK\\MundoNavidenio365\\vendor\\laravel\\framework\\src\\Illuminate\\Pipeline\\Pipeline.php(183): Illuminate\\Cookie\\Middleware\\EncryptCookies->handle(Object(Illuminate\\Http\\Request), Object(Closure))
#33 C:\\Users\\User\\Desktop\\ING DAVID VEGA\\FULLSTACK\\MundoNavidenio365\\vendor\\laravel\\framework\\src\\Illuminate\\Pipeline\\Pipeline.php(119): Illuminate\\Pipeline\\Pipeline->Illuminate\\Pipeline\\{closure}(Object(Illuminate\\Http\\Request))
#34 C:\\Users\\User\\Desktop\\ING DAVID VEGA\\FULLSTACK\\MundoNavidenio365\\vendor\\laravel\\framework\\src\\Illuminate\\Routing\\Router.php(805): Illuminate\\Pipeline\\Pipeline->then(Object(Closure))
#35 C:\\Users\\User\\Desktop\\ING DAVID VEGA\\FULLSTACK\\MundoNavidenio365\\vendor\\laravel\\framework\\src\\Illuminate\\Routing\\Router.php(784): Illuminate\\Routing\\Router->runRouteWithinStack(Object(Illuminate\\Routing\\Route), Object(Illuminate\\Http\\Request))
#36 C:\\Users\\User\\Desktop\\ING DAVID VEGA\\FULLSTACK\\MundoNavidenio365\\vendor\\laravel\\framework\\src\\Illuminate\\Routing\\Router.php(748): Illuminate\\Routing\\Router->runRoute(Object(Illuminate\\Http\\Request), Object(Illuminate\\Routing\\Route))
#37 C:\\Users\\User\\Desktop\\ING DAVID VEGA\\FULLSTACK\\MundoNavidenio365\\vendor\\laravel\\framework\\src\\Illuminate\\Routing\\Router.php(737): Illuminate\\Routing\\Router->dispatchToRoute(Object(Illuminate\\Http\\Request))
#38 C:\\Users\\User\\Desktop\\ING DAVID VEGA\\FULLSTACK\\MundoNavidenio365\\vendor\\laravel\\framework\\src\\Illuminate\\Foundation\\Http\\Kernel.php(200): Illuminate\\Routing\\Router->dispatch(Object(Illuminate\\Http\\Request))
#39 C:\\Users\\User\\Desktop\\ING DAVID VEGA\\FULLSTACK\\MundoNavidenio365\\vendor\\laravel\\framework\\src\\Illuminate\\Pipeline\\Pipeline.php(144): Illuminate\\Foundation\\Http\\Kernel->Illuminate\\Foundation\\Http\\{closure}(Object(Illuminate\\Http\\Request))
#40 C:\\Users\\User\\Desktop\\ING DAVID VEGA\\FULLSTACK\\MundoNavidenio365\\vendor\\laravel\\framework\\src\\Illuminate\\Foundation\\Http\\Middleware\\TransformsRequest.php(21): Illuminate\\Pipeline\\Pipeline->Illuminate\\Pipeline\\{closure}(Object(Illuminate\\Http\\Request))
#41 C:\\Users\\User\\Desktop\\ING DAVID VEGA\\FULLSTACK\\MundoNavidenio365\\vendor\\laravel\\framework\\src\\Illuminate\\Foundation\\Http\\Middleware\\ConvertEmptyStringsToNull.php(31): Illuminate\\Foundation\\Http\\Middleware\\TransformsRequest->handle(Object(Illuminate\\Http\\Request), Object(Closure))
#42 C:\\Users\\User\\Desktop\\ING DAVID VEGA\\FULLSTACK\\MundoNavidenio365\\vendor\\laravel\\framework\\src\\Illuminate\\Pipeline\\Pipeline.php(183): Illuminate\\Foundation\\Http\\Middleware\\ConvertEmptyStringsToNull->handle(Object(Illuminate\\Http\\Request), Object(Closure))
#43 C:\\Users\\User\\Desktop\\ING DAVID VEGA\\FULLSTACK\\MundoNavidenio365\\vendor\\laravel\\framework\\src\\Illuminate\\Foundation\\Http\\Middleware\\TransformsRequest.php(21): Illuminate\\Pipeline\\Pipeline->Illuminate\\Pipeline\\{closure}(Object(Illuminate\\Http\\Request))
#44 C:\\Users\\User\\Desktop\\ING DAVID VEGA\\FULLSTACK\\MundoNavidenio365\\vendor\\laravel\\framework\\src\\Illuminate\\Foundation\\Http\\Middleware\\TrimStrings.php(40): Illuminate\\Foundation\\Http\\Middleware\\TransformsRequest->handle(Object(Illuminate\\Http\\Request), Object(Closure))
#45 C:\\Users\\User\\Desktop\\ING DAVID VEGA\\FULLSTACK\\MundoNavidenio365\\vendor\\laravel\\framework\\src\\Illuminate\\Pipeline\\Pipeline.php(183): Illuminate\\Foundation\\Http\\Middleware\\TrimStrings->handle(Object(Illuminate\\Http\\Request), Object(Closure))
#46 C:\\Users\\User\\Desktop\\ING DAVID VEGA\\FULLSTACK\\MundoNavidenio365\\vendor\\laravel\\framework\\src\\Illuminate\\Foundation\\Http\\Middleware\\ValidatePostSize.php(27): Illuminate\\Pipeline\\Pipeline->Illuminate\\Pipeline\\{closure}(Object(Illuminate\\Http\\Request))
#47 C:\\Users\\User\\Desktop\\ING DAVID VEGA\\FULLSTACK\\MundoNavidenio365\\vendor\\laravel\\framework\\src\\Illuminate\\Pipeline\\Pipeline.php(183): Illuminate\\Foundation\\Http\\Middleware\\ValidatePostSize->handle(Object(Illuminate\\Http\\Request), Object(Closure))
#48 C:\\Users\\User\\Desktop\\ING DAVID VEGA\\FULLSTACK\\MundoNavidenio365\\vendor\\laravel\\framework\\src\\Illuminate\\Foundation\\Http\\Middleware\\PreventRequestsDuringMaintenance.php(99): Illuminate\\Pipeline\\Pipeline->Illuminate\\Pipeline\\{closure}(Object(Illuminate\\Http\\Request))
#49 C:\\Users\\User\\Desktop\\ING DAVID VEGA\\FULLSTACK\\MundoNavidenio365\\vendor\\laravel\\framework\\src\\Illuminate\\Pipeline\\Pipeline.php(183): Illuminate\\Foundation\\Http\\Middleware\\PreventRequestsDuringMaintenance->handle(Object(Illuminate\\Http\\Request), Object(Closure))
#50 C:\\Users\\User\\Desktop\\ING DAVID VEGA\\FULLSTACK\\MundoNavidenio365\\vendor\\laravel\\framework\\src\\Illuminate\\Http\\Middleware\\HandleCors.php(49): Illuminate\\Pipeline\\Pipeline->Illuminate\\Pipeline\\{closure}(Object(Illuminate\\Http\\Request))
#51 C:\\Users\\User\\Desktop\\ING DAVID VEGA\\FULLSTACK\\MundoNavidenio365\\vendor\\laravel\\framework\\src\\Illuminate\\Pipeline\\Pipeline.php(183): Illuminate\\Http\\Middleware\\HandleCors->handle(Object(Illuminate\\Http\\Request), Object(Closure))
#52 C:\\Users\\User\\Desktop\\ING DAVID VEGA\\FULLSTACK\\MundoNavidenio365\\vendor\\laravel\\framework\\src\\Illuminate\\Http\\Middleware\\TrustProxies.php(39): Illuminate\\Pipeline\\Pipeline->Illuminate\\Pipeline\\{closure}(Object(Illuminate\\Http\\Request))
#53 C:\\Users\\User\\Desktop\\ING DAVID VEGA\\FULLSTACK\\MundoNavidenio365\\vendor\\laravel\\framework\\src\\Illuminate\\Pipeline\\Pipeline.php(183): Illuminate\\Http\\Middleware\\TrustProxies->handle(Object(Illuminate\\Http\\Request), Object(Closure))
#54 C:\\Users\\User\\Desktop\\ING DAVID VEGA\\FULLSTACK\\MundoNavidenio365\\vendor\\laravel\\framework\\src\\Illuminate\\Pipeline\\Pipeline.php(119): Illuminate\\Pipeline\\Pipeline->Illuminate\\Pipeline\\{closure}(Object(Illuminate\\Http\\Request))
#55 C:\\Users\\User\\Desktop\\ING DAVID VEGA\\FULLSTACK\\MundoNavidenio365\\vendor\\laravel\\framework\\src\\Illuminate\\Foundation\\Http\\Kernel.php(175): Illuminate\\Pipeline\\Pipeline->then(Object(Closure))
#56 C:\\Users\\User\\Desktop\\ING DAVID VEGA\\FULLSTACK\\MundoNavidenio365\\vendor\\laravel\\framework\\src\\Illuminate\\Foundation\\Http\\Kernel.php(144): Illuminate\\Foundation\\Http\\Kernel->sendRequestThroughRouter(Object(Illuminate\\Http\\Request))
#57 C:\\Users\\User\\Desktop\\ING DAVID VEGA\\FULLSTACK\\MundoNavidenio365\\public\\index.php(51): Illuminate\\Foundation\\Http\\Kernel->handle(Object(Illuminate\\Http\\Request))
#58 C:\\Users\\User\\Desktop\\ING DAVID VEGA\\FULLSTACK\\MundoNavidenio365\\vendor\\laravel\\framework\\src\\Illuminate\\Foundation\\resources\\server.php(16): require_once('C:\\\\Users\\\\User\\\\D...')
#59 {main}
"} 
[2026-08-16 21:04:31] local.INFO: SRI Factura -> Ambiente: 1 (PRUEBAS) | Recepción: https://celcer.sri.gob.ec/comprobantes-electronicos-ws/RecepcionComprobantesOffline?wsdl  
[2026-08-16 21:04:32] local.DEBUG: SRI cURL response (HTTP 200): <soap:Envelope xmlns:soap="http://schemas.xmlsoap.org/soap/envelope/"><soap:Body><ns2:validarComprobanteResponse xmlns:ns2="http://ec.gob.sri.ws.recepcion"><RespuestaRecepcionComprobante><estado>RECIBIDA</estado><comprobantes/></RespuestaRecepcionComprobante></ns2:validarComprobanteResponse></soap:Body></soap:Envelope>  
[2026-08-16 21:04:32] local.DEBUG: SRI cURL response (HTTP 200): <soap:Envelope xmlns:soap="http://schemas.xmlsoap.org/soap/envelope/"><soap:Body><ns2:autorizacionComprobanteResponse xmlns:ns2="http://ec.gob.sri.ws.autorizacion"><RespuestaAutorizacionComprobante><claveAccesoConsultada>1608202601172205093500110010010000000028406817911</claveAccesoConsultada><numeroComprobantes>1</numeroComprobantes><autorizaciones><autorizacion><estado>AUTORIZADO</estado><numeroAutorizacion>1608202601172205093500110010010000000028406817911</numeroAutorizacion><fechaAutorizacio  
[2026-08-16 21:04:35] local.ERROR: No se pudo enviar el correo del comprobante a cliente: The PHP GD extension is required, but is not installed.  
[2026-08-16 21:05:43] local.INFO: SRI Factura -> Ambiente: 1 (PRUEBAS) | Recepción: https://celcer.sri.gob.ec/comprobantes-electronicos-ws/RecepcionComprobantesOffline?wsdl  
[2026-08-16 21:05:43] local.DEBUG: SRI cURL response (HTTP 200): <soap:Envelope xmlns:soap="http://schemas.xmlsoap.org/soap/envelope/"><soap:Body><ns2:validarComprobanteResponse xmlns:ns2="http://ec.gob.sri.ws.recepcion"><RespuestaRecepcionComprobante><estado>RECIBIDA</estado><comprobantes/></RespuestaRecepcionComprobante></ns2:validarComprobanteResponse></soap:Body></soap:Envelope>  
[2026-08-16 21:05:43] local.DEBUG: SRI cURL response (HTTP 200): <soap:Envelope xmlns:soap="http://schemas.xmlsoap.org/soap/envelope/"><soap:Body><ns2:autorizacionComprobanteResponse xmlns:ns2="http://ec.gob.sri.ws.autorizacion"><RespuestaAutorizacionComprobante><claveAccesoConsultada>1608202601172205093500110010010000000035550392113</claveAccesoConsultada><numeroComprobantes>1</numeroComprobantes><autorizaciones><autorizacion><estado>AUTORIZADO</estado><numeroAutorizacion>1608202601172205093500110010010000000035550392113</numeroAutorizacion><fechaAutorizacio  
[2026-08-16 21:05:43] local.ERROR: No se pudo enviar el correo del comprobante a cliente: The PHP GD extension is required, but is not installed.  
[2026-08-16 21:11:16] local.INFO: SRI Factura -> Ambiente: 1 (PRUEBAS) | Recepción: https://celcer.sri.gob.ec/comprobantes-electronicos-ws/RecepcionComprobantesOffline?wsdl  
[2026-08-16 21:11:38] local.WARNING: cURL Recepción falló, intentando respaldo SoapClient: Error en cURL HTTP al conectar con el SRI (HTTP 0): Recv failure: Connection was reset  
[2026-08-16 21:11:54] local.INFO: SRI Factura -> Ambiente: 1 (PRUEBAS) | Recepción: https://celcer.sri.gob.ec/comprobantes-electronicos-ws/RecepcionComprobantesOffline?wsdl  
[2026-08-16 21:11:58] local.WARNING: cURL Recepción falló, intentando respaldo SoapClient: Error en cURL HTTP al conectar con el SRI (HTTP 0): Recv failure: Connection was reset  
[2026-08-16 21:12:57] local.INFO: SRI Factura -> Ambiente: 1 (PRUEBAS) | Recepción: https://celcer.sri.gob.ec/comprobantes-electronicos-ws/RecepcionComprobantesOffline?wsdl  
[2026-08-16 21:12:57] local.DEBUG: SRI cURL response (HTTP 200): <soap:Envelope xmlns:soap="http://schemas.xmlsoap.org/soap/envelope/"><soap:Body><ns2:validarComprobanteResponse xmlns:ns2="http://ec.gob.sri.ws.recepcion"><RespuestaRecepcionComprobante><estado>RECIBIDA</estado><comprobantes/></RespuestaRecepcionComprobante></ns2:validarComprobanteResponse></soap:Body></soap:Envelope>  
[2026-08-16 21:12:57] local.DEBUG: SRI cURL response (HTTP 200): <soap:Envelope xmlns:soap="http://schemas.xmlsoap.org/soap/envelope/"><soap:Body><ns2:autorizacionComprobanteResponse xmlns:ns2="http://ec.gob.sri.ws.autorizacion"><RespuestaAutorizacionComprobante><claveAccesoConsultada>1608202601172205093500110010010000000042255825918</claveAccesoConsultada><numeroComprobantes>1</numeroComprobantes><autorizaciones><autorizacion><estado>AUTORIZADO</estado><numeroAutorizacion>1608202601172205093500110010010000000042255825918</numeroAutorizacion><fechaAutorizacio  
[2026-08-16 21:12:57] local.ERROR: No se pudo enviar el correo del comprobante a cliente: The PHP GD extension is required, but is not installed.  
[2026-08-16 21:22:47] local.INFO: SRI Factura -> Ambiente: 1 (PRUEBAS) | Recepción: https://celcer.sri.gob.ec/comprobantes-electronicos-ws/RecepcionComprobantesOffline?wsdl  
[2026-08-16 21:22:48] local.DEBUG: SRI cURL response (HTTP 200): <soap:Envelope xmlns:soap="http://schemas.xmlsoap.org/soap/envelope/"><soap:Body><ns2:validarComprobanteResponse xmlns:ns2="http://ec.gob.sri.ws.recepcion"><RespuestaRecepcionComprobante><estado>RECIBIDA</estado><comprobantes/></RespuestaRecepcionComprobante></ns2:validarComprobanteResponse></soap:Body></soap:Envelope>  
[2026-08-16 21:22:50] local.DEBUG: SRI cURL response (HTTP 200): <soap:Envelope xmlns:soap="http://schemas.xmlsoap.org/soap/envelope/"><soap:Body><ns2:autorizacionComprobanteResponse xmlns:ns2="http://ec.gob.sri.ws.autorizacion"><RespuestaAutorizacionComprobante><claveAccesoConsultada>1608202601172205093500110010010000000056325253713</claveAccesoConsultada><numeroComprobantes>1</numeroComprobantes><autorizaciones><autorizacion><estado>AUTORIZADO</estado><numeroAutorizacion>1608202601172205093500110010010000000056325253713</numeroAutorizacion><fechaAutorizacio  
[2026-08-16 21:22:50] local.ERROR: No se pudo enviar el correo del comprobante a cliente: The PHP GD extension is required, but is not installed.  
[2026-08-16 21:24:04] local.INFO: SRI Factura -> Ambiente: 1 (PRUEBAS) | Recepción: https://celcer.sri.gob.ec/comprobantes-electronicos-ws/RecepcionComprobantesOffline?wsdl  
[2026-08-16 21:24:05] local.DEBUG: SRI cURL response (HTTP 200): <soap:Envelope xmlns:soap="http://schemas.xmlsoap.org/soap/envelope/"><soap:Body><ns2:validarComprobanteResponse xmlns:ns2="http://ec.gob.sri.ws.recepcion"><RespuestaRecepcionComprobante><estado>RECIBIDA</estado><comprobantes/></RespuestaRecepcionComprobante></ns2:validarComprobanteResponse></soap:Body></soap:Envelope>  
[2026-08-16 21:24:05] local.DEBUG: SRI cURL response (HTTP 200): <soap:Envelope xmlns:soap="http://schemas.xmlsoap.org/soap/envelope/"><soap:Body><ns2:autorizacionComprobanteResponse xmlns:ns2="http://ec.gob.sri.ws.autorizacion"><RespuestaAutorizacionComprobante><claveAccesoConsultada>1608202601172205093500110010010000000064079985818</claveAccesoConsultada><numeroComprobantes>1</numeroComprobantes><autorizaciones><autorizacion><estado>AUTORIZADO</estado><numeroAutorizacion>1608202601172205093500110010010000000064079985818</numeroAutorizacion><fechaAutorizacio  
[2026-08-16 21:24:05] local.ERROR: No se pudo enviar el correo del comprobante a cliente: The PHP GD extension is required, but is not installed.  
[2026-08-16 21:27:37] local.INFO: SRI Factura -> Ambiente: 1 (PRUEBAS) | Recepción: https://celcer.sri.gob.ec/comprobantes-electronicos-ws/RecepcionComprobantesOffline?wsdl  
[2026-08-16 21:27:38] local.DEBUG: SRI cURL response (HTTP 200): <soap:Envelope xmlns:soap="http://schemas.xmlsoap.org/soap/envelope/"><soap:Body><ns2:validarComprobanteResponse xmlns:ns2="http://ec.gob.sri.ws.recepcion"><RespuestaRecepcionComprobante><estado>RECIBIDA</estado><comprobantes/></RespuestaRecepcionComprobante></ns2:validarComprobanteResponse></soap:Body></soap:Envelope>  
[2026-08-16 21:27:38] local.DEBUG: SRI cURL response (HTTP 200): <soap:Envelope xmlns:soap="http://schemas.xmlsoap.org/soap/envelope/"><soap:Body><ns2:autorizacionComprobanteResponse xmlns:ns2="http://ec.gob.sri.ws.autorizacion"><RespuestaAutorizacionComprobante><claveAccesoConsultada>1608202601172205093500110010010000000077414739211</claveAccesoConsultada><numeroComprobantes>0</numeroComprobantes><autorizaciones/></RespuestaAutorizacionComprobante></ns2:autorizacionComprobanteResponse></soap:Body></soap:Envelope>  
[2026-08-16 21:27:49] local.INFO: SRI Factura -> Ambiente: 1 (PRUEBAS) | Recepción: https://celcer.sri.gob.ec/comprobantes-electronicos-ws/RecepcionComprobantesOffline?wsdl  
[2026-08-16 21:27:49] local.DEBUG: SRI cURL response (HTTP 200): <soap:Envelope xmlns:soap="http://schemas.xmlsoap.org/soap/envelope/"><soap:Body><ns2:validarComprobanteResponse xmlns:ns2="http://ec.gob.sri.ws.recepcion"><RespuestaRecepcionComprobante><estado>DEVUELTA</estado><comprobantes><comprobante><claveAcceso>1608202601172205093500110010010000000077414739211</claveAcceso><mensajes><mensaje><identificador>43</identificador><mensaje>CLAVE ACCESO REGISTRADA</mensaje><tipo>ERROR</tipo></mensaje></mensajes></comprobante></comprobantes></RespuestaRecepcionCom  
[2026-08-16 21:27:53] local.INFO: SRI Factura -> Ambiente: 1 (PRUEBAS) | Recepción: https://celcer.sri.gob.ec/comprobantes-electronicos-ws/RecepcionComprobantesOffline?wsdl  
[2026-08-16 21:27:54] local.DEBUG: SRI cURL response (HTTP 200): <soap:Envelope xmlns:soap="http://schemas.xmlsoap.org/soap/envelope/"><soap:Body><ns2:validarComprobanteResponse xmlns:ns2="http://ec.gob.sri.ws.recepcion"><RespuestaRecepcionComprobante><estado>DEVUELTA</estado><comprobantes><comprobante><claveAcceso>1608202601172205093500110010010000000077414739211</claveAcceso><mensajes><mensaje><identificador>43</identificador><mensaje>CLAVE ACCESO REGISTRADA</mensaje><tipo>ERROR</tipo></mensaje></mensajes></comprobante></comprobantes></RespuestaRecepcionCom  
[2026-08-16 21:27:58] local.INFO: SRI Factura -> Ambiente: 1 (PRUEBAS) | Recepción: https://celcer.sri.gob.ec/comprobantes-electronicos-ws/RecepcionComprobantesOffline?wsdl  
[2026-08-16 21:27:59] local.DEBUG: SRI cURL response (HTTP 200): <soap:Envelope xmlns:soap="http://schemas.xmlsoap.org/soap/envelope/"><soap:Body><ns2:validarComprobanteResponse xmlns:ns2="http://ec.gob.sri.ws.recepcion"><RespuestaRecepcionComprobante><estado>DEVUELTA</estado><comprobantes><comprobante><claveAcceso>1608202601172205093500110010010000000075113574816</claveAcceso><mensajes><mensaje><identificador>45</identificador><mensaje>ERROR SECUENCIAL REGISTRADO</mensaje><tipo>ERROR</tipo></mensaje></mensajes></comprobante></comprobantes></RespuestaRecepcio  
[2026-08-16 21:28:51] local.INFO: SRI Factura -> Ambiente: 1 (PRUEBAS) | Recepción: https://celcer.sri.gob.ec/comprobantes-electronicos-ws/RecepcionComprobantesOffline?wsdl  
[2026-08-16 21:28:52] local.DEBUG: SRI cURL response (HTTP 200): <soap:Envelope xmlns:soap="http://schemas.xmlsoap.org/soap/envelope/"><soap:Body><ns2:validarComprobanteResponse xmlns:ns2="http://ec.gob.sri.ws.recepcion"><RespuestaRecepcionComprobante><estado>RECIBIDA</estado><comprobantes/></RespuestaRecepcionComprobante></ns2:validarComprobanteResponse></soap:Body></soap:Envelope>  
[2026-08-16 21:28:52] local.DEBUG: SRI cURL response (HTTP 200): <soap:Envelope xmlns:soap="http://schemas.xmlsoap.org/soap/envelope/"><soap:Body><ns2:autorizacionComprobanteResponse xmlns:ns2="http://ec.gob.sri.ws.autorizacion"><RespuestaAutorizacionComprobante><claveAccesoConsultada>1608202601172205093500110019990000000018280235912</claveAccesoConsultada><numeroComprobantes>1</numeroComprobantes><autorizaciones><autorizacion><estado>AUTORIZADO</estado><numeroAutorizacion>1608202601172205093500110019990000000018280235912</numeroAutorizacion><fechaAutorizacio  
[2026-08-16 21:28:52] local.ERROR: No se pudo enviar el correo del comprobante a cliente: The PHP GD extension is required, but is not installed.  
[2026-09-24 08:16:29] local.ERROR: SQLSTATE[42S02]: Base table or view not found: 1146 Table 'mundonav_navidad.lotes' doesn't exist (Connection: mysql, SQL: select `id`, `nombre`, `codigo`, `cantidad_total`, `registrado_por`, `actualizado_por`, `created_at`, `updated_at`, (select count(*) from `lotes` where `productos`.`id` = `lotes`.`producto_id` and `lotes`.`deleted_at` is null) as `lotes_count`, (select count(*) from `venta_productos` where `productos`.`id` = `venta_productos`.`producto_id`) as `venta_productos_count`, (select count(*) from `nota_credito_detalles` where `productos`.`id` = `nota_credito_detalles`.`producto_id`) as `nota_credito_detalles_count` from `productos` where `productos`.`deleted_at` is null order by `nombre` asc limit 15 offset 0) {"userId":3,"exception":"[object] (Illuminate\\Database\\QueryException(code: 42S02): SQLSTATE[42S02]: Base table or view not found: 1146 Table 'mundonav_navidad.lotes' doesn't exist (Connection: mysql, SQL: select `id`, `nombre`, `codigo`, `cantidad_total`, `registrado_por`, `actualizado_por`, `created_at`, `updated_at`, (select count(*) from `lotes` where `productos`.`id` = `lotes`.`producto_id` and `lotes`.`deleted_at` is null) as `lotes_count`, (select count(*) from `venta_productos` where `productos`.`id` = `venta_productos`.`producto_id`) as `venta_productos_count`, (select count(*) from `nota_credito_detalles` where `productos`.`id` = `nota_credito_detalles`.`producto_id`) as `nota_credito_detalles_count` from `productos` where `productos`.`deleted_at` is null order by `nombre` asc limit 15 offset 0) at C:\\Users\\User\\Desktop\\ING DAVID VEGA\\FULLSTACK\\MundoNavidenio365\\vendor\\laravel\\framework\\src\\Illuminate\\Database\\Connection.php:829)
[stacktrace]
#0 C:\\Users\\User\\Desktop\\ING DAVID VEGA\\FULLSTACK\\MundoNavidenio365\\vendor\\laravel\\framework\\src\\Illuminate\\Database\\Connection.php(783): Illuminate\\Database\\Connection->runQueryCallback('select `id`, `n...', Array, Object(Closure))
#1 C:\\Users\\User\\Desktop\\ING DAVID VEGA\\FULLSTACK\\MundoNavidenio365\\vendor\\laravel\\framework\\src\\Illuminate\\Database\\Connection.php(414): Illuminate\\Database\\Connection->run('select `id`, `n...', Array, Object(Closure))
#2 C:\\Users\\User\\Desktop\\ING DAVID VEGA\\FULLSTACK\\MundoNavidenio365\\vendor\\laravel\\framework\\src\\Illuminate\\Database\\Query\\Builder.php(2913): Illuminate\\Database\\Connection->select('select `id`, `n...', Array, true)
#3 C:\\Users\\User\\Desktop\\ING DAVID VEGA\\FULLSTACK\\MundoNavidenio365\\vendor\\laravel\\framework\\src\\Illuminate\\Database\\Query\\Builder.php(2902): Illuminate\\Database\\Query\\Builder->runSelect()
#4 C:\\Users\\User\\Desktop\\ING DAVID VEGA\\FULLSTACK\\MundoNavidenio365\\vendor\\laravel\\framework\\src\\Illuminate\\Database\\Query\\Builder.php(3456): Illuminate\\Database\\Query\\Builder->Illuminate\\Database\\Query\\{closure}()
#5 C:\\Users\\User\\Desktop\\ING DAVID VEGA\\FULLSTACK\\MundoNavidenio365\\vendor\\laravel\\framework\\src\\Illuminate\\Database\\Query\\Builder.php(2901): Illuminate\\Database\\Query\\Builder->onceWithColumns(Array, Object(Closure))
#6 C:\\Users\\User\\Desktop\\ING DAVID VEGA\\FULLSTACK\\MundoNavidenio365\\vendor\\laravel\\framework\\src\\Illuminate\\Database\\Eloquent\\Builder.php(739): Illuminate\\Database\\Query\\Builder->get(Array)
#7 C:\\Users\\User\\Desktop\\ING DAVID VEGA\\FULLSTACK\\MundoNavidenio365\\vendor\\laravel\\framework\\src\\Illuminate\\Database\\Eloquent\\Builder.php(723): Illuminate\\Database\\Eloquent\\Builder->getModels(Array)
#8 C:\\Users\\User\\Desktop\\ING DAVID VEGA\\FULLSTACK\\MundoNavidenio365\\vendor\\laravel\\framework\\src\\Illuminate\\Database\\Eloquent\\Builder.php(931): Illuminate\\Database\\Eloquent\\Builder->get(Array)
#9 C:\\Users\\User\\Desktop\\ING DAVID VEGA\\FULLSTACK\\MundoNavidenio365\\app\\Http\\Controllers\\Admin\\CambioCodigoProductoController.php(67): Illuminate\\Database\\Eloquent\\Builder->paginate(15)
#10 C:\\Users\\User\\Desktop\\ING DAVID VEGA\\FULLSTACK\\MundoNavidenio365\\vendor\\laravel\\framework\\src\\Illuminate\\Routing\\Controller.php(54): App\\Http\\Controllers\\Admin\\CambioCodigoProductoController->index(Object(Illuminate\\Http\\Request))
#11 C:\\Users\\User\\Desktop\\ING DAVID VEGA\\FULLSTACK\\MundoNavidenio365\\vendor\\laravel\\framework\\src\\Illuminate\\Routing\\ControllerDispatcher.php(43): Illuminate\\Routing\\Controller->callAction('index', Array)
#12 C:\\Users\\User\\Desktop\\ING DAVID VEGA\\FULLSTACK\\MundoNavidenio365\\vendor\\laravel\\framework\\src\\Illuminate\\Routing\\Route.php(259): Illuminate\\Routing\\ControllerDispatcher->dispatch(Object(Illuminate\\Routing\\Route), Object(App\\Http\\Controllers\\Admin\\CambioCodigoProductoController), 'index')
#13 C:\\Users\\User\\Desktop\\ING DAVID VEGA\\FULLSTACK\\MundoNavidenio365\\vendor\\laravel\\framework\\src\\Illuminate\\Routing\\Route.php(205): Illuminate\\Routing\\Route->runController()
#14 C:\\Users\\User\\Desktop\\ING DAVID VEGA\\FULLSTACK\\MundoNavidenio365\\vendor\\laravel\\framework\\src\\Illuminate\\Routing\\Router.php(806): Illuminate\\Routing\\Route->run()
#15 C:\\Users\\User\\Desktop\\ING DAVID VEGA\\FULLSTACK\\MundoNavidenio365\\vendor\\laravel\\framework\\src\\Illuminate\\Pipeline\\Pipeline.php(144): Illuminate\\Routing\\Router->Illuminate\\Routing\\{closure}(Object(Illuminate\\Http\\Request))
#16 C:\\Users\\User\\Desktop\\ING DAVID VEGA\\FULLSTACK\\MundoNavidenio365\\app\\Http\\Middleware\\RoleMiddleware.php(16): Illuminate\\Pipeline\\Pipeline->Illuminate\\Pipeline\\{closure}(Object(Illuminate\\Http\\Request))
#17 C:\\Users\\User\\Desktop\\ING DAVID VEGA\\FULLSTACK\\MundoNavidenio365\\vendor\\laravel\\framework\\src\\Illuminate\\Pipeline\\Pipeline.php(183): App\\Http\\Middleware\\RoleMiddleware->handle(Object(Illuminate\\Http\\Request), Object(Closure), 'Administrador')
#18 C:\\Users\\User\\Desktop\\ING DAVID VEGA\\FULLSTACK\\MundoNavidenio365\\vendor\\laravel\\framework\\src\\Illuminate\\Auth\\Middleware\\EnsureEmailIsVerified.php(41): Illuminate\\Pipeline\\Pipeline->Illuminate\\Pipeline\\{closure}(Object(Illuminate\\Http\\Request))
#19 C:\\Users\\User\\Desktop\\ING DAVID VEGA\\FULLSTACK\\MundoNavidenio365\\vendor\\laravel\\framework\\src\\Illuminate\\Pipeline\\Pipeline.php(183): Illuminate\\Auth\\Middleware\\EnsureEmailIsVerified->handle(Object(Illuminate\\Http\\Request), Object(Closure))
#20 C:\\Users\\User\\Desktop\\ING DAVID VEGA\\FULLSTACK\\MundoNavidenio365\\vendor\\laravel\\framework\\src\\Illuminate\\Http\\Middleware\\AddLinkHeadersForPreloadedAssets.php(20): Illuminate\\Pipeline\\Pipeline->Illuminate\\Pipeline\\{closure}(Object(Illuminate\\Http\\Request))
#21 C:\\Users\\User\\Desktop\\ING DAVID VEGA\\FULLSTACK\\MundoNavidenio365\\vendor\\laravel\\framework\\src\\Illuminate\\Pipeline\\Pipeline.php(183): Illuminate\\Http\\Middleware\\AddLinkHeadersForPreloadedAssets->handle(Object(Illuminate\\Http\\Request), Object(Closure))
#22 C:\\Users\\User\\Desktop\\ING DAVID VEGA\\FULLSTACK\\MundoNavidenio365\\vendor\\inertiajs\\inertia-laravel\\src\\Middleware.php(87): Illuminate\\Pipeline\\Pipeline->Illuminate\\Pipeline\\{closure}(Object(Illuminate\\Http\\Request))
#23 C:\\Users\\User\\Desktop\\ING DAVID VEGA\\FULLSTACK\\MundoNavidenio365\\vendor\\laravel\\framework\\src\\Illuminate\\Pipeline\\Pipeline.php(183): Inertia\\Middleware->handle(Object(Illuminate\\Http\\Request), Object(Closure))
#24 C:\\Users\\User\\Desktop\\ING DAVID VEGA\\FULLSTACK\\MundoNavidenio365\\vendor\\laravel\\framework\\src\\Illuminate\\Routing\\Middleware\\SubstituteBindings.php(50): Illuminate\\Pipeline\\Pipeline->Illuminate\\Pipeline\\{closure}(Object(Illuminate\\Http\\Request))
#25 C:\\Users\\User\\Desktop\\ING DAVID VEGA\\FULLSTACK\\MundoNavidenio365\\vendor\\laravel\\framework\\src\\Illuminate\\Pipeline\\Pipeline.php(183): Illuminate\\Routing\\Middleware\\SubstituteBindings->handle(Object(Illuminate\\Http\\Request), Object(Closure))
#26 C:\\Users\\User\\Desktop\\ING DAVID VEGA\\FULLSTACK\\MundoNavidenio365\\vendor\\laravel\\framework\\src\\Illuminate\\Auth\\Middleware\\Authenticate.php(57): Illuminate\\Pipeline\\Pipeline->Illuminate\\Pipeline\\{closure}(Object(Illuminate\\Http\\Request))
#27 C:\\Users\\User\\Desktop\\ING DAVID VEGA\\FULLSTACK\\MundoNavidenio365\\vendor\\laravel\\framework\\src\\Illuminate\\Pipeline\\Pipeline.php(183): Illuminate\\Auth\\Middleware\\Authenticate->handle(Object(Illuminate\\Http\\Request), Object(Closure))
#28 C:\\Users\\User\\Desktop\\ING DAVID VEGA\\FULLSTACK\\MundoNavidenio365\\vendor\\laravel\\framework\\src\\Illuminate\\Foundation\\Http\\Middleware\\VerifyCsrfToken.php(78): Illuminate\\Pipeline\\Pipeline->Illuminate\\Pipeline\\{closure}(Object(Illuminate\\Http\\Request))
#29 C:\\Users\\User\\Desktop\\ING DAVID VEGA\\FULLSTACK\\MundoNavidenio365\\vendor\\laravel\\framework\\src\\Illuminate\\Pipeline\\Pipeline.php(183): Illuminate\\Foundation\\Http\\Middleware\\VerifyCsrfToken->handle(Object(Illuminate\\Http\\Request), Object(Closure))
#30 C:\\Users\\User\\Desktop\\ING DAVID VEGA\\FULLSTACK\\MundoNavidenio365\\vendor\\laravel\\framework\\src\\Illuminate\\View\\Middleware\\ShareErrorsFromSession.php(49): Illuminate\\Pipeline\\Pipeline->Illuminate\\Pipeline\\{closure}(Object(Illuminate\\Http\\Request))
#31 C:\\Users\\User\\Desktop\\ING DAVID VEGA\\FULLSTACK\\MundoNavidenio365\\vendor\\laravel\\framework\\src\\Illuminate\\Pipeline\\Pipeline.php(183): Illuminate\\View\\Middleware\\ShareErrorsFromSession->handle(Object(Illuminate\\Http\\Request), Object(Closure))
#32 C:\\Users\\User\\Desktop\\ING DAVID VEGA\\FULLSTACK\\MundoNavidenio365\\vendor\\laravel\\framework\\src\\Illuminate\\Session\\Middleware\\StartSession.php(121): Illuminate\\Pipeline\\Pipeline->Illuminate\\Pipeline\\{closure}(Object(Illuminate\\Http\\Request))
#33 C:\\Users\\User\\Desktop\\ING DAVID VEGA\\FULLSTACK\\MundoNavidenio365\\vendor\\laravel\\framework\\src\\Illuminate\\Session\\Middleware\\StartSession.php(64): Illuminate\\Session\\Middleware\\StartSession->handleStatefulRequest(Object(Illuminate\\Http\\Request), Object(Illuminate\\Session\\Store), Object(Closure))
#34 C:\\Users\\User\\Desktop\\ING DAVID VEGA\\FULLSTACK\\MundoNavidenio365\\vendor\\laravel\\framework\\src\\Illuminate\\Pipeline\\Pipeline.php(183): Illuminate\\Session\\Middleware\\StartSession->handle(Object(Illuminate\\Http\\Request), Object(Closure))
#35 C:\\Users\\User\\Desktop\\ING DAVID VEGA\\FULLSTACK\\MundoNavidenio365\\vendor\\laravel\\framework\\src\\Illuminate\\Cookie\\Middleware\\AddQueuedCookiesToResponse.php(37): Illuminate\\Pipeline\\Pipeline->Illuminate\\Pipeline\\{closure}(Object(Illuminate\\Http\\Request))
#36 C:\\Users\\User\\Desktop\\ING DAVID VEGA\\FULLSTACK\\MundoNavidenio365\\vendor\\laravel\\framework\\src\\Illuminate\\Pipeline\\Pipeline.php(183): Illuminate\\Cookie\\Middleware\\AddQueuedCookiesToResponse->handle(Object(Illuminate\\Http\\Request), Object(Closure))
#37 C:\\Users\\User\\Desktop\\ING DAVID VEGA\\FULLSTACK\\MundoNavidenio365\\vendor\\laravel\\framework\\src\\Illuminate\\Cookie\\Middleware\\EncryptCookies.php(67): Illuminate\\Pipeline\\Pipeline->Illuminate\\Pipeline\\{closure}(Object(Illuminate\\Http\\Request))
#38 C:\\Users\\User\\Desktop\\ING DAVID VEGA\\FULLSTACK\\MundoNavidenio365\\vendor\\laravel\\framework\\src\\Illuminate\\Pipeline\\Pipeline.php(183): Illuminate\\Cookie\\Middleware\\EncryptCookies->handle(Object(Illuminate\\Http\\Request), Object(Closure))
#39 C:\\Users\\User\\Desktop\\ING DAVID VEGA\\FULLSTACK\\MundoNavidenio365\\vendor\\laravel\\framework\\src\\Illuminate\\Pipeline\\Pipeline.php(119): Illuminate\\Pipeline\\Pipeline->Illuminate\\Pipeline\\{closure}(Object(Illuminate\\Http\\Request))
#40 C:\\Users\\User\\Desktop\\ING DAVID VEGA\\FULLSTACK\\MundoNavidenio365\\vendor\\laravel\\framework\\src\\Illuminate\\Routing\\Router.php(805): Illuminate\\Pipeline\\Pipeline->then(Object(Closure))
#41 C:\\Users\\User\\Desktop\\ING DAVID VEGA\\FULLSTACK\\MundoNavidenio365\\vendor\\laravel\\framework\\src\\Illuminate\\Routing\\Router.php(784): Illuminate\\Routing\\Router->runRouteWithinStack(Object(Illuminate\\Routing\\Route), Object(Illuminate\\Http\\Request))
#42 C:\\Users\\User\\Desktop\\ING DAVID VEGA\\FULLSTACK\\MundoNavidenio365\\vendor\\laravel\\framework\\src\\Illuminate\\Routing\\Router.php(748): Illuminate\\Routing\\Router->runRoute(Object(Illuminate\\Http\\Request), Object(Illuminate\\Routing\\Route))
#43 C:\\Users\\User\\Desktop\\ING DAVID VEGA\\FULLSTACK\\MundoNavidenio365\\vendor\\laravel\\framework\\src\\Illuminate\\Routing\\Router.php(737): Illuminate\\Routing\\Router->dispatchToRoute(Object(Illuminate\\Http\\Request))
#44 C:\\Users\\User\\Desktop\\ING DAVID VEGA\\FULLSTACK\\MundoNavidenio365\\vendor\\laravel\\framework\\src\\Illuminate\\Foundation\\Http\\Kernel.php(200): Illuminate\\Routing\\Router->dispatch(Object(Illuminate\\Http\\Request))
#45 C:\\Users\\User\\Desktop\\ING DAVID VEGA\\FULLSTACK\\MundoNavidenio365\\vendor\\laravel\\framework\\src\\Illuminate\\Pipeline\\Pipeline.php(144): Illuminate\\Foundation\\Http\\Kernel->Illuminate\\Foundation\\Http\\{closure}(Object(Illuminate\\Http\\Request))
#46 C:\\Users\\User\\Desktop\\ING DAVID VEGA\\FULLSTACK\\MundoNavidenio365\\vendor\\laravel\\framework\\src\\Illuminate\\Foundation\\Http\\Middleware\\TransformsRequest.php(21): Illuminate\\Pipeline\\Pipeline->Illuminate\\Pipeline\\{closure}(Object(Illuminate\\Http\\Request))
#47 C:\\Users\\User\\Desktop\\ING DAVID VEGA\\FULLSTACK\\MundoNavidenio365\\vendor\\laravel\\framework\\src\\Illuminate\\Foundation\\Http\\Middleware\\ConvertEmptyStringsToNull.php(31): Illuminate\\Foundation\\Http\\Middleware\\TransformsRequest->handle(Object(Illuminate\\Http\\Request), Object(Closure))
#48 C:\\Users\\User\\Desktop\\ING DAVID VEGA\\FULLSTACK\\MundoNavidenio365\\vendor\\laravel\\framework\\src\\Illuminate\\Pipeline\\Pipeline.php(183): Illuminate\\Foundation\\Http\\Middleware\\ConvertEmptyStringsToNull->handle(Object(Illuminate\\Http\\Request), Object(Closure))
#49 C:\\Users\\User\\Desktop\\ING DAVID VEGA\\FULLSTACK\\MundoNavidenio365\\vendor\\laravel\\framework\\src\\Illuminate\\Foundation\\Http\\Middleware\\TransformsRequest.php(21): Illuminate\\Pipeline\\Pipeline->Illuminate\\Pipeline\\{closure}(Object(Illuminate\\Http\\Request))
#50 C:\\Users\\User\\Desktop\\ING DAVID VEGA\\FULLSTACK\\MundoNavidenio365\\vendor\\laravel\\framework\\src\\Illuminate\\Foundation\\Http\\Middleware\\TrimStrings.php(40): Illuminate\\Foundation\\Http\\Middleware\\TransformsRequest->handle(Object(Illuminate\\Http\\Request), Object(Closure))
#51 C:\\Users\\User\\Desktop\\ING DAVID VEGA\\FULLSTACK\\MundoNavidenio365\\vendor\\laravel\\framework\\src\\Illuminate\\Pipeline\\Pipeline.php(183): Illuminate\\Foundation\\Http\\Middleware\\TrimStrings->handle(Object(Illuminate\\Http\\Request), Object(Closure))
#52 C:\\Users\\User\\Desktop\\ING DAVID VEGA\\FULLSTACK\\MundoNavidenio365\\vendor\\laravel\\framework\\src\\Illuminate\\Foundation\\Http\\Middleware\\ValidatePostSize.php(27): Illuminate\\Pipeline\\Pipeline->Illuminate\\Pipeline\\{closure}(Object(Illuminate\\Http\\Request))
#53 C:\\Users\\User\\Desktop\\ING DAVID VEGA\\FULLSTACK\\MundoNavidenio365\\vendor\\laravel\\framework\\src\\Illuminate\\Pipeline\\Pipeline.php(183): Illuminate\\Foundation\\Http\\Middleware\\ValidatePostSize->handle(Object(Illuminate\\Http\\Request), Object(Closure))
#54 C:\\Users\\User\\Desktop\\ING DAVID VEGA\\FULLSTACK\\MundoNavidenio365\\vendor\\laravel\\framework\\src\\Illuminate\\Foundation\\Http\\Middleware\\PreventRequestsDuringMaintenance.php(99): Illuminate\\Pipeline\\Pipeline->Illuminate\\Pipeline\\{closure}(Object(Illuminate\\Http\\Request))
#55 C:\\Users\\User\\Desktop\\ING DAVID VEGA\\FULLSTACK\\MundoNavidenio365\\vendor\\laravel\\framework\\src\\Illuminate\\Pipeline\\Pipeline.php(183): Illuminate\\Foundation\\Http\\Middleware\\PreventRequestsDuringMaintenance->handle(Object(Illuminate\\Http\\Request), Object(Closure))
#56 C:\\Users\\User\\Desktop\\ING DAVID VEGA\\FULLSTACK\\MundoNavidenio365\\vendor\\laravel\\framework\\src\\Illuminate\\Http\\Middleware\\HandleCors.php(49): Illuminate\\Pipeline\\Pipeline->Illuminate\\Pipeline\\{closure}(Object(Illuminate\\Http\\Request))
#57 C:\\Users\\User\\Desktop\\ING DAVID VEGA\\FULLSTACK\\MundoNavidenio365\\vendor\\laravel\\framework\\src\\Illuminate\\Pipeline\\Pipeline.php(183): Illuminate\\Http\\Middleware\\HandleCors->handle(Object(Illuminate\\Http\\Request), Object(Closure))
#58 C:\\Users\\User\\Desktop\\ING DAVID VEGA\\FULLSTACK\\MundoNavidenio365\\vendor\\laravel\\framework\\src\\Illuminate\\Http\\Middleware\\TrustProxies.php(39): Illuminate\\Pipeline\\Pipeline->Illuminate\\Pipeline\\{closure}(Object(Illuminate\\Http\\Request))
#59 C:\\Users\\User\\Desktop\\ING DAVID VEGA\\FULLSTACK\\MundoNavidenio365\\vendor\\laravel\\framework\\src\\Illuminate\\Pipeline\\Pipeline.php(183): Illuminate\\Http\\Middleware\\TrustProxies->handle(Object(Illuminate\\Http\\Request), Object(Closure))
#60 C:\\Users\\User\\Desktop\\ING DAVID VEGA\\FULLSTACK\\MundoNavidenio365\\vendor\\laravel\\framework\\src\\Illuminate\\Pipeline\\Pipeline.php(119): Illuminate\\Pipeline\\Pipeline->Illuminate\\Pipeline\\{closure}(Object(Illuminate\\Http\\Request))
#61 C:\\Users\\User\\Desktop\\ING DAVID VEGA\\FULLSTACK\\MundoNavidenio365\\vendor\\laravel\\framework\\src\\Illuminate\\Foundation\\Http\\Kernel.php(175): Illuminate\\Pipeline\\Pipeline->then(Object(Closure))
#62 C:\\Users\\User\\Desktop\\ING DAVID VEGA\\FULLSTACK\\MundoNavidenio365\\vendor\\laravel\\framework\\src\\Illuminate\\Foundation\\Http\\Kernel.php(144): Illuminate\\Foundation\\Http\\Kernel->sendRequestThroughRouter(Object(Illuminate\\Http\\Request))
#63 C:\\Users\\User\\Desktop\\ING DAVID VEGA\\FULLSTACK\\MundoNavidenio365\\public\\index.php(51): Illuminate\\Foundation\\Http\\Kernel->handle(Object(Illuminate\\Http\\Request))
#64 C:\\Users\\User\\Desktop\\ING DAVID VEGA\\FULLSTACK\\MundoNavidenio365\\vendor\\laravel\\framework\\src\\Illuminate\\Foundation\\resources\\server.php(16): require_once('C:\\\\Users\\\\User\\\\D...')
#65 {main}

[previous exception] [object] (PDOException(code: 42S02): SQLSTATE[42S02]: Base table or view not found: 1146 Table 'mundonav_navidad.lotes' doesn't exist at C:\\Users\\User\\Desktop\\ING DAVID VEGA\\FULLSTACK\\MundoNavidenio365\\vendor\\laravel\\framework\\src\\Illuminate\\Database\\Connection.php:423)
[stacktrace]
#0 C:\\Users\\User\\Desktop\\ING DAVID VEGA\\FULLSTACK\\MundoNavidenio365\\vendor\\laravel\\framework\\src\\Illuminate\\Database\\Connection.php(423): PDO->prepare('select `id`, `n...')
#1 C:\\Users\\User\\Desktop\\ING DAVID VEGA\\FULLSTACK\\MundoNavidenio365\\vendor\\laravel\\framework\\src\\Illuminate\\Database\\Connection.php(816): Illuminate\\Database\\Connection->Illuminate\\Database\\{closure}('select `id`, `n...', Array)
#2 C:\\Users\\User\\Desktop\\ING DAVID VEGA\\FULLSTACK\\MundoNavidenio365\\vendor\\laravel\\framework\\src\\Illuminate\\Database\\Connection.php(783): Illuminate\\Database\\Connection->runQueryCallback('select `id`, `n...', Array, Object(Closure))
#3 C:\\Users\\User\\Desktop\\ING DAVID VEGA\\FULLSTACK\\MundoNavidenio365\\vendor\\laravel\\framework\\src\\Illuminate\\Database\\Connection.php(414): Illuminate\\Database\\Connection->run('select `id`, `n...', Array, Object(Closure))
#4 C:\\Users\\User\\Desktop\\ING DAVID VEGA\\FULLSTACK\\MundoNavidenio365\\vendor\\laravel\\framework\\src\\Illuminate\\Database\\Query\\Builder.php(2913): Illuminate\\Database\\Connection->select('select `id`, `n...', Array, true)
#5 C:\\Users\\User\\Desktop\\ING DAVID VEGA\\FULLSTACK\\MundoNavidenio365\\vendor\\laravel\\framework\\src\\Illuminate\\Database\\Query\\Builder.php(2902): Illuminate\\Database\\Query\\Builder->runSelect()
#6 C:\\Users\\User\\Desktop\\ING DAVID VEGA\\FULLSTACK\\MundoNavidenio365\\vendor\\laravel\\framework\\src\\Illuminate\\Database\\Query\\Builder.php(3456): Illuminate\\Database\\Query\\Builder->Illuminate\\Database\\Query\\{closure}()
#7 C:\\Users\\User\\Desktop\\ING DAVID VEGA\\FULLSTACK\\MundoNavidenio365\\vendor\\laravel\\framework\\src\\Illuminate\\Database\\Query\\Builder.php(2901): Illuminate\\Database\\Query\\Builder->onceWithColumns(Array, Object(Closure))
#8 C:\\Users\\User\\Desktop\\ING DAVID VEGA\\FULLSTACK\\MundoNavidenio365\\vendor\\laravel\\framework\\src\\Illuminate\\Database\\Eloquent\\Builder.php(739): Illuminate\\Database\\Query\\Builder->get(Array)
#9 C:\\Users\\User\\Desktop\\ING DAVID VEGA\\FULLSTACK\\MundoNavidenio365\\vendor\\laravel\\framework\\src\\Illuminate\\Database\\Eloquent\\Builder.php(723): Illuminate\\Database\\Eloquent\\Builder->getModels(Array)
#10 C:\\Users\\User\\Desktop\\ING DAVID VEGA\\FULLSTACK\\MundoNavidenio365\\vendor\\laravel\\framework\\src\\Illuminate\\Database\\Eloquent\\Builder.php(931): Illuminate\\Database\\Eloquent\\Builder->get(Array)
#11 C:\\Users\\User\\Desktop\\ING DAVID VEGA\\FULLSTACK\\MundoNavidenio365\\app\\Http\\Controllers\\Admin\\CambioCodigoProductoController.php(67): Illuminate\\Database\\Eloquent\\Builder->paginate(15)
#12 C:\\Users\\User\\Desktop\\ING DAVID VEGA\\FULLSTACK\\MundoNavidenio365\\vendor\\laravel\\framework\\src\\Illuminate\\Routing\\Controller.php(54): App\\Http\\Controllers\\Admin\\CambioCodigoProductoController->index(Object(Illuminate\\Http\\Request))
#13 C:\\Users\\User\\Desktop\\ING DAVID VEGA\\FULLSTACK\\MundoNavidenio365\\vendor\\laravel\\framework\\src\\Illuminate\\Routing\\ControllerDispatcher.php(43): Illuminate\\Routing\\Controller->callAction('index', Array)
#14 C:\\Users\\User\\Desktop\\ING DAVID VEGA\\FULLSTACK\\MundoNavidenio365\\vendor\\laravel\\framework\\src\\Illuminate\\Routing\\Route.php(259): Illuminate\\Routing\\ControllerDispatcher->dispatch(Object(Illuminate\\Routing\\Route), Object(App\\Http\\Controllers\\Admin\\CambioCodigoProductoController), 'index')
#15 C:\\Users\\User\\Desktop\\ING DAVID VEGA\\FULLSTACK\\MundoNavidenio365\\vendor\\laravel\\framework\\src\\Illuminate\\Routing\\Route.php(205): Illuminate\\Routing\\Route->runController()
#16 C:\\Users\\User\\Desktop\\ING DAVID VEGA\\FULLSTACK\\MundoNavidenio365\\vendor\\laravel\\framework\\src\\Illuminate\\Routing\\Router.php(806): Illuminate\\Routing\\Route->run()
#17 C:\\Users\\User\\Desktop\\ING DAVID VEGA\\FULLSTACK\\MundoNavidenio365\\vendor\\laravel\\framework\\src\\Illuminate\\Pipeline\\Pipeline.php(144): Illuminate\\Routing\\Router->Illuminate\\Routing\\{closure}(Object(Illuminate\\Http\\Request))
#18 C:\\Users\\User\\Desktop\\ING DAVID VEGA\\FULLSTACK\\MundoNavidenio365\\app\\Http\\Middleware\\RoleMiddleware.php(16): Illuminate\\Pipeline\\Pipeline->Illuminate\\Pipeline\\{closure}(Object(Illuminate\\Http\\Request))
#19 C:\\Users\\User\\Desktop\\ING DAVID VEGA\\FULLSTACK\\MundoNavidenio365\\vendor\\laravel\\framework\\src\\Illuminate\\Pipeline\\Pipeline.php(183): App\\Http\\Middleware\\RoleMiddleware->handle(Object(Illuminate\\Http\\Request), Object(Closure), 'Administrador')
#20 C:\\Users\\User\\Desktop\\ING DAVID VEGA\\FULLSTACK\\MundoNavidenio365\\vendor\\laravel\\framework\\src\\Illuminate\\Auth\\Middleware\\EnsureEmailIsVerified.php(41): Illuminate\\Pipeline\\Pipeline->Illuminate\\Pipeline\\{closure}(Object(Illuminate\\Http\\Request))
#21 C:\\Users\\User\\Desktop\\ING DAVID VEGA\\FULLSTACK\\MundoNavidenio365\\vendor\\laravel\\framework\\src\\Illuminate\\Pipeline\\Pipeline.php(183): Illuminate\\Auth\\Middleware\\EnsureEmailIsVerified->handle(Object(Illuminate\\Http\\Request), Object(Closure))
#22 C:\\Users\\User\\Desktop\\ING DAVID VEGA\\FULLSTACK\\MundoNavidenio365\\vendor\\laravel\\framework\\src\\Illuminate\\Http\\Middleware\\AddLinkHeadersForPreloadedAssets.php(20): Illuminate\\Pipeline\\Pipeline->Illuminate\\Pipeline\\{closure}(Object(Illuminate\\Http\\Request))
#23 C:\\Users\\User\\Desktop\\ING DAVID VEGA\\FULLSTACK\\MundoNavidenio365\\vendor\\laravel\\framework\\src\\Illuminate\\Pipeline\\Pipeline.php(183): Illuminate\\Http\\Middleware\\AddLinkHeadersForPreloadedAssets->handle(Object(Illuminate\\Http\\Request), Object(Closure))
#24 C:\\Users\\User\\Desktop\\ING DAVID VEGA\\FULLSTACK\\MundoNavidenio365\\vendor\\inertiajs\\inertia-laravel\\src\\Middleware.php(87): Illuminate\\Pipeline\\Pipeline->Illuminate\\Pipeline\\{closure}(Object(Illuminate\\Http\\Request))
#25 C:\\Users\\User\\Desktop\\ING DAVID VEGA\\FULLSTACK\\MundoNavidenio365\\vendor\\laravel\\framework\\src\\Illuminate\\Pipeline\\Pipeline.php(183): Inertia\\Middleware->handle(Object(Illuminate\\Http\\Request), Object(Closure))
#26 C:\\Users\\User\\Desktop\\ING DAVID VEGA\\FULLSTACK\\MundoNavidenio365\\vendor\\laravel\\framework\\src\\Illuminate\\Routing\\Middleware\\SubstituteBindings.php(50): Illuminate\\Pipeline\\Pipeline->Illuminate\\Pipeline\\{closure}(Object(Illuminate\\Http\\Request))
#27 C:\\Users\\User\\Desktop\\ING DAVID VEGA\\FULLSTACK\\MundoNavidenio365\\vendor\\laravel\\framework\\src\\Illuminate\\Pipeline\\Pipeline.php(183): Illuminate\\Routing\\Middleware\\SubstituteBindings->handle(Object(Illuminate\\Http\\Request), Object(Closure))
#28 C:\\Users\\User\\Desktop\\ING DAVID VEGA\\FULLSTACK\\MundoNavidenio365\\vendor\\laravel\\framework\\src\\Illuminate\\Auth\\Middleware\\Authenticate.php(57): Illuminate\\Pipeline\\Pipeline->Illuminate\\Pipeline\\{closure}(Object(Illuminate\\Http\\Request))
#29 C:\\Users\\User\\Desktop\\ING DAVID VEGA\\FULLSTACK\\MundoNavidenio365\\vendor\\laravel\\framework\\src\\Illuminate\\Pipeline\\Pipeline.php(183): Illuminate\\Auth\\Middleware\\Authenticate->handle(Object(Illuminate\\Http\\Request), Object(Closure))
#30 C:\\Users\\User\\Desktop\\ING DAVID VEGA\\FULLSTACK\\MundoNavidenio365\\vendor\\laravel\\framework\\src\\Illuminate\\Foundation\\Http\\Middleware\\VerifyCsrfToken.php(78): Illuminate\\Pipeline\\Pipeline->Illuminate\\Pipeline\\{closure}(Object(Illuminate\\Http\\Request))
#31 C:\\Users\\User\\Desktop\\ING DAVID VEGA\\FULLSTACK\\MundoNavidenio365\\vendor\\laravel\\framework\\src\\Illuminate\\Pipeline\\Pipeline.php(183): Illuminate\\Foundation\\Http\\Middleware\\VerifyCsrfToken->handle(Object(Illuminate\\Http\\Request), Object(Closure))
#32 C:\\Users\\User\\Desktop\\ING DAVID VEGA\\FULLSTACK\\MundoNavidenio365\\vendor\\laravel\\framework\\src\\Illuminate\\View\\Middleware\\ShareErrorsFromSession.php(49): Illuminate\\Pipeline\\Pipeline->Illuminate\\Pipeline\\{closure}(Object(Illuminate\\Http\\Request))
#33 C:\\Users\\User\\Desktop\\ING DAVID VEGA\\FULLSTACK\\MundoNavidenio365\\vendor\\laravel\\framework\\src\\Illuminate\\Pipeline\\Pipeline.php(183): Illuminate\\View\\Middleware\\ShareErrorsFromSession->handle(Object(Illuminate\\Http\\Request), Object(Closure))
#34 C:\\Users\\User\\Desktop\\ING DAVID VEGA\\FULLSTACK\\MundoNavidenio365\\vendor\\laravel\\framework\\src\\Illuminate\\Session\\Middleware\\StartSession.php(121): Illuminate\\Pipeline\\Pipeline->Illuminate\\Pipeline\\{closure}(Object(Illuminate\\Http\\Request))
#35 C:\\Users\\User\\Desktop\\ING DAVID VEGA\\FULLSTACK\\MundoNavidenio365\\vendor\\laravel\\framework\\src\\Illuminate\\Session\\Middleware\\StartSession.php(64): Illuminate\\Session\\Middleware\\StartSession->handleStatefulRequest(Object(Illuminate\\Http\\Request), Object(Illuminate\\Session\\Store), Object(Closure))
#36 C:\\Users\\User\\Desktop\\ING DAVID VEGA\\FULLSTACK\\MundoNavidenio365\\vendor\\laravel\\framework\\src\\Illuminate\\Pipeline\\Pipeline.php(183): Illuminate\\Session\\Middleware\\StartSession->handle(Object(Illuminate\\Http\\Request), Object(Closure))
#37 C:\\Users\\User\\Desktop\\ING DAVID VEGA\\FULLSTACK\\MundoNavidenio365\\vendor\\laravel\\framework\\src\\Illuminate\\Cookie\\Middleware\\AddQueuedCookiesToResponse.php(37): Illuminate\\Pipeline\\Pipeline->Illuminate\\Pipeline\\{closure}(Object(Illuminate\\Http\\Request))
#38 C:\\Users\\User\\Desktop\\ING DAVID VEGA\\FULLSTACK\\MundoNavidenio365\\vendor\\laravel\\framework\\src\\Illuminate\\Pipeline\\Pipeline.php(183): Illuminate\\Cookie\\Middleware\\AddQueuedCookiesToResponse->handle(Object(Illuminate\\Http\\Request), Object(Closure))
#39 C:\\Users\\User\\Desktop\\ING DAVID VEGA\\FULLSTACK\\MundoNavidenio365\\vendor\\laravel\\framework\\src\\Illuminate\\Cookie\\Middleware\\EncryptCookies.php(67): Illuminate\\Pipeline\\Pipeline->Illuminate\\Pipeline\\{closure}(Object(Illuminate\\Http\\Request))
#40 C:\\Users\\User\\Desktop\\ING DAVID VEGA\\FULLSTACK\\MundoNavidenio365\\vendor\\laravel\\framework\\src\\Illuminate\\Pipeline\\Pipeline.php(183): Illuminate\\Cookie\\Middleware\\EncryptCookies->handle(Object(Illuminate\\Http\\Request), Object(Closure))
#41 C:\\Users\\User\\Desktop\\ING DAVID VEGA\\FULLSTACK\\MundoNavidenio365\\vendor\\laravel\\framework\\src\\Illuminate\\Pipeline\\Pipeline.php(119): Illuminate\\Pipeline\\Pipeline->Illuminate\\Pipeline\\{closure}(Object(Illuminate\\Http\\Request))
#42 C:\\Users\\User\\Desktop\\ING DAVID VEGA\\FULLSTACK\\MundoNavidenio365\\vendor\\laravel\\framework\\src\\Illuminate\\Routing\\Router.php(805): Illuminate\\Pipeline\\Pipeline->then(Object(Closure))
#43 C:\\Users\\User\\Desktop\\ING DAVID VEGA\\FULLSTACK\\MundoNavidenio365\\vendor\\laravel\\framework\\src\\Illuminate\\Routing\\Router.php(784): Illuminate\\Routing\\Router->runRouteWithinStack(Object(Illuminate\\Routing\\Route), Object(Illuminate\\Http\\Request))
#44 C:\\Users\\User\\Desktop\\ING DAVID VEGA\\FULLSTACK\\MundoNavidenio365\\vendor\\laravel\\framework\\src\\Illuminate\\Routing\\Router.php(748): Illuminate\\Routing\\Router->runRoute(Object(Illuminate\\Http\\Request), Object(Illuminate\\Routing\\Route))
#45 C:\\Users\\User\\Desktop\\ING DAVID VEGA\\FULLSTACK\\MundoNavidenio365\\vendor\\laravel\\framework\\src\\Illuminate\\Routing\\Router.php(737): Illuminate\\Routing\\Router->dispatchToRoute(Object(Illuminate\\Http\\Request))
#46 C:\\Users\\User\\Desktop\\ING DAVID VEGA\\FULLSTACK\\MundoNavidenio365\\vendor\\laravel\\framework\\src\\Illuminate\\Foundation\\Http\\Kernel.php(200): Illuminate\\Routing\\Router->dispatch(Object(Illuminate\\Http\\Request))
#47 C:\\Users\\User\\Desktop\\ING DAVID VEGA\\FULLSTACK\\MundoNavidenio365\\vendor\\laravel\\framework\\src\\Illuminate\\Pipeline\\Pipeline.php(144): Illuminate\\Foundation\\Http\\Kernel->Illuminate\\Foundation\\Http\\{closure}(Object(Illuminate\\Http\\Request))
#48 C:\\Users\\User\\Desktop\\ING DAVID VEGA\\FULLSTACK\\MundoNavidenio365\\vendor\\laravel\\framework\\src\\Illuminate\\Foundation\\Http\\Middleware\\TransformsRequest.php(21): Illuminate\\Pipeline\\Pipeline->Illuminate\\Pipeline\\{closure}(Object(Illuminate\\Http\\Request))
#49 C:\\Users\\User\\Desktop\\ING DAVID VEGA\\FULLSTACK\\MundoNavidenio365\\vendor\\laravel\\framework\\src\\Illuminate\\Foundation\\Http\\Middleware\\ConvertEmptyStringsToNull.php(31): Illuminate\\Foundation\\Http\\Middleware\\TransformsRequest->handle(Object(Illuminate\\Http\\Request), Object(Closure))
#50 C:\\Users\\User\\Desktop\\ING DAVID VEGA\\FULLSTACK\\MundoNavidenio365\\vendor\\laravel\\framework\\src\\Illuminate\\Pipeline\\Pipeline.php(183): Illuminate\\Foundation\\Http\\Middleware\\ConvertEmptyStringsToNull->handle(Object(Illuminate\\Http\\Request), Object(Closure))
#51 C:\\Users\\User\\Desktop\\ING DAVID VEGA\\FULLSTACK\\MundoNavidenio365\\vendor\\laravel\\framework\\src\\Illuminate\\Foundation\\Http\\Middleware\\TransformsRequest.php(21): Illuminate\\Pipeline\\Pipeline->Illuminate\\Pipeline\\{closure}(Object(Illuminate\\Http\\Request))
#52 C:\\Users\\User\\Desktop\\ING DAVID VEGA\\FULLSTACK\\MundoNavidenio365\\vendor\\laravel\\framework\\src\\Illuminate\\Foundation\\Http\\Middleware\\TrimStrings.php(40): Illuminate\\Foundation\\Http\\Middleware\\TransformsRequest->handle(Object(Illuminate\\Http\\Request), Object(Closure))
#53 C:\\Users\\User\\Desktop\\ING DAVID VEGA\\FULLSTACK\\MundoNavidenio365\\vendor\\laravel\\framework\\src\\Illuminate\\Pipeline\\Pipeline.php(183): Illuminate\\Foundation\\Http\\Middleware\\TrimStrings->handle(Object(Illuminate\\Http\\Request), Object(Closure))
#54 C:\\Users\\User\\Desktop\\ING DAVID VEGA\\FULLSTACK\\MundoNavidenio365\\vendor\\laravel\\framework\\src\\Illuminate\\Foundation\\Http\\Middleware\\ValidatePostSize.php(27): Illuminate\\Pipeline\\Pipeline->Illuminate\\Pipeline\\{closure}(Object(Illuminate\\Http\\Request))
#55 C:\\Users\\User\\Desktop\\ING DAVID VEGA\\FULLSTACK\\MundoNavidenio365\\vendor\\laravel\\framework\\src\\Illuminate\\Pipeline\\Pipeline.php(183): Illuminate\\Foundation\\Http\\Middleware\\ValidatePostSize->handle(Object(Illuminate\\Http\\Request), Object(Closure))
#56 C:\\Users\\User\\Desktop\\ING DAVID VEGA\\FULLSTACK\\MundoNavidenio365\\vendor\\laravel\\framework\\src\\Illuminate\\Foundation\\Http\\Middleware\\PreventRequestsDuringMaintenance.php(99): Illuminate\\Pipeline\\Pipeline->Illuminate\\Pipeline\\{closure}(Object(Illuminate\\Http\\Request))
#57 C:\\Users\\User\\Desktop\\ING DAVID VEGA\\FULLSTACK\\MundoNavidenio365\\vendor\\laravel\\framework\\src\\Illuminate\\Pipeline\\Pipeline.php(183): Illuminate\\Foundation\\Http\\Middleware\\PreventRequestsDuringMaintenance->handle(Object(Illuminate\\Http\\Request), Object(Closure))
#58 C:\\Users\\User\\Desktop\\ING DAVID VEGA\\FULLSTACK\\MundoNavidenio365\\vendor\\laravel\\framework\\src\\Illuminate\\Http\\Middleware\\HandleCors.php(49): Illuminate\\Pipeline\\Pipeline->Illuminate\\Pipeline\\{closure}(Object(Illuminate\\Http\\Request))
#59 C:\\Users\\User\\Desktop\\ING DAVID VEGA\\FULLSTACK\\MundoNavidenio365\\vendor\\laravel\\framework\\src\\Illuminate\\Pipeline\\Pipeline.php(183): Illuminate\\Http\\Middleware\\HandleCors->handle(Object(Illuminate\\Http\\Request), Object(Closure))
#60 C:\\Users\\User\\Desktop\\ING DAVID VEGA\\FULLSTACK\\MundoNavidenio365\\vendor\\laravel\\framework\\src\\Illuminate\\Http\\Middleware\\TrustProxies.php(39): Illuminate\\Pipeline\\Pipeline->Illuminate\\Pipeline\\{closure}(Object(Illuminate\\Http\\Request))
#61 C:\\Users\\User\\Desktop\\ING DAVID VEGA\\FULLSTACK\\MundoNavidenio365\\vendor\\laravel\\framework\\src\\Illuminate\\Pipeline\\Pipeline.php(183): Illuminate\\Http\\Middleware\\TrustProxies->handle(Object(Illuminate\\Http\\Request), Object(Closure))
#62 C:\\Users\\User\\Desktop\\ING DAVID VEGA\\FULLSTACK\\MundoNavidenio365\\vendor\\laravel\\framework\\src\\Illuminate\\Pipeline\\Pipeline.php(119): Illuminate\\Pipeline\\Pipeline->Illuminate\\Pipeline\\{closure}(Object(Illuminate\\Http\\Request))
#63 C:\\Users\\User\\Desktop\\ING DAVID VEGA\\FULLSTACK\\MundoNavidenio365\\vendor\\laravel\\framework\\src\\Illuminate\\Foundation\\Http\\Kernel.php(175): Illuminate\\Pipeline\\Pipeline->then(Object(Closure))
#64 C:\\Users\\User\\Desktop\\ING DAVID VEGA\\FULLSTACK\\MundoNavidenio365\\vendor\\laravel\\framework\\src\\Illuminate\\Foundation\\Http\\Kernel.php(144): Illuminate\\Foundation\\Http\\Kernel->sendRequestThroughRouter(Object(Illuminate\\Http\\Request))
#65 C:\\Users\\User\\Desktop\\ING DAVID VEGA\\FULLSTACK\\MundoNavidenio365\\public\\index.php(51): Illuminate\\Foundation\\Http\\Kernel->handle(Object(Illuminate\\Http\\Request))
#66 C:\\Users\\User\\Desktop\\ING DAVID VEGA\\FULLSTACK\\MundoNavidenio365\\vendor\\laravel\\framework\\src\\Illuminate\\Foundation\\resources\\server.php(16): require_once('C:\\\\Users\\\\User\\\\D...')
#67 {main}
"} 
[2026-09-24 08:18:51] local.ERROR: SQLSTATE[42S22]: Column not found: 1054 Unknown column 'cantidad_total' in 'field list' (Connection: mysql, SQL: select `id`, `nombre`, `codigo`, `cantidad_total`, `registrado_por`, `actualizado_por`, `created_at`, `updated_at`, (select count(*) from `lotes` where `productos`.`id` = `lotes`.`producto_id` and `lotes`.`deleted_at` is null) as `lotes_count`, (select count(*) from `venta_productos` where `productos`.`id` = `venta_productos`.`producto_id`) as `venta_productos_count`, (select count(*) from `nota_credito_detalles` where `productos`.`id` = `nota_credito_detalles`.`producto_id`) as `nota_credito_detalles_count` from `productos` where `productos`.`deleted_at` is null order by `nombre` asc limit 15 offset 0) {"userId":3,"exception":"[object] (Illuminate\\Database\\QueryException(code: 42S22): SQLSTATE[42S22]: Column not found: 1054 Unknown column 'cantidad_total' in 'field list' (Connection: mysql, SQL: select `id`, `nombre`, `codigo`, `cantidad_total`, `registrado_por`, `actualizado_por`, `created_at`, `updated_at`, (select count(*) from `lotes` where `productos`.`id` = `lotes`.`producto_id` and `lotes`.`deleted_at` is null) as `lotes_count`, (select count(*) from `venta_productos` where `productos`.`id` = `venta_productos`.`producto_id`) as `venta_productos_count`, (select count(*) from `nota_credito_detalles` where `productos`.`id` = `nota_credito_detalles`.`producto_id`) as `nota_credito_detalles_count` from `productos` where `productos`.`deleted_at` is null order by `nombre` asc limit 15 offset 0) at C:\\Users\\User\\Desktop\\ING DAVID VEGA\\FULLSTACK\\MundoNavidenio365\\vendor\\laravel\\framework\\src\\Illuminate\\Database\\Connection.php:829)
[stacktrace]
#0 C:\\Users\\User\\Desktop\\ING DAVID VEGA\\FULLSTACK\\MundoNavidenio365\\vendor\\laravel\\framework\\src\\Illuminate\\Database\\Connection.php(783): Illuminate\\Database\\Connection->runQueryCallback('select `id`, `n...', Array, Object(Closure))
#1 C:\\Users\\User\\Desktop\\ING DAVID VEGA\\FULLSTACK\\MundoNavidenio365\\vendor\\laravel\\framework\\src\\Illuminate\\Database\\Connection.php(414): Illuminate\\Database\\Connection->run('select `id`, `n...', Array, Object(Closure))
#2 C:\\Users\\User\\Desktop\\ING DAVID VEGA\\FULLSTACK\\MundoNavidenio365\\vendor\\laravel\\framework\\src\\Illuminate\\Database\\Query\\Builder.php(2913): Illuminate\\Database\\Connection->select('select `id`, `n...', Array, true)
#3 C:\\Users\\User\\Desktop\\ING DAVID VEGA\\FULLSTACK\\MundoNavidenio365\\vendor\\laravel\\framework\\src\\Illuminate\\Database\\Query\\Builder.php(2902): Illuminate\\Database\\Query\\Builder->runSelect()
#4 C:\\Users\\User\\Desktop\\ING DAVID VEGA\\FULLSTACK\\MundoNavidenio365\\vendor\\laravel\\framework\\src\\Illuminate\\Database\\Query\\Builder.php(3456): Illuminate\\Database\\Query\\Builder->Illuminate\\Database\\Query\\{closure}()
#5 C:\\Users\\User\\Desktop\\ING DAVID VEGA\\FULLSTACK\\MundoNavidenio365\\vendor\\laravel\\framework\\src\\Illuminate\\Database\\Query\\Builder.php(2901): Illuminate\\Database\\Query\\Builder->onceWithColumns(Array, Object(Closure))
#6 C:\\Users\\User\\Desktop\\ING DAVID VEGA\\FULLSTACK\\MundoNavidenio365\\vendor\\laravel\\framework\\src\\Illuminate\\Database\\Eloquent\\Builder.php(739): Illuminate\\Database\\Query\\Builder->get(Array)
#7 C:\\Users\\User\\Desktop\\ING DAVID VEGA\\FULLSTACK\\MundoNavidenio365\\vendor\\laravel\\framework\\src\\Illuminate\\Database\\Eloquent\\Builder.php(723): Illuminate\\Database\\Eloquent\\Builder->getModels(Array)
#8 C:\\Users\\User\\Desktop\\ING DAVID VEGA\\FULLSTACK\\MundoNavidenio365\\vendor\\laravel\\framework\\src\\Illuminate\\Database\\Eloquent\\Builder.php(931): Illuminate\\Database\\Eloquent\\Builder->get(Array)
#9 C:\\Users\\User\\Desktop\\ING DAVID VEGA\\FULLSTACK\\MundoNavidenio365\\app\\Http\\Controllers\\Admin\\CambioCodigoProductoController.php(93): Illuminate\\Database\\Eloquent\\Builder->paginate(15)
#10 C:\\Users\\User\\Desktop\\ING DAVID VEGA\\FULLSTACK\\MundoNavidenio365\\vendor\\laravel\\framework\\src\\Illuminate\\Routing\\Controller.php(54): App\\Http\\Controllers\\Admin\\CambioCodigoProductoController->index(Object(Illuminate\\Http\\Request))
#11 C:\\Users\\User\\Desktop\\ING DAVID VEGA\\FULLSTACK\\MundoNavidenio365\\vendor\\laravel\\framework\\src\\Illuminate\\Routing\\ControllerDispatcher.php(43): Illuminate\\Routing\\Controller->callAction('index', Array)
#12 C:\\Users\\User\\Desktop\\ING DAVID VEGA\\FULLSTACK\\MundoNavidenio365\\vendor\\laravel\\framework\\src\\Illuminate\\Routing\\Route.php(259): Illuminate\\Routing\\ControllerDispatcher->dispatch(Object(Illuminate\\Routing\\Route), Object(App\\Http\\Controllers\\Admin\\CambioCodigoProductoController), 'index')
#13 C:\\Users\\User\\Desktop\\ING DAVID VEGA\\FULLSTACK\\MundoNavidenio365\\vendor\\laravel\\framework\\src\\Illuminate\\Routing\\Route.php(205): Illuminate\\Routing\\Route->runController()
#14 C:\\Users\\User\\Desktop\\ING DAVID VEGA\\FULLSTACK\\MundoNavidenio365\\vendor\\laravel\\framework\\src\\Illuminate\\Routing\\Router.php(806): Illuminate\\Routing\\Route->run()
#15 C:\\Users\\User\\Desktop\\ING DAVID VEGA\\FULLSTACK\\MundoNavidenio365\\vendor\\laravel\\framework\\src\\Illuminate\\Pipeline\\Pipeline.php(144): Illuminate\\Routing\\Router->Illuminate\\Routing\\{closure}(Object(Illuminate\\Http\\Request))
#16 C:\\Users\\User\\Desktop\\ING DAVID VEGA\\FULLSTACK\\MundoNavidenio365\\app\\Http\\Middleware\\RoleMiddleware.php(16): Illuminate\\Pipeline\\Pipeline->Illuminate\\Pipeline\\{closure}(Object(Illuminate\\Http\\Request))
#17 C:\\Users\\User\\Desktop\\ING DAVID VEGA\\FULLSTACK\\MundoNavidenio365\\vendor\\laravel\\framework\\src\\Illuminate\\Pipeline\\Pipeline.php(183): App\\Http\\Middleware\\RoleMiddleware->handle(Object(Illuminate\\Http\\Request), Object(Closure), 'Administrador')
#18 C:\\Users\\User\\Desktop\\ING DAVID VEGA\\FULLSTACK\\MundoNavidenio365\\vendor\\laravel\\framework\\src\\Illuminate\\Auth\\Middleware\\EnsureEmailIsVerified.php(41): Illuminate\\Pipeline\\Pipeline->Illuminate\\Pipeline\\{closure}(Object(Illuminate\\Http\\Request))
#19 C:\\Users\\User\\Desktop\\ING DAVID VEGA\\FULLSTACK\\MundoNavidenio365\\vendor\\laravel\\framework\\src\\Illuminate\\Pipeline\\Pipeline.php(183): Illuminate\\Auth\\Middleware\\EnsureEmailIsVerified->handle(Object(Illuminate\\Http\\Request), Object(Closure))
#20 C:\\Users\\User\\Desktop\\ING DAVID VEGA\\FULLSTACK\\MundoNavidenio365\\vendor\\laravel\\framework\\src\\Illuminate\\Http\\Middleware\\AddLinkHeadersForPreloadedAssets.php(20): Illuminate\\Pipeline\\Pipeline->Illuminate\\Pipeline\\{closure}(Object(Illuminate\\Http\\Request))
#21 C:\\Users\\User\\Desktop\\ING DAVID VEGA\\FULLSTACK\\MundoNavidenio365\\vendor\\laravel\\framework\\src\\Illuminate\\Pipeline\\Pipeline.php(183): Illuminate\\Http\\Middleware\\AddLinkHeadersForPreloadedAssets->handle(Object(Illuminate\\Http\\Request), Object(Closure))
#22 C:\\Users\\User\\Desktop\\ING DAVID VEGA\\FULLSTACK\\MundoNavidenio365\\vendor\\inertiajs\\inertia-laravel\\src\\Middleware.php(87): Illuminate\\Pipeline\\Pipeline->Illuminate\\Pipeline\\{closure}(Object(Illuminate\\Http\\Request))
#23 C:\\Users\\User\\Desktop\\ING DAVID VEGA\\FULLSTACK\\MundoNavidenio365\\vendor\\laravel\\framework\\src\\Illuminate\\Pipeline\\Pipeline.php(183): Inertia\\Middleware->handle(Object(Illuminate\\Http\\Request), Object(Closure))
#24 C:\\Users\\User\\Desktop\\ING DAVID VEGA\\FULLSTACK\\MundoNavidenio365\\vendor\\laravel\\framework\\src\\Illuminate\\Routing\\Middleware\\SubstituteBindings.php(50): Illuminate\\Pipeline\\Pipeline->Illuminate\\Pipeline\\{closure}(Object(Illuminate\\Http\\Request))
#25 C:\\Users\\User\\Desktop\\ING DAVID VEGA\\FULLSTACK\\MundoNavidenio365\\vendor\\laravel\\framework\\src\\Illuminate\\Pipeline\\Pipeline.php(183): Illuminate\\Routing\\Middleware\\SubstituteBindings->handle(Object(Illuminate\\Http\\Request), Object(Closure))
#26 C:\\Users\\User\\Desktop\\ING DAVID VEGA\\FULLSTACK\\MundoNavidenio365\\vendor\\laravel\\framework\\src\\Illuminate\\Auth\\Middleware\\Authenticate.php(57): Illuminate\\Pipeline\\Pipeline->Illuminate\\Pipeline\\{closure}(Object(Illuminate\\Http\\Request))
#27 C:\\Users\\User\\Desktop\\ING DAVID VEGA\\FULLSTACK\\MundoNavidenio365\\vendor\\laravel\\framework\\src\\Illuminate\\Pipeline\\Pipeline.php(183): Illuminate\\Auth\\Middleware\\Authenticate->handle(Object(Illuminate\\Http\\Request), Object(Closure))
#28 C:\\Users\\User\\Desktop\\ING DAVID VEGA\\FULLSTACK\\MundoNavidenio365\\vendor\\laravel\\framework\\src\\Illuminate\\Foundation\\Http\\Middleware\\VerifyCsrfToken.php(78): Illuminate\\Pipeline\\Pipeline->Illuminate\\Pipeline\\{closure}(Object(Illuminate\\Http\\Request))
#29 C:\\Users\\User\\Desktop\\ING DAVID VEGA\\FULLSTACK\\MundoNavidenio365\\vendor\\laravel\\framework\\src\\Illuminate\\Pipeline\\Pipeline.php(183): Illuminate\\Foundation\\Http\\Middleware\\VerifyCsrfToken->handle(Object(Illuminate\\Http\\Request), Object(Closure))
#30 C:\\Users\\User\\Desktop\\ING DAVID VEGA\\FULLSTACK\\MundoNavidenio365\\vendor\\laravel\\framework\\src\\Illuminate\\View\\Middleware\\ShareErrorsFromSession.php(49): Illuminate\\Pipeline\\Pipeline->Illuminate\\Pipeline\\{closure}(Object(Illuminate\\Http\\Request))
#31 C:\\Users\\User\\Desktop\\ING DAVID VEGA\\FULLSTACK\\MundoNavidenio365\\vendor\\laravel\\framework\\src\\Illuminate\\Pipeline\\Pipeline.php(183): Illuminate\\View\\Middleware\\ShareErrorsFromSession->handle(Object(Illuminate\\Http\\Request), Object(Closure))
#32 C:\\Users\\User\\Desktop\\ING DAVID VEGA\\FULLSTACK\\MundoNavidenio365\\vendor\\laravel\\framework\\src\\Illuminate\\Session\\Middleware\\StartSession.php(121): Illuminate\\Pipeline\\Pipeline->Illuminate\\Pipeline\\{closure}(Object(Illuminate\\Http\\Request))
#33 C:\\Users\\User\\Desktop\\ING DAVID VEGA\\FULLSTACK\\MundoNavidenio365\\vendor\\laravel\\framework\\src\\Illuminate\\Session\\Middleware\\StartSession.php(64): Illuminate\\Session\\Middleware\\StartSession->handleStatefulRequest(Object(Illuminate\\Http\\Request), Object(Illuminate\\Session\\Store), Object(Closure))
#34 C:\\Users\\User\\Desktop\\ING DAVID VEGA\\FULLSTACK\\MundoNavidenio365\\vendor\\laravel\\framework\\src\\Illuminate\\Pipeline\\Pipeline.php(183): Illuminate\\Session\\Middleware\\StartSession->handle(Object(Illuminate\\Http\\Request), Object(Closure))
#35 C:\\Users\\User\\Desktop\\ING DAVID VEGA\\FULLSTACK\\MundoNavidenio365\\vendor\\laravel\\framework\\src\\Illuminate\\Cookie\\Middleware\\AddQueuedCookiesToResponse.php(37): Illuminate\\Pipeline\\Pipeline->Illuminate\\Pipeline\\{closure}(Object(Illuminate\\Http\\Request))
#36 C:\\Users\\User\\Desktop\\ING DAVID VEGA\\FULLSTACK\\MundoNavidenio365\\vendor\\laravel\\framework\\src\\Illuminate\\Pipeline\\Pipeline.php(183): Illuminate\\Cookie\\Middleware\\AddQueuedCookiesToResponse->handle(Object(Illuminate\\Http\\Request), Object(Closure))
#37 C:\\Users\\User\\Desktop\\ING DAVID VEGA\\FULLSTACK\\MundoNavidenio365\\vendor\\laravel\\framework\\src\\Illuminate\\Cookie\\Middleware\\EncryptCookies.php(67): Illuminate\\Pipeline\\Pipeline->Illuminate\\Pipeline\\{closure}(Object(Illuminate\\Http\\Request))
#38 C:\\Users\\User\\Desktop\\ING DAVID VEGA\\FULLSTACK\\MundoNavidenio365\\vendor\\laravel\\framework\\src\\Illuminate\\Pipeline\\Pipeline.php(183): Illuminate\\Cookie\\Middleware\\EncryptCookies->handle(Object(Illuminate\\Http\\Request), Object(Closure))
#39 C:\\Users\\User\\Desktop\\ING DAVID VEGA\\FULLSTACK\\MundoNavidenio365\\vendor\\laravel\\framework\\src\\Illuminate\\Pipeline\\Pipeline.php(119): Illuminate\\Pipeline\\Pipeline->Illuminate\\Pipeline\\{closure}(Object(Illuminate\\Http\\Request))
#40 C:\\Users\\User\\Desktop\\ING DAVID VEGA\\FULLSTACK\\MundoNavidenio365\\vendor\\laravel\\framework\\src\\Illuminate\\Routing\\Router.php(805): Illuminate\\Pipeline\\Pipeline->then(Object(Closure))
#41 C:\\Users\\User\\Desktop\\ING DAVID VEGA\\FULLSTACK\\MundoNavidenio365\\vendor\\laravel\\framework\\src\\Illuminate\\Routing\\Router.php(784): Illuminate\\Routing\\Router->runRouteWithinStack(Object(Illuminate\\Routing\\Route), Object(Illuminate\\Http\\Request))
#42 C:\\Users\\User\\Desktop\\ING DAVID VEGA\\FULLSTACK\\MundoNavidenio365\\vendor\\laravel\\framework\\src\\Illuminate\\Routing\\Router.php(748): Illuminate\\Routing\\Router->runRoute(Object(Illuminate\\Http\\Request), Object(Illuminate\\Routing\\Route))
#43 C:\\Users\\User\\Desktop\\ING DAVID VEGA\\FULLSTACK\\MundoNavidenio365\\vendor\\laravel\\framework\\src\\Illuminate\\Routing\\Router.php(737): Illuminate\\Routing\\Router->dispatchToRoute(Object(Illuminate\\Http\\Request))
#44 C:\\Users\\User\\Desktop\\ING DAVID VEGA\\FULLSTACK\\MundoNavidenio365\\vendor\\laravel\\framework\\src\\Illuminate\\Foundation\\Http\\Kernel.php(200): Illuminate\\Routing\\Router->dispatch(Object(Illuminate\\Http\\Request))
#45 C:\\Users\\User\\Desktop\\ING DAVID VEGA\\FULLSTACK\\MundoNavidenio365\\vendor\\laravel\\framework\\src\\Illuminate\\Pipeline\\Pipeline.php(144): Illuminate\\Foundation\\Http\\Kernel->Illuminate\\Foundation\\Http\\{closure}(Object(Illuminate\\Http\\Request))
#46 C:\\Users\\User\\Desktop\\ING DAVID VEGA\\FULLSTACK\\MundoNavidenio365\\vendor\\laravel\\framework\\src\\Illuminate\\Foundation\\Http\\Middleware\\TransformsRequest.php(21): Illuminate\\Pipeline\\Pipeline->Illuminate\\Pipeline\\{closure}(Object(Illuminate\\Http\\Request))
#47 C:\\Users\\User\\Desktop\\ING DAVID VEGA\\FULLSTACK\\MundoNavidenio365\\vendor\\laravel\\framework\\src\\Illuminate\\Foundation\\Http\\Middleware\\ConvertEmptyStringsToNull.php(31): Illuminate\\Foundation\\Http\\Middleware\\TransformsRequest->handle(Object(Illuminate\\Http\\Request), Object(Closure))
#48 C:\\Users\\User\\Desktop\\ING DAVID VEGA\\FULLSTACK\\MundoNavidenio365\\vendor\\laravel\\framework\\src\\Illuminate\\Pipeline\\Pipeline.php(183): Illuminate\\Foundation\\Http\\Middleware\\ConvertEmptyStringsToNull->handle(Object(Illuminate\\Http\\Request), Object(Closure))
#49 C:\\Users\\User\\Desktop\\ING DAVID VEGA\\FULLSTACK\\MundoNavidenio365\\vendor\\laravel\\framework\\src\\Illuminate\\Foundation\\Http\\Middleware\\TransformsRequest.php(21): Illuminate\\Pipeline\\Pipeline->Illuminate\\Pipeline\\{closure}(Object(Illuminate\\Http\\Request))
#50 C:\\Users\\User\\Desktop\\ING DAVID VEGA\\FULLSTACK\\MundoNavidenio365\\vendor\\laravel\\framework\\src\\Illuminate\\Foundation\\Http\\Middleware\\TrimStrings.php(40): Illuminate\\Foundation\\Http\\Middleware\\TransformsRequest->handle(Object(Illuminate\\Http\\Request), Object(Closure))
#51 C:\\Users\\User\\Desktop\\ING DAVID VEGA\\FULLSTACK\\MundoNavidenio365\\vendor\\laravel\\framework\\src\\Illuminate\\Pipeline\\Pipeline.php(183): Illuminate\\Foundation\\Http\\Middleware\\TrimStrings->handle(Object(Illuminate\\Http\\Request), Object(Closure))
#52 C:\\Users\\User\\Desktop\\ING DAVID VEGA\\FULLSTACK\\MundoNavidenio365\\vendor\\laravel\\framework\\src\\Illuminate\\Foundation\\Http\\Middleware\\ValidatePostSize.php(27): Illuminate\\Pipeline\\Pipeline->Illuminate\\Pipeline\\{closure}(Object(Illuminate\\Http\\Request))
#53 C:\\Users\\User\\Desktop\\ING DAVID VEGA\\FULLSTACK\\MundoNavidenio365\\vendor\\laravel\\framework\\src\\Illuminate\\Pipeline\\Pipeline.php(183): Illuminate\\Foundation\\Http\\Middleware\\ValidatePostSize->handle(Object(Illuminate\\Http\\Request), Object(Closure))
#54 C:\\Users\\User\\Desktop\\ING DAVID VEGA\\FULLSTACK\\MundoNavidenio365\\vendor\\laravel\\framework\\src\\Illuminate\\Foundation\\Http\\Middleware\\PreventRequestsDuringMaintenance.php(99): Illuminate\\Pipeline\\Pipeline->Illuminate\\Pipeline\\{closure}(Object(Illuminate\\Http\\Request))
#55 C:\\Users\\User\\Desktop\\ING DAVID VEGA\\FULLSTACK\\MundoNavidenio365\\vendor\\laravel\\framework\\src\\Illuminate\\Pipeline\\Pipeline.php(183): Illuminate\\Foundation\\Http\\Middleware\\PreventRequestsDuringMaintenance->handle(Object(Illuminate\\Http\\Request), Object(Closure))
#56 C:\\Users\\User\\Desktop\\ING DAVID VEGA\\FULLSTACK\\MundoNavidenio365\\vendor\\laravel\\framework\\src\\Illuminate\\Http\\Middleware\\HandleCors.php(49): Illuminate\\Pipeline\\Pipeline->Illuminate\\Pipeline\\{closure}(Object(Illuminate\\Http\\Request))
#57 C:\\Users\\User\\Desktop\\ING DAVID VEGA\\FULLSTACK\\MundoNavidenio365\\vendor\\laravel\\framework\\src\\Illuminate\\Pipeline\\Pipeline.php(183): Illuminate\\Http\\Middleware\\HandleCors->handle(Object(Illuminate\\Http\\Request), Object(Closure))
#58 C:\\Users\\User\\Desktop\\ING DAVID VEGA\\FULLSTACK\\MundoNavidenio365\\vendor\\laravel\\framework\\src\\Illuminate\\Http\\Middleware\\TrustProxies.php(39): Illuminate\\Pipeline\\Pipeline->Illuminate\\Pipeline\\{closure}(Object(Illuminate\\Http\\Request))
#59 C:\\Users\\User\\Desktop\\ING DAVID VEGA\\FULLSTACK\\MundoNavidenio365\\vendor\\laravel\\framework\\src\\Illuminate\\Pipeline\\Pipeline.php(183): Illuminate\\Http\\Middleware\\TrustProxies->handle(Object(Illuminate\\Http\\Request), Object(Closure))
#60 C:\\Users\\User\\Desktop\\ING DAVID VEGA\\FULLSTACK\\MundoNavidenio365\\vendor\\laravel\\framework\\src\\Illuminate\\Pipeline\\Pipeline.php(119): Illuminate\\Pipeline\\Pipeline->Illuminate\\Pipeline\\{closure}(Object(Illuminate\\Http\\Request))
#61 C:\\Users\\User\\Desktop\\ING DAVID VEGA\\FULLSTACK\\MundoNavidenio365\\vendor\\laravel\\framework\\src\\Illuminate\\Foundation\\Http\\Kernel.php(175): Illuminate\\Pipeline\\Pipeline->then(Object(Closure))
#62 C:\\Users\\User\\Desktop\\ING DAVID VEGA\\FULLSTACK\\MundoNavidenio365\\vendor\\laravel\\framework\\src\\Illuminate\\Foundation\\Http\\Kernel.php(144): Illuminate\\Foundation\\Http\\Kernel->sendRequestThroughRouter(Object(Illuminate\\Http\\Request))
#63 C:\\Users\\User\\Desktop\\ING DAVID VEGA\\FULLSTACK\\MundoNavidenio365\\public\\index.php(51): Illuminate\\Foundation\\Http\\Kernel->handle(Object(Illuminate\\Http\\Request))
#64 C:\\Users\\User\\Desktop\\ING DAVID VEGA\\FULLSTACK\\MundoNavidenio365\\vendor\\laravel\\framework\\src\\Illuminate\\Foundation\\resources\\server.php(16): require_once('C:\\\\Users\\\\User\\\\D...')
#65 {main}

[previous exception] [object] (PDOException(code: 42S22): SQLSTATE[42S22]: Column not found: 1054 Unknown column 'cantidad_total' in 'field list' at C:\\Users\\User\\Desktop\\ING DAVID VEGA\\FULLSTACK\\MundoNavidenio365\\vendor\\laravel\\framework\\src\\Illuminate\\Database\\Connection.php:423)
[stacktrace]
#0 C:\\Users\\User\\Desktop\\ING DAVID VEGA\\FULLSTACK\\MundoNavidenio365\\vendor\\laravel\\framework\\src\\Illuminate\\Database\\Connection.php(423): PDO->prepare('select `id`, `n...')
#1 C:\\Users\\User\\Desktop\\ING DAVID VEGA\\FULLSTACK\\MundoNavidenio365\\vendor\\laravel\\framework\\src\\Illuminate\\Database\\Connection.php(816): Illuminate\\Database\\Connection->Illuminate\\Database\\{closure}('select `id`, `n...', Array)
#2 C:\\Users\\User\\Desktop\\ING DAVID VEGA\\FULLSTACK\\MundoNavidenio365\\vendor\\laravel\\framework\\src\\Illuminate\\Database\\Connection.php(783): Illuminate\\Database\\Connection->runQueryCallback('select `id`, `n...', Array, Object(Closure))
#3 C:\\Users\\User\\Desktop\\ING DAVID VEGA\\FULLSTACK\\MundoNavidenio365\\vendor\\laravel\\framework\\src\\Illuminate\\Database\\Connection.php(414): Illuminate\\Database\\Connection->run('select `id`, `n...', Array, Object(Closure))
#4 C:\\Users\\User\\Desktop\\ING DAVID VEGA\\FULLSTACK\\MundoNavidenio365\\vendor\\laravel\\framework\\src\\Illuminate\\Database\\Query\\Builder.php(2913): Illuminate\\Database\\Connection->select('select `id`, `n...', Array, true)
#5 C:\\Users\\User\\Desktop\\ING DAVID VEGA\\FULLSTACK\\MundoNavidenio365\\vendor\\laravel\\framework\\src\\Illuminate\\Database\\Query\\Builder.php(2902): Illuminate\\Database\\Query\\Builder->runSelect()
#6 C:\\Users\\User\\Desktop\\ING DAVID VEGA\\FULLSTACK\\MundoNavidenio365\\vendor\\laravel\\framework\\src\\Illuminate\\Database\\Query\\Builder.php(3456): Illuminate\\Database\\Query\\Builder->Illuminate\\Database\\Query\\{closure}()
#7 C:\\Users\\User\\Desktop\\ING DAVID VEGA\\FULLSTACK\\MundoNavidenio365\\vendor\\laravel\\framework\\src\\Illuminate\\Database\\Query\\Builder.php(2901): Illuminate\\Database\\Query\\Builder->onceWithColumns(Array, Object(Closure))
#8 C:\\Users\\User\\Desktop\\ING DAVID VEGA\\FULLSTACK\\MundoNavidenio365\\vendor\\laravel\\framework\\src\\Illuminate\\Database\\Eloquent\\Builder.php(739): Illuminate\\Database\\Query\\Builder->get(Array)
#9 C:\\Users\\User\\Desktop\\ING DAVID VEGA\\FULLSTACK\\MundoNavidenio365\\vendor\\laravel\\framework\\src\\Illuminate\\Database\\Eloquent\\Builder.php(723): Illuminate\\Database\\Eloquent\\Builder->getModels(Array)
#10 C:\\Users\\User\\Desktop\\ING DAVID VEGA\\FULLSTACK\\MundoNavidenio365\\vendor\\laravel\\framework\\src\\Illuminate\\Database\\Eloquent\\Builder.php(931): Illuminate\\Database\\Eloquent\\Builder->get(Array)
#11 C:\\Users\\User\\Desktop\\ING DAVID VEGA\\FULLSTACK\\MundoNavidenio365\\app\\Http\\Controllers\\Admin\\CambioCodigoProductoController.php(93): Illuminate\\Database\\Eloquent\\Builder->paginate(15)
#12 C:\\Users\\User\\Desktop\\ING DAVID VEGA\\FULLSTACK\\MundoNavidenio365\\vendor\\laravel\\framework\\src\\Illuminate\\Routing\\Controller.php(54): App\\Http\\Controllers\\Admin\\CambioCodigoProductoController->index(Object(Illuminate\\Http\\Request))
#13 C:\\Users\\User\\Desktop\\ING DAVID VEGA\\FULLSTACK\\MundoNavidenio365\\vendor\\laravel\\framework\\src\\Illuminate\\Routing\\ControllerDispatcher.php(43): Illuminate\\Routing\\Controller->callAction('index', Array)
#14 C:\\Users\\User\\Desktop\\ING DAVID VEGA\\FULLSTACK\\MundoNavidenio365\\vendor\\laravel\\framework\\src\\Illuminate\\Routing\\Route.php(259): Illuminate\\Routing\\ControllerDispatcher->dispatch(Object(Illuminate\\Routing\\Route), Object(App\\Http\\Controllers\\Admin\\CambioCodigoProductoController), 'index')
#15 C:\\Users\\User\\Desktop\\ING DAVID VEGA\\FULLSTACK\\MundoNavidenio365\\vendor\\laravel\\framework\\src\\Illuminate\\Routing\\Route.php(205): Illuminate\\Routing\\Route->runController()
#16 C:\\Users\\User\\Desktop\\ING DAVID VEGA\\FULLSTACK\\MundoNavidenio365\\vendor\\laravel\\framework\\src\\Illuminate\\Routing\\Router.php(806): Illuminate\\Routing\\Route->run()
#17 C:\\Users\\User\\Desktop\\ING DAVID VEGA\\FULLSTACK\\MundoNavidenio365\\vendor\\laravel\\framework\\src\\Illuminate\\Pipeline\\Pipeline.php(144): Illuminate\\Routing\\Router->Illuminate\\Routing\\{closure}(Object(Illuminate\\Http\\Request))
#18 C:\\Users\\User\\Desktop\\ING DAVID VEGA\\FULLSTACK\\MundoNavidenio365\\app\\Http\\Middleware\\RoleMiddleware.php(16): Illuminate\\Pipeline\\Pipeline->Illuminate\\Pipeline\\{closure}(Object(Illuminate\\Http\\Request))
#19 C:\\Users\\User\\Desktop\\ING DAVID VEGA\\FULLSTACK\\MundoNavidenio365\\vendor\\laravel\\framework\\src\\Illuminate\\Pipeline\\Pipeline.php(183): App\\Http\\Middleware\\RoleMiddleware->handle(Object(Illuminate\\Http\\Request), Object(Closure), 'Administrador')
#20 C:\\Users\\User\\Desktop\\ING DAVID VEGA\\FULLSTACK\\MundoNavidenio365\\vendor\\laravel\\framework\\src\\Illuminate\\Auth\\Middleware\\EnsureEmailIsVerified.php(41): Illuminate\\Pipeline\\Pipeline->Illuminate\\Pipeline\\{closure}(Object(Illuminate\\Http\\Request))
#21 C:\\Users\\User\\Desktop\\ING DAVID VEGA\\FULLSTACK\\MundoNavidenio365\\vendor\\laravel\\framework\\src\\Illuminate\\Pipeline\\Pipeline.php(183): Illuminate\\Auth\\Middleware\\EnsureEmailIsVerified->handle(Object(Illuminate\\Http\\Request), Object(Closure))
#22 C:\\Users\\User\\Desktop\\ING DAVID VEGA\\FULLSTACK\\MundoNavidenio365\\vendor\\laravel\\framework\\src\\Illuminate\\Http\\Middleware\\AddLinkHeadersForPreloadedAssets.php(20): Illuminate\\Pipeline\\Pipeline->Illuminate\\Pipeline\\{closure}(Object(Illuminate\\Http\\Request))
#23 C:\\Users\\User\\Desktop\\ING DAVID VEGA\\FULLSTACK\\MundoNavidenio365\\vendor\\laravel\\framework\\src\\Illuminate\\Pipeline\\Pipeline.php(183): Illuminate\\Http\\Middleware\\AddLinkHeadersForPreloadedAssets->handle(Object(Illuminate\\Http\\Request), Object(Closure))
#24 C:\\Users\\User\\Desktop\\ING DAVID VEGA\\FULLSTACK\\MundoNavidenio365\\vendor\\inertiajs\\inertia-laravel\\src\\Middleware.php(87): Illuminate\\Pipeline\\Pipeline->Illuminate\\Pipeline\\{closure}(Object(Illuminate\\Http\\Request))
#25 C:\\Users\\User\\Desktop\\ING DAVID VEGA\\FULLSTACK\\MundoNavidenio365\\vendor\\laravel\\framework\\src\\Illuminate\\Pipeline\\Pipeline.php(183): Inertia\\Middleware->handle(Object(Illuminate\\Http\\Request), Object(Closure))
#26 C:\\Users\\User\\Desktop\\ING DAVID VEGA\\FULLSTACK\\MundoNavidenio365\\vendor\\laravel\\framework\\src\\Illuminate\\Routing\\Middleware\\SubstituteBindings.php(50): Illuminate\\Pipeline\\Pipeline->Illuminate\\Pipeline\\{closure}(Object(Illuminate\\Http\\Request))
#27 C:\\Users\\User\\Desktop\\ING DAVID VEGA\\FULLSTACK\\MundoNavidenio365\\vendor\\laravel\\framework\\src\\Illuminate\\Pipeline\\Pipeline.php(183): Illuminate\\Routing\\Middleware\\SubstituteBindings->handle(Object(Illuminate\\Http\\Request), Object(Closure))
#28 C:\\Users\\User\\Desktop\\ING DAVID VEGA\\FULLSTACK\\MundoNavidenio365\\vendor\\laravel\\framework\\src\\Illuminate\\Auth\\Middleware\\Authenticate.php(57): Illuminate\\Pipeline\\Pipeline->Illuminate\\Pipeline\\{closure}(Object(Illuminate\\Http\\Request))
#29 C:\\Users\\User\\Desktop\\ING DAVID VEGA\\FULLSTACK\\MundoNavidenio365\\vendor\\laravel\\framework\\src\\Illuminate\\Pipeline\\Pipeline.php(183): Illuminate\\Auth\\Middleware\\Authenticate->handle(Object(Illuminate\\Http\\Request), Object(Closure))
#30 C:\\Users\\User\\Desktop\\ING DAVID VEGA\\FULLSTACK\\MundoNavidenio365\\vendor\\laravel\\framework\\src\\Illuminate\\Foundation\\Http\\Middleware\\VerifyCsrfToken.php(78): Illuminate\\Pipeline\\Pipeline->Illuminate\\Pipeline\\{closure}(Object(Illuminate\\Http\\Request))
#31 C:\\Users\\User\\Desktop\\ING DAVID VEGA\\FULLSTACK\\MundoNavidenio365\\vendor\\laravel\\framework\\src\\Illuminate\\Pipeline\\Pipeline.php(183): Illuminate\\Foundation\\Http\\Middleware\\VerifyCsrfToken->handle(Object(Illuminate\\Http\\Request), Object(Closure))
#32 C:\\Users\\User\\Desktop\\ING DAVID VEGA\\FULLSTACK\\MundoNavidenio365\\vendor\\laravel\\framework\\src\\Illuminate\\View\\Middleware\\ShareErrorsFromSession.php(49): Illuminate\\Pipeline\\Pipeline->Illuminate\\Pipeline\\{closure}(Object(Illuminate\\Http\\Request))
#33 C:\\Users\\User\\Desktop\\ING DAVID VEGA\\FULLSTACK\\MundoNavidenio365\\vendor\\laravel\\framework\\src\\Illuminate\\Pipeline\\Pipeline.php(183): Illuminate\\View\\Middleware\\ShareErrorsFromSession->handle(Object(Illuminate\\Http\\Request), Object(Closure))
#34 C:\\Users\\User\\Desktop\\ING DAVID VEGA\\FULLSTACK\\MundoNavidenio365\\vendor\\laravel\\framework\\src\\Illuminate\\Session\\Middleware\\StartSession.php(121): Illuminate\\Pipeline\\Pipeline->Illuminate\\Pipeline\\{closure}(Object(Illuminate\\Http\\Request))
#35 C:\\Users\\User\\Desktop\\ING DAVID VEGA\\FULLSTACK\\MundoNavidenio365\\vendor\\laravel\\framework\\src\\Illuminate\\Session\\Middleware\\StartSession.php(64): Illuminate\\Session\\Middleware\\StartSession->handleStatefulRequest(Object(Illuminate\\Http\\Request), Object(Illuminate\\Session\\Store), Object(Closure))
#36 C:\\Users\\User\\Desktop\\ING DAVID VEGA\\FULLSTACK\\MundoNavidenio365\\vendor\\laravel\\framework\\src\\Illuminate\\Pipeline\\Pipeline.php(183): Illuminate\\Session\\Middleware\\StartSession->handle(Object(Illuminate\\Http\\Request), Object(Closure))
#37 C:\\Users\\User\\Desktop\\ING DAVID VEGA\\FULLSTACK\\MundoNavidenio365\\vendor\\laravel\\framework\\src\\Illuminate\\Cookie\\Middleware\\AddQueuedCookiesToResponse.php(37): Illuminate\\Pipeline\\Pipeline->Illuminate\\Pipeline\\{closure}(Object(Illuminate\\Http\\Request))
#38 C:\\Users\\User\\Desktop\\ING DAVID VEGA\\FULLSTACK\\MundoNavidenio365\\vendor\\laravel\\framework\\src\\Illuminate\\Pipeline\\Pipeline.php(183): Illuminate\\Cookie\\Middleware\\AddQueuedCookiesToResponse->handle(Object(Illuminate\\Http\\Request), Object(Closure))
#39 C:\\Users\\User\\Desktop\\ING DAVID VEGA\\FULLSTACK\\MundoNavidenio365\\vendor\\laravel\\framework\\src\\Illuminate\\Cookie\\Middleware\\EncryptCookies.php(67): Illuminate\\Pipeline\\Pipeline->Illuminate\\Pipeline\\{closure}(Object(Illuminate\\Http\\Request))
#40 C:\\Users\\User\\Desktop\\ING DAVID VEGA\\FULLSTACK\\MundoNavidenio365\\vendor\\laravel\\framework\\src\\Illuminate\\Pipeline\\Pipeline.php(183): Illuminate\\Cookie\\Middleware\\EncryptCookies->handle(Object(Illuminate\\Http\\Request), Object(Closure))
#41 C:\\Users\\User\\Desktop\\ING DAVID VEGA\\FULLSTACK\\MundoNavidenio365\\vendor\\laravel\\framework\\src\\Illuminate\\Pipeline\\Pipeline.php(119): Illuminate\\Pipeline\\Pipeline->Illuminate\\Pipeline\\{closure}(Object(Illuminate\\Http\\Request))
#42 C:\\Users\\User\\Desktop\\ING DAVID VEGA\\FULLSTACK\\MundoNavidenio365\\vendor\\laravel\\framework\\src\\Illuminate\\Routing\\Router.php(805): Illuminate\\Pipeline\\Pipeline->then(Object(Closure))
#43 C:\\Users\\User\\Desktop\\ING DAVID VEGA\\FULLSTACK\\MundoNavidenio365\\vendor\\laravel\\framework\\src\\Illuminate\\Routing\\Router.php(784): Illuminate\\Routing\\Router->runRouteWithinStack(Object(Illuminate\\Routing\\Route), Object(Illuminate\\Http\\Request))
#44 C:\\Users\\User\\Desktop\\ING DAVID VEGA\\FULLSTACK\\MundoNavidenio365\\vendor\\laravel\\framework\\src\\Illuminate\\Routing\\Router.php(748): Illuminate\\Routing\\Router->runRoute(Object(Illuminate\\Http\\Request), Object(Illuminate\\Routing\\Route))
#45 C:\\Users\\User\\Desktop\\ING DAVID VEGA\\FULLSTACK\\MundoNavidenio365\\vendor\\laravel\\framework\\src\\Illuminate\\Routing\\Router.php(737): Illuminate\\Routing\\Router->dispatchToRoute(Object(Illuminate\\Http\\Request))
#46 C:\\Users\\User\\Desktop\\ING DAVID VEGA\\FULLSTACK\\MundoNavidenio365\\vendor\\laravel\\framework\\src\\Illuminate\\Foundation\\Http\\Kernel.php(200): Illuminate\\Routing\\Router->dispatch(Object(Illuminate\\Http\\Request))
#47 C:\\Users\\User\\Desktop\\ING DAVID VEGA\\FULLSTACK\\MundoNavidenio365\\vendor\\laravel\\framework\\src\\Illuminate\\Pipeline\\Pipeline.php(144): Illuminate\\Foundation\\Http\\Kernel->Illuminate\\Foundation\\Http\\{closure}(Object(Illuminate\\Http\\Request))
#48 C:\\Users\\User\\Desktop\\ING DAVID VEGA\\FULLSTACK\\MundoNavidenio365\\vendor\\laravel\\framework\\src\\Illuminate\\Foundation\\Http\\Middleware\\TransformsRequest.php(21): Illuminate\\Pipeline\\Pipeline->Illuminate\\Pipeline\\{closure}(Object(Illuminate\\Http\\Request))
#49 C:\\Users\\User\\Desktop\\ING DAVID VEGA\\FULLSTACK\\MundoNavidenio365\\vendor\\laravel\\framework\\src\\Illuminate\\Foundation\\Http\\Middleware\\ConvertEmptyStringsToNull.php(31): Illuminate\\Foundation\\Http\\Middleware\\TransformsRequest->handle(Object(Illuminate\\Http\\Request), Object(Closure))
#50 C:\\Users\\User\\Desktop\\ING DAVID VEGA\\FULLSTACK\\MundoNavidenio365\\vendor\\laravel\\framework\\src\\Illuminate\\Pipeline\\Pipeline.php(183): Illuminate\\Foundation\\Http\\Middleware\\ConvertEmptyStringsToNull->handle(Object(Illuminate\\Http\\Request), Object(Closure))
#51 C:\\Users\\User\\Desktop\\ING DAVID VEGA\\FULLSTACK\\MundoNavidenio365\\vendor\\laravel\\framework\\src\\Illuminate\\Foundation\\Http\\Middleware\\TransformsRequest.php(21): Illuminate\\Pipeline\\Pipeline->Illuminate\\Pipeline\\{closure}(Object(Illuminate\\Http\\Request))
#52 C:\\Users\\User\\Desktop\\ING DAVID VEGA\\FULLSTACK\\MundoNavidenio365\\vendor\\laravel\\framework\\src\\Illuminate\\Foundation\\Http\\Middleware\\TrimStrings.php(40): Illuminate\\Foundation\\Http\\Middleware\\TransformsRequest->handle(Object(Illuminate\\Http\\Request), Object(Closure))
#53 C:\\Users\\User\\Desktop\\ING DAVID VEGA\\FULLSTACK\\MundoNavidenio365\\vendor\\laravel\\framework\\src\\Illuminate\\Pipeline\\Pipeline.php(183): Illuminate\\Foundation\\Http\\Middleware\\TrimStrings->handle(Object(Illuminate\\Http\\Request), Object(Closure))
#54 C:\\Users\\User\\Desktop\\ING DAVID VEGA\\FULLSTACK\\MundoNavidenio365\\vendor\\laravel\\framework\\src\\Illuminate\\Foundation\\Http\\Middleware\\ValidatePostSize.php(27): Illuminate\\Pipeline\\Pipeline->Illuminate\\Pipeline\\{closure}(Object(Illuminate\\Http\\Request))
#55 C:\\Users\\User\\Desktop\\ING DAVID VEGA\\FULLSTACK\\MundoNavidenio365\\vendor\\laravel\\framework\\src\\Illuminate\\Pipeline\\Pipeline.php(183): Illuminate\\Foundation\\Http\\Middleware\\ValidatePostSize->handle(Object(Illuminate\\Http\\Request), Object(Closure))
#56 C:\\Users\\User\\Desktop\\ING DAVID VEGA\\FULLSTACK\\MundoNavidenio365\\vendor\\laravel\\framework\\src\\Illuminate\\Foundation\\Http\\Middleware\\PreventRequestsDuringMaintenance.php(99): Illuminate\\Pipeline\\Pipeline->Illuminate\\Pipeline\\{closure}(Object(Illuminate\\Http\\Request))
#57 C:\\Users\\User\\Desktop\\ING DAVID VEGA\\FULLSTACK\\MundoNavidenio365\\vendor\\laravel\\framework\\src\\Illuminate\\Pipeline\\Pipeline.php(183): Illuminate\\Foundation\\Http\\Middleware\\PreventRequestsDuringMaintenance->handle(Object(Illuminate\\Http\\Request), Object(Closure))
#58 C:\\Users\\User\\Desktop\\ING DAVID VEGA\\FULLSTACK\\MundoNavidenio365\\vendor\\laravel\\framework\\src\\Illuminate\\Http\\Middleware\\HandleCors.php(49): Illuminate\\Pipeline\\Pipeline->Illuminate\\Pipeline\\{closure}(Object(Illuminate\\Http\\Request))
#59 C:\\Users\\User\\Desktop\\ING DAVID VEGA\\FULLSTACK\\MundoNavidenio365\\vendor\\laravel\\framework\\src\\Illuminate\\Pipeline\\Pipeline.php(183): Illuminate\\Http\\Middleware\\HandleCors->handle(Object(Illuminate\\Http\\Request), Object(Closure))
#60 C:\\Users\\User\\Desktop\\ING DAVID VEGA\\FULLSTACK\\MundoNavidenio365\\vendor\\laravel\\framework\\src\\Illuminate\\Http\\Middleware\\TrustProxies.php(39): Illuminate\\Pipeline\\Pipeline->Illuminate\\Pipeline\\{closure}(Object(Illuminate\\Http\\Request))
#61 C:\\Users\\User\\Desktop\\ING DAVID VEGA\\FULLSTACK\\MundoNavidenio365\\vendor\\laravel\\framework\\src\\Illuminate\\Pipeline\\Pipeline.php(183): Illuminate\\Http\\Middleware\\TrustProxies->handle(Object(Illuminate\\Http\\Request), Object(Closure))
#62 C:\\Users\\User\\Desktop\\ING DAVID VEGA\\FULLSTACK\\MundoNavidenio365\\vendor\\laravel\\framework\\src\\Illuminate\\Pipeline\\Pipeline.php(119): Illuminate\\Pipeline\\Pipeline->Illuminate\\Pipeline\\{closure}(Object(Illuminate\\Http\\Request))
#63 C:\\Users\\User\\Desktop\\ING DAVID VEGA\\FULLSTACK\\MundoNavidenio365\\vendor\\laravel\\framework\\src\\Illuminate\\Foundation\\Http\\Kernel.php(175): Illuminate\\Pipeline\\Pipeline->then(Object(Closure))
#64 C:\\Users\\User\\Desktop\\ING DAVID VEGA\\FULLSTACK\\MundoNavidenio365\\vendor\\laravel\\framework\\src\\Illuminate\\Foundation\\Http\\Kernel.php(144): Illuminate\\Foundation\\Http\\Kernel->sendRequestThroughRouter(Object(Illuminate\\Http\\Request))
#65 C:\\Users\\User\\Desktop\\ING DAVID VEGA\\FULLSTACK\\MundoNavidenio365\\public\\index.php(51): Illuminate\\Foundation\\Http\\Kernel->handle(Object(Illuminate\\Http\\Request))
#66 C:\\Users\\User\\Desktop\\ING DAVID VEGA\\FULLSTACK\\MundoNavidenio365\\vendor\\laravel\\framework\\src\\Illuminate\\Foundation\\resources\\server.php(16): require_once('C:\\\\Users\\\\User\\\\D...')
#67 {main}
"} 
[2026-09-28 12:23:47] local.ERROR: SQLSTATE[42S02]: Base table or view not found: 1146 Table 'mundonav_navidad.venta_tarjetas' doesn't exist (Connection: mysql, SQL: delete from `venta_tarjetas` where `venta_id` = 10) {"userId":2,"exception":"[object] (Illuminate\\Database\\QueryException(code: 42S02): SQLSTATE[42S02]: Base table or view not found: 1146 Table 'mundonav_navidad.venta_tarjetas' doesn't exist (Connection: mysql, SQL: delete from `venta_tarjetas` where `venta_id` = 10) at C:\\Users\\User\\Desktop\\ING DAVID VEGA\\FULLSTACK\\MundoNavidenio365\\vendor\\laravel\\framework\\src\\Illuminate\\Database\\Connection.php:829)
[stacktrace]
#0 C:\\Users\\User\\Desktop\\ING DAVID VEGA\\FULLSTACK\\MundoNavidenio365\\vendor\\laravel\\framework\\src\\Illuminate\\Database\\Connection.php(783): Illuminate\\Database\\Connection->runQueryCallback('delete from `ve...', Array, Object(Closure))
#1 C:\\Users\\User\\Desktop\\ING DAVID VEGA\\FULLSTACK\\MundoNavidenio365\\vendor\\laravel\\framework\\src\\Illuminate\\Database\\Connection.php(600): Illuminate\\Database\\Connection->run('delete from `ve...', Array, Object(Closure))
#2 C:\\Users\\User\\Desktop\\ING DAVID VEGA\\FULLSTACK\\MundoNavidenio365\\vendor\\laravel\\framework\\src\\Illuminate\\Database\\Connection.php(564): Illuminate\\Database\\Connection->affectingStatement('delete from `ve...', Array)
#3 C:\\Users\\User\\Desktop\\ING DAVID VEGA\\FULLSTACK\\MundoNavidenio365\\vendor\\laravel\\framework\\src\\Illuminate\\Database\\Query\\Builder.php(3796): Illuminate\\Database\\Connection->delete('delete from `ve...', Array)
#4 C:\\Users\\User\\Desktop\\ING DAVID VEGA\\FULLSTACK\\MundoNavidenio365\\vendor\\laravel\\framework\\src\\Illuminate\\Database\\Eloquent\\Builder.php(1273): Illuminate\\Database\\Query\\Builder->delete()
#5 C:\\Users\\User\\Desktop\\ING DAVID VEGA\\FULLSTACK\\MundoNavidenio365\\app\\Http\\Controllers\\Ventas\\VendedorController.php(814): Illuminate\\Database\\Eloquent\\Builder->delete()
#6 C:\\Users\\User\\Desktop\\ING DAVID VEGA\\FULLSTACK\\MundoNavidenio365\\vendor\\laravel\\framework\\src\\Illuminate\\Database\\Concerns\\ManagesTransactions.php(30): App\\Http\\Controllers\\Ventas\\VendedorController->App\\Http\\Controllers\\Ventas\\{closure}(Object(Illuminate\\Database\\MySqlConnection))
#7 C:\\Users\\User\\Desktop\\ING DAVID VEGA\\FULLSTACK\\MundoNavidenio365\\vendor\\laravel\\framework\\src\\Illuminate\\Database\\DatabaseManager.php(509): Illuminate\\Database\\Connection->transaction(Object(Closure))
#8 C:\\Users\\User\\Desktop\\ING DAVID VEGA\\FULLSTACK\\MundoNavidenio365\\vendor\\laravel\\framework\\src\\Illuminate\\Support\\Facades\\Facade.php(355): Illuminate\\Database\\DatabaseManager->__call('transaction', Array)
#9 C:\\Users\\User\\Desktop\\ING DAVID VEGA\\FULLSTACK\\MundoNavidenio365\\app\\Http\\Controllers\\Ventas\\VendedorController.php(733): Illuminate\\Support\\Facades\\Facade::__callStatic('transaction', Array)
#10 C:\\Users\\User\\Desktop\\ING DAVID VEGA\\FULLSTACK\\MundoNavidenio365\\vendor\\laravel\\framework\\src\\Illuminate\\Routing\\Controller.php(54): App\\Http\\Controllers\\Ventas\\VendedorController->guardarPagos(Object(Illuminate\\Http\\Request), 'nueva')
#11 C:\\Users\\User\\Desktop\\ING DAVID VEGA\\FULLSTACK\\MundoNavidenio365\\vendor\\laravel\\framework\\src\\Illuminate\\Routing\\ControllerDispatcher.php(43): Illuminate\\Routing\\Controller->callAction('guardarPagos', Array)
#12 C:\\Users\\User\\Desktop\\ING DAVID VEGA\\FULLSTACK\\MundoNavidenio365\\vendor\\laravel\\framework\\src\\Illuminate\\Routing\\Route.php(259): Illuminate\\Routing\\ControllerDispatcher->dispatch(Object(Illuminate\\Routing\\Route), Object(App\\Http\\Controllers\\Ventas\\VendedorController), 'guardarPagos')
#13 C:\\Users\\User\\Desktop\\ING DAVID VEGA\\FULLSTACK\\MundoNavidenio365\\vendor\\laravel\\framework\\src\\Illuminate\\Routing\\Route.php(205): Illuminate\\Routing\\Route->runController()
#14 C:\\Users\\User\\Desktop\\ING DAVID VEGA\\FULLSTACK\\MundoNavidenio365\\vendor\\laravel\\framework\\src\\Illuminate\\Routing\\Router.php(806): Illuminate\\Routing\\Route->run()
#15 C:\\Users\\User\\Desktop\\ING DAVID VEGA\\FULLSTACK\\MundoNavidenio365\\vendor\\laravel\\framework\\src\\Illuminate\\Pipeline\\Pipeline.php(144): Illuminate\\Routing\\Router->Illuminate\\Routing\\{closure}(Object(Illuminate\\Http\\Request))
#16 C:\\Users\\User\\Desktop\\ING DAVID VEGA\\FULLSTACK\\MundoNavidenio365\\app\\Http\\Middleware\\RoleMiddleware.php(32): Illuminate\\Pipeline\\Pipeline->Illuminate\\Pipeline\\{closure}(Object(Illuminate\\Http\\Request))
#17 C:\\Users\\User\\Desktop\\ING DAVID VEGA\\FULLSTACK\\MundoNavidenio365\\vendor\\laravel\\framework\\src\\Illuminate\\Pipeline\\Pipeline.php(183): App\\Http\\Middleware\\RoleMiddleware->handle(Object(Illuminate\\Http\\Request), Object(Closure), 'Ventas')
#18 C:\\Users\\User\\Desktop\\ING DAVID VEGA\\FULLSTACK\\MundoNavidenio365\\vendor\\laravel\\framework\\src\\Illuminate\\Auth\\Middleware\\EnsureEmailIsVerified.php(41): Illuminate\\Pipeline\\Pipeline->Illuminate\\Pipeline\\{closure}(Object(Illuminate\\Http\\Request))
#19 C:\\Users\\User\\Desktop\\ING DAVID VEGA\\FULLSTACK\\MundoNavidenio365\\vendor\\laravel\\framework\\src\\Illuminate\\Pipeline\\Pipeline.php(183): Illuminate\\Auth\\Middleware\\EnsureEmailIsVerified->handle(Object(Illuminate\\Http\\Request), Object(Closure))
#20 C:\\Users\\User\\Desktop\\ING DAVID VEGA\\FULLSTACK\\MundoNavidenio365\\vendor\\laravel\\framework\\src\\Illuminate\\Http\\Middleware\\AddLinkHeadersForPreloadedAssets.php(20): Illuminate\\Pipeline\\Pipeline->Illuminate\\Pipeline\\{closure}(Object(Illuminate\\Http\\Request))
#21 C:\\Users\\User\\Desktop\\ING DAVID VEGA\\FULLSTACK\\MundoNavidenio365\\vendor\\laravel\\framework\\src\\Illuminate\\Pipeline\\Pipeline.php(183): Illuminate\\Http\\Middleware\\AddLinkHeadersForPreloadedAssets->handle(Object(Illuminate\\Http\\Request), Object(Closure))
#22 C:\\Users\\User\\Desktop\\ING DAVID VEGA\\FULLSTACK\\MundoNavidenio365\\vendor\\inertiajs\\inertia-laravel\\src\\Middleware.php(87): Illuminate\\Pipeline\\Pipeline->Illuminate\\Pipeline\\{closure}(Object(Illuminate\\Http\\Request))
#23 C:\\Users\\User\\Desktop\\ING DAVID VEGA\\FULLSTACK\\MundoNavidenio365\\vendor\\laravel\\framework\\src\\Illuminate\\Pipeline\\Pipeline.php(183): Inertia\\Middleware->handle(Object(Illuminate\\Http\\Request), Object(Closure))
#24 C:\\Users\\User\\Desktop\\ING DAVID VEGA\\FULLSTACK\\MundoNavidenio365\\vendor\\laravel\\framework\\src\\Illuminate\\Routing\\Middleware\\SubstituteBindings.php(50): Illuminate\\Pipeline\\Pipeline->Illuminate\\Pipeline\\{closure}(Object(Illuminate\\Http\\Request))
#25 C:\\Users\\User\\Desktop\\ING DAVID VEGA\\FULLSTACK\\MundoNavidenio365\\vendor\\laravel\\framework\\src\\Illuminate\\Pipeline\\Pipeline.php(183): Illuminate\\Routing\\Middleware\\SubstituteBindings->handle(Object(Illuminate\\Http\\Request), Object(Closure))
#26 C:\\Users\\User\\Desktop\\ING DAVID VEGA\\FULLSTACK\\MundoNavidenio365\\vendor\\laravel\\framework\\src\\Illuminate\\Auth\\Middleware\\Authenticate.php(57): Illuminate\\Pipeline\\Pipeline->Illuminate\\Pipeline\\{closure}(Object(Illuminate\\Http\\Request))
#27 C:\\Users\\User\\Desktop\\ING DAVID VEGA\\FULLSTACK\\MundoNavidenio365\\vendor\\laravel\\framework\\src\\Illuminate\\Pipeline\\Pipeline.php(183): Illuminate\\Auth\\Middleware\\Authenticate->handle(Object(Illuminate\\Http\\Request), Object(Closure))
#28 C:\\Users\\User\\Desktop\\ING DAVID VEGA\\FULLSTACK\\MundoNavidenio365\\vendor\\laravel\\framework\\src\\Illuminate\\Foundation\\Http\\Middleware\\VerifyCsrfToken.php(78): Illuminate\\Pipeline\\Pipeline->Illuminate\\Pipeline\\{closure}(Object(Illuminate\\Http\\Request))
#29 C:\\Users\\User\\Desktop\\ING DAVID VEGA\\FULLSTACK\\MundoNavidenio365\\vendor\\laravel\\framework\\src\\Illuminate\\Pipeline\\Pipeline.php(183): Illuminate\\Foundation\\Http\\Middleware\\VerifyCsrfToken->handle(Object(Illuminate\\Http\\Request), Object(Closure))
#30 C:\\Users\\User\\Desktop\\ING DAVID VEGA\\FULLSTACK\\MundoNavidenio365\\vendor\\laravel\\framework\\src\\Illuminate\\View\\Middleware\\ShareErrorsFromSession.php(49): Illuminate\\Pipeline\\Pipeline->Illuminate\\Pipeline\\{closure}(Object(Illuminate\\Http\\Request))
#31 C:\\Users\\User\\Desktop\\ING DAVID VEGA\\FULLSTACK\\MundoNavidenio365\\vendor\\laravel\\framework\\src\\Illuminate\\Pipeline\\Pipeline.php(183): Illuminate\\View\\Middleware\\ShareErrorsFromSession->handle(Object(Illuminate\\Http\\Request), Object(Closure))
#32 C:\\Users\\User\\Desktop\\ING DAVID VEGA\\FULLSTACK\\MundoNavidenio365\\vendor\\laravel\\framework\\src\\Illuminate\\Session\\Middleware\\StartSession.php(121): Illuminate\\Pipeline\\Pipeline->Illuminate\\Pipeline\\{closure}(Object(Illuminate\\Http\\Request))
#33 C:\\Users\\User\\Desktop\\ING DAVID VEGA\\FULLSTACK\\MundoNavidenio365\\vendor\\laravel\\framework\\src\\Illuminate\\Session\\Middleware\\StartSession.php(64): Illuminate\\Session\\Middleware\\StartSession->handleStatefulRequest(Object(Illuminate\\Http\\Request), Object(Illuminate\\Session\\Store), Object(Closure))
#34 C:\\Users\\User\\Desktop\\ING DAVID VEGA\\FULLSTACK\\MundoNavidenio365\\vendor\\laravel\\framework\\src\\Illuminate\\Pipeline\\Pipeline.php(183): Illuminate\\Session\\Middleware\\StartSession->handle(Object(Illuminate\\Http\\Request), Object(Closure))
#35 C:\\Users\\User\\Desktop\\ING DAVID VEGA\\FULLSTACK\\MundoNavidenio365\\vendor\\laravel\\framework\\src\\Illuminate\\Cookie\\Middleware\\AddQueuedCookiesToResponse.php(37): Illuminate\\Pipeline\\Pipeline->Illuminate\\Pipeline\\{closure}(Object(Illuminate\\Http\\Request))
#36 C:\\Users\\User\\Desktop\\ING DAVID VEGA\\FULLSTACK\\MundoNavidenio365\\vendor\\laravel\\framework\\src\\Illuminate\\Pipeline\\Pipeline.php(183): Illuminate\\Cookie\\Middleware\\AddQueuedCookiesToResponse->handle(Object(Illuminate\\Http\\Request), Object(Closure))
#37 C:\\Users\\User\\Desktop\\ING DAVID VEGA\\FULLSTACK\\MundoNavidenio365\\vendor\\laravel\\framework\\src\\Illuminate\\Cookie\\Middleware\\EncryptCookies.php(67): Illuminate\\Pipeline\\Pipeline->Illuminate\\Pipeline\\{closure}(Object(Illuminate\\Http\\Request))
#38 C:\\Users\\User\\Desktop\\ING DAVID VEGA\\FULLSTACK\\MundoNavidenio365\\vendor\\laravel\\framework\\src\\Illuminate\\Pipeline\\Pipeline.php(183): Illuminate\\Cookie\\Middleware\\EncryptCookies->handle(Object(Illuminate\\Http\\Request), Object(Closure))
#39 C:\\Users\\User\\Desktop\\ING DAVID VEGA\\FULLSTACK\\MundoNavidenio365\\vendor\\laravel\\framework\\src\\Illuminate\\Pipeline\\Pipeline.php(119): Illuminate\\Pipeline\\Pipeline->Illuminate\\Pipeline\\{closure}(Object(Illuminate\\Http\\Request))
#40 C:\\Users\\User\\Desktop\\ING DAVID VEGA\\FULLSTACK\\MundoNavidenio365\\vendor\\laravel\\framework\\src\\Illuminate\\Routing\\Router.php(805): Illuminate\\Pipeline\\Pipeline->then(Object(Closure))
#41 C:\\Users\\User\\Desktop\\ING DAVID VEGA\\FULLSTACK\\MundoNavidenio365\\vendor\\laravel\\framework\\src\\Illuminate\\Routing\\Router.php(784): Illuminate\\Routing\\Router->runRouteWithinStack(Object(Illuminate\\Routing\\Route), Object(Illuminate\\Http\\Request))
#42 C:\\Users\\User\\Desktop\\ING DAVID VEGA\\FULLSTACK\\MundoNavidenio365\\vendor\\laravel\\framework\\src\\Illuminate\\Routing\\Router.php(748): Illuminate\\Routing\\Router->runRoute(Object(Illuminate\\Http\\Request), Object(Illuminate\\Routing\\Route))
#43 C:\\Users\\User\\Desktop\\ING DAVID VEGA\\FULLSTACK\\MundoNavidenio365\\vendor\\laravel\\framework\\src\\Illuminate\\Routing\\Router.php(737): Illuminate\\Routing\\Router->dispatchToRoute(Object(Illuminate\\Http\\Request))
#44 C:\\Users\\User\\Desktop\\ING DAVID VEGA\\FULLSTACK\\MundoNavidenio365\\vendor\\laravel\\framework\\src\\Illuminate\\Foundation\\Http\\Kernel.php(200): Illuminate\\Routing\\Router->dispatch(Object(Illuminate\\Http\\Request))
#45 C:\\Users\\User\\Desktop\\ING DAVID VEGA\\FULLSTACK\\MundoNavidenio365\\vendor\\laravel\\framework\\src\\Illuminate\\Pipeline\\Pipeline.php(144): Illuminate\\Foundation\\Http\\Kernel->Illuminate\\Foundation\\Http\\{closure}(Object(Illuminate\\Http\\Request))
#46 C:\\Users\\User\\Desktop\\ING DAVID VEGA\\FULLSTACK\\MundoNavidenio365\\vendor\\laravel\\framework\\src\\Illuminate\\Foundation\\Http\\Middleware\\TransformsRequest.php(21): Illuminate\\Pipeline\\Pipeline->Illuminate\\Pipeline\\{closure}(Object(Illuminate\\Http\\Request))
#47 C:\\Users\\User\\Desktop\\ING DAVID VEGA\\FULLSTACK\\MundoNavidenio365\\vendor\\laravel\\framework\\src\\Illuminate\\Foundation\\Http\\Middleware\\ConvertEmptyStringsToNull.php(31): Illuminate\\Foundation\\Http\\Middleware\\TransformsRequest->handle(Object(Illuminate\\Http\\Request), Object(Closure))
#48 C:\\Users\\User\\Desktop\\ING DAVID VEGA\\FULLSTACK\\MundoNavidenio365\\vendor\\laravel\\framework\\src\\Illuminate\\Pipeline\\Pipeline.php(183): Illuminate\\Foundation\\Http\\Middleware\\ConvertEmptyStringsToNull->handle(Object(Illuminate\\Http\\Request), Object(Closure))
#49 C:\\Users\\User\\Desktop\\ING DAVID VEGA\\FULLSTACK\\MundoNavidenio365\\vendor\\laravel\\framework\\src\\Illuminate\\Foundation\\Http\\Middleware\\TransformsRequest.php(21): Illuminate\\Pipeline\\Pipeline->Illuminate\\Pipeline\\{closure}(Object(Illuminate\\Http\\Request))
#50 C:\\Users\\User\\Desktop\\ING DAVID VEGA\\FULLSTACK\\MundoNavidenio365\\vendor\\laravel\\framework\\src\\Illuminate\\Foundation\\Http\\Middleware\\TrimStrings.php(40): Illuminate\\Foundation\\Http\\Middleware\\TransformsRequest->handle(Object(Illuminate\\Http\\Request), Object(Closure))
#51 C:\\Users\\User\\Desktop\\ING DAVID VEGA\\FULLSTACK\\MundoNavidenio365\\vendor\\laravel\\framework\\src\\Illuminate\\Pipeline\\Pipeline.php(183): Illuminate\\Foundation\\Http\\Middleware\\TrimStrings->handle(Object(Illuminate\\Http\\Request), Object(Closure))
#52 C:\\Users\\User\\Desktop\\ING DAVID VEGA\\FULLSTACK\\MundoNavidenio365\\vendor\\laravel\\framework\\src\\Illuminate\\Foundation\\Http\\Middleware\\ValidatePostSize.php(27): Illuminate\\Pipeline\\Pipeline->Illuminate\\Pipeline\\{closure}(Object(Illuminate\\Http\\Request))
#53 C:\\Users\\User\\Desktop\\ING DAVID VEGA\\FULLSTACK\\MundoNavidenio365\\vendor\\laravel\\framework\\src\\Illuminate\\Pipeline\\Pipeline.php(183): Illuminate\\Foundation\\Http\\Middleware\\ValidatePostSize->handle(Object(Illuminate\\Http\\Request), Object(Closure))
#54 C:\\Users\\User\\Desktop\\ING DAVID VEGA\\FULLSTACK\\MundoNavidenio365\\vendor\\laravel\\framework\\src\\Illuminate\\Foundation\\Http\\Middleware\\PreventRequestsDuringMaintenance.php(99): Illuminate\\Pipeline\\Pipeline->Illuminate\\Pipeline\\{closure}(Object(Illuminate\\Http\\Request))
#55 C:\\Users\\User\\Desktop\\ING DAVID VEGA\\FULLSTACK\\MundoNavidenio365\\vendor\\laravel\\framework\\src\\Illuminate\\Pipeline\\Pipeline.php(183): Illuminate\\Foundation\\Http\\Middleware\\PreventRequestsDuringMaintenance->handle(Object(Illuminate\\Http\\Request), Object(Closure))
#56 C:\\Users\\User\\Desktop\\ING DAVID VEGA\\FULLSTACK\\MundoNavidenio365\\vendor\\laravel\\framework\\src\\Illuminate\\Http\\Middleware\\HandleCors.php(49): Illuminate\\Pipeline\\Pipeline->Illuminate\\Pipeline\\{closure}(Object(Illuminate\\Http\\Request))
#57 C:\\Users\\User\\Desktop\\ING DAVID VEGA\\FULLSTACK\\MundoNavidenio365\\vendor\\laravel\\framework\\src\\Illuminate\\Pipeline\\Pipeline.php(183): Illuminate\\Http\\Middleware\\HandleCors->handle(Object(Illuminate\\Http\\Request), Object(Closure))
#58 C:\\Users\\User\\Desktop\\ING DAVID VEGA\\FULLSTACK\\MundoNavidenio365\\vendor\\laravel\\framework\\src\\Illuminate\\Http\\Middleware\\TrustProxies.php(39): Illuminate\\Pipeline\\Pipeline->Illuminate\\Pipeline\\{closure}(Object(Illuminate\\Http\\Request))
#59 C:\\Users\\User\\Desktop\\ING DAVID VEGA\\FULLSTACK\\MundoNavidenio365\\vendor\\laravel\\framework\\src\\Illuminate\\Pipeline\\Pipeline.php(183): Illuminate\\Http\\Middleware\\TrustProxies->handle(Object(Illuminate\\Http\\Request), Object(Closure))
#60 C:\\Users\\User\\Desktop\\ING DAVID VEGA\\FULLSTACK\\MundoNavidenio365\\vendor\\laravel\\framework\\src\\Illuminate\\Pipeline\\Pipeline.php(119): Illuminate\\Pipeline\\Pipeline->Illuminate\\Pipeline\\{closure}(Object(Illuminate\\Http\\Request))
#61 C:\\Users\\User\\Desktop\\ING DAVID VEGA\\FULLSTACK\\MundoNavidenio365\\vendor\\laravel\\framework\\src\\Illuminate\\Foundation\\Http\\Kernel.php(175): Illuminate\\Pipeline\\Pipeline->then(Object(Closure))
#62 C:\\Users\\User\\Desktop\\ING DAVID VEGA\\FULLSTACK\\MundoNavidenio365\\vendor\\laravel\\framework\\src\\Illuminate\\Foundation\\Http\\Kernel.php(144): Illuminate\\Foundation\\Http\\Kernel->sendRequestThroughRouter(Object(Illuminate\\Http\\Request))
#63 C:\\Users\\User\\Desktop\\ING DAVID VEGA\\FULLSTACK\\MundoNavidenio365\\public\\index.php(51): Illuminate\\Foundation\\Http\\Kernel->handle(Object(Illuminate\\Http\\Request))
#64 C:\\Users\\User\\Desktop\\ING DAVID VEGA\\FULLSTACK\\MundoNavidenio365\\vendor\\laravel\\framework\\src\\Illuminate\\Foundation\\resources\\server.php(16): require_once('C:\\\\Users\\\\User\\\\D...')
#65 {main}

[previous exception] [object] (PDOException(code: 42S02): SQLSTATE[42S02]: Base table or view not found: 1146 Table 'mundonav_navidad.venta_tarjetas' doesn't exist at C:\\Users\\User\\Desktop\\ING DAVID VEGA\\FULLSTACK\\MundoNavidenio365\\vendor\\laravel\\framework\\src\\Illuminate\\Database\\Connection.php:608)
[stacktrace]
#0 C:\\Users\\User\\Desktop\\ING DAVID VEGA\\FULLSTACK\\MundoNavidenio365\\vendor\\laravel\\framework\\src\\Illuminate\\Database\\Connection.php(608): PDO->prepare('delete from `ve...')
#1 C:\\Users\\User\\Desktop\\ING DAVID VEGA\\FULLSTACK\\MundoNavidenio365\\vendor\\laravel\\framework\\src\\Illuminate\\Database\\Connection.php(816): Illuminate\\Database\\Connection->Illuminate\\Database\\{closure}('delete from `ve...', Array)
#2 C:\\Users\\User\\Desktop\\ING DAVID VEGA\\FULLSTACK\\MundoNavidenio365\\vendor\\laravel\\framework\\src\\Illuminate\\Database\\Connection.php(783): Illuminate\\Database\\Connection->runQueryCallback('delete from `ve...', Array, Object(Closure))
#3 C:\\Users\\User\\Desktop\\ING DAVID VEGA\\FULLSTACK\\MundoNavidenio365\\vendor\\laravel\\framework\\src\\Illuminate\\Database\\Connection.php(600): Illuminate\\Database\\Connection->run('delete from `ve...', Array, Object(Closure))
#4 C:\\Users\\User\\Desktop\\ING DAVID VEGA\\FULLSTACK\\MundoNavidenio365\\vendor\\laravel\\framework\\src\\Illuminate\\Database\\Connection.php(564): Illuminate\\Database\\Connection->affectingStatement('delete from `ve...', Array)
#5 C:\\Users\\User\\Desktop\\ING DAVID VEGA\\FULLSTACK\\MundoNavidenio365\\vendor\\laravel\\framework\\src\\Illuminate\\Database\\Query\\Builder.php(3796): Illuminate\\Database\\Connection->delete('delete from `ve...', Array)
#6 C:\\Users\\User\\Desktop\\ING DAVID VEGA\\FULLSTACK\\MundoNavidenio365\\vendor\\laravel\\framework\\src\\Illuminate\\Database\\Eloquent\\Builder.php(1273): Illuminate\\Database\\Query\\Builder->delete()
#7 C:\\Users\\User\\Desktop\\ING DAVID VEGA\\FULLSTACK\\MundoNavidenio365\\app\\Http\\Controllers\\Ventas\\VendedorController.php(814): Illuminate\\Database\\Eloquent\\Builder->delete()
#8 C:\\Users\\User\\Desktop\\ING DAVID VEGA\\FULLSTACK\\MundoNavidenio365\\vendor\\laravel\\framework\\src\\Illuminate\\Database\\Concerns\\ManagesTransactions.php(30): App\\Http\\Controllers\\Ventas\\VendedorController->App\\Http\\Controllers\\Ventas\\{closure}(Object(Illuminate\\Database\\MySqlConnection))
#9 C:\\Users\\User\\Desktop\\ING DAVID VEGA\\FULLSTACK\\MundoNavidenio365\\vendor\\laravel\\framework\\src\\Illuminate\\Database\\DatabaseManager.php(509): Illuminate\\Database\\Connection->transaction(Object(Closure))
#10 C:\\Users\\User\\Desktop\\ING DAVID VEGA\\FULLSTACK\\MundoNavidenio365\\vendor\\laravel\\framework\\src\\Illuminate\\Support\\Facades\\Facade.php(355): Illuminate\\Database\\DatabaseManager->__call('transaction', Array)
#11 C:\\Users\\User\\Desktop\\ING DAVID VEGA\\FULLSTACK\\MundoNavidenio365\\app\\Http\\Controllers\\Ventas\\VendedorController.php(733): Illuminate\\Support\\Facades\\Facade::__callStatic('transaction', Array)
#12 C:\\Users\\User\\Desktop\\ING DAVID VEGA\\FULLSTACK\\MundoNavidenio365\\vendor\\laravel\\framework\\src\\Illuminate\\Routing\\Controller.php(54): App\\Http\\Controllers\\Ventas\\VendedorController->guardarPagos(Object(Illuminate\\Http\\Request), 'nueva')
#13 C:\\Users\\User\\Desktop\\ING DAVID VEGA\\FULLSTACK\\MundoNavidenio365\\vendor\\laravel\\framework\\src\\Illuminate\\Routing\\ControllerDispatcher.php(43): Illuminate\\Routing\\Controller->callAction('guardarPagos', Array)
#14 C:\\Users\\User\\Desktop\\ING DAVID VEGA\\FULLSTACK\\MundoNavidenio365\\vendor\\laravel\\framework\\src\\Illuminate\\Routing\\Route.php(259): Illuminate\\Routing\\ControllerDispatcher->dispatch(Object(Illuminate\\Routing\\Route), Object(App\\Http\\Controllers\\Ventas\\VendedorController), 'guardarPagos')
#15 C:\\Users\\User\\Desktop\\ING DAVID VEGA\\FULLSTACK\\MundoNavidenio365\\vendor\\laravel\\framework\\src\\Illuminate\\Routing\\Route.php(205): Illuminate\\Routing\\Route->runController()
#16 C:\\Users\\User\\Desktop\\ING DAVID VEGA\\FULLSTACK\\MundoNavidenio365\\vendor\\laravel\\framework\\src\\Illuminate\\Routing\\Router.php(806): Illuminate\\Routing\\Route->run()
#17 C:\\Users\\User\\Desktop\\ING DAVID VEGA\\FULLSTACK\\MundoNavidenio365\\vendor\\laravel\\framework\\src\\Illuminate\\Pipeline\\Pipeline.php(144): Illuminate\\Routing\\Router->Illuminate\\Routing\\{closure}(Object(Illuminate\\Http\\Request))
#18 C:\\Users\\User\\Desktop\\ING DAVID VEGA\\FULLSTACK\\MundoNavidenio365\\app\\Http\\Middleware\\RoleMiddleware.php(32): Illuminate\\Pipeline\\Pipeline->Illuminate\\Pipeline\\{closure}(Object(Illuminate\\Http\\Request))
#19 C:\\Users\\User\\Desktop\\ING DAVID VEGA\\FULLSTACK\\MundoNavidenio365\\vendor\\laravel\\framework\\src\\Illuminate\\Pipeline\\Pipeline.php(183): App\\Http\\Middleware\\RoleMiddleware->handle(Object(Illuminate\\Http\\Request), Object(Closure), 'Ventas')
#20 C:\\Users\\User\\Desktop\\ING DAVID VEGA\\FULLSTACK\\MundoNavidenio365\\vendor\\laravel\\framework\\src\\Illuminate\\Auth\\Middleware\\EnsureEmailIsVerified.php(41): Illuminate\\Pipeline\\Pipeline->Illuminate\\Pipeline\\{closure}(Object(Illuminate\\Http\\Request))
#21 C:\\Users\\User\\Desktop\\ING DAVID VEGA\\FULLSTACK\\MundoNavidenio365\\vendor\\laravel\\framework\\src\\Illuminate\\Pipeline\\Pipeline.php(183): Illuminate\\Auth\\Middleware\\EnsureEmailIsVerified->handle(Object(Illuminate\\Http\\Request), Object(Closure))
#22 C:\\Users\\User\\Desktop\\ING DAVID VEGA\\FULLSTACK\\MundoNavidenio365\\vendor\\laravel\\framework\\src\\Illuminate\\Http\\Middleware\\AddLinkHeadersForPreloadedAssets.php(20): Illuminate\\Pipeline\\Pipeline->Illuminate\\Pipeline\\{closure}(Object(Illuminate\\Http\\Request))
#23 C:\\Users\\User\\Desktop\\ING DAVID VEGA\\FULLSTACK\\MundoNavidenio365\\vendor\\laravel\\framework\\src\\Illuminate\\Pipeline\\Pipeline.php(183): Illuminate\\Http\\Middleware\\AddLinkHeadersForPreloadedAssets->handle(Object(Illuminate\\Http\\Request), Object(Closure))
#24 C:\\Users\\User\\Desktop\\ING DAVID VEGA\\FULLSTACK\\MundoNavidenio365\\vendor\\inertiajs\\inertia-laravel\\src\\Middleware.php(87): Illuminate\\Pipeline\\Pipeline->Illuminate\\Pipeline\\{closure}(Object(Illuminate\\Http\\Request))
#25 C:\\Users\\User\\Desktop\\ING DAVID VEGA\\FULLSTACK\\MundoNavidenio365\\vendor\\laravel\\framework\\src\\Illuminate\\Pipeline\\Pipeline.php(183): Inertia\\Middleware->handle(Object(Illuminate\\Http\\Request), Object(Closure))
#26 C:\\Users\\User\\Desktop\\ING DAVID VEGA\\FULLSTACK\\MundoNavidenio365\\vendor\\laravel\\framework\\src\\Illuminate\\Routing\\Middleware\\SubstituteBindings.php(50): Illuminate\\Pipeline\\Pipeline->Illuminate\\Pipeline\\{closure}(Object(Illuminate\\Http\\Request))
#27 C:\\Users\\User\\Desktop\\ING DAVID VEGA\\FULLSTACK\\MundoNavidenio365\\vendor\\laravel\\framework\\src\\Illuminate\\Pipeline\\Pipeline.php(183): Illuminate\\Routing\\Middleware\\SubstituteBindings->handle(Object(Illuminate\\Http\\Request), Object(Closure))
#28 C:\\Users\\User\\Desktop\\ING DAVID VEGA\\FULLSTACK\\MundoNavidenio365\\vendor\\laravel\\framework\\src\\Illuminate\\Auth\\Middleware\\Authenticate.php(57): Illuminate\\Pipeline\\Pipeline->Illuminate\\Pipeline\\{closure}(Object(Illuminate\\Http\\Request))
#29 C:\\Users\\User\\Desktop\\ING DAVID VEGA\\FULLSTACK\\MundoNavidenio365\\vendor\\laravel\\framework\\src\\Illuminate\\Pipeline\\Pipeline.php(183): Illuminate\\Auth\\Middleware\\Authenticate->handle(Object(Illuminate\\Http\\Request), Object(Closure))
#30 C:\\Users\\User\\Desktop\\ING DAVID VEGA\\FULLSTACK\\MundoNavidenio365\\vendor\\laravel\\framework\\src\\Illuminate\\Foundation\\Http\\Middleware\\VerifyCsrfToken.php(78): Illuminate\\Pipeline\\Pipeline->Illuminate\\Pipeline\\{closure}(Object(Illuminate\\Http\\Request))
#31 C:\\Users\\User\\Desktop\\ING DAVID VEGA\\FULLSTACK\\MundoNavidenio365\\vendor\\laravel\\framework\\src\\Illuminate\\Pipeline\\Pipeline.php(183): Illuminate\\Foundation\\Http\\Middleware\\VerifyCsrfToken->handle(Object(Illuminate\\Http\\Request), Object(Closure))
#32 C:\\Users\\User\\Desktop\\ING DAVID VEGA\\FULLSTACK\\MundoNavidenio365\\vendor\\laravel\\framework\\src\\Illuminate\\View\\Middleware\\ShareErrorsFromSession.php(49): Illuminate\\Pipeline\\Pipeline->Illuminate\\Pipeline\\{closure}(Object(Illuminate\\Http\\Request))
#33 C:\\Users\\User\\Desktop\\ING DAVID VEGA\\FULLSTACK\\MundoNavidenio365\\vendor\\laravel\\framework\\src\\Illuminate\\Pipeline\\Pipeline.php(183): Illuminate\\View\\Middleware\\ShareErrorsFromSession->handle(Object(Illuminate\\Http\\Request), Object(Closure))
#34 C:\\Users\\User\\Desktop\\ING DAVID VEGA\\FULLSTACK\\MundoNavidenio365\\vendor\\laravel\\framework\\src\\Illuminate\\Session\\Middleware\\StartSession.php(121): Illuminate\\Pipeline\\Pipeline->Illuminate\\Pipeline\\{closure}(Object(Illuminate\\Http\\Request))
#35 C:\\Users\\User\\Desktop\\ING DAVID VEGA\\FULLSTACK\\MundoNavidenio365\\vendor\\laravel\\framework\\src\\Illuminate\\Session\\Middleware\\StartSession.php(64): Illuminate\\Session\\Middleware\\StartSession->handleStatefulRequest(Object(Illuminate\\Http\\Request), Object(Illuminate\\Session\\Store), Object(Closure))
#36 C:\\Users\\User\\Desktop\\ING DAVID VEGA\\FULLSTACK\\MundoNavidenio365\\vendor\\laravel\\framework\\src\\Illuminate\\Pipeline\\Pipeline.php(183): Illuminate\\Session\\Middleware\\StartSession->handle(Object(Illuminate\\Http\\Request), Object(Closure))
#37 C:\\Users\\User\\Desktop\\ING DAVID VEGA\\FULLSTACK\\MundoNavidenio365\\vendor\\laravel\\framework\\src\\Illuminate\\Cookie\\Middleware\\AddQueuedCookiesToResponse.php(37): Illuminate\\Pipeline\\Pipeline->Illuminate\\Pipeline\\{closure}(Object(Illuminate\\Http\\Request))
#38 C:\\Users\\User\\Desktop\\ING DAVID VEGA\\FULLSTACK\\MundoNavidenio365\\vendor\\laravel\\framework\\src\\Illuminate\\Pipeline\\Pipeline.php(183): Illuminate\\Cookie\\Middleware\\AddQueuedCookiesToResponse->handle(Object(Illuminate\\Http\\Request), Object(Closure))
#39 C:\\Users\\User\\Desktop\\ING DAVID VEGA\\FULLSTACK\\MundoNavidenio365\\vendor\\laravel\\framework\\src\\Illuminate\\Cookie\\Middleware\\EncryptCookies.php(67): Illuminate\\Pipeline\\Pipeline->Illuminate\\Pipeline\\{closure}(Object(Illuminate\\Http\\Request))
#40 C:\\Users\\User\\Desktop\\ING DAVID VEGA\\FULLSTACK\\MundoNavidenio365\\vendor\\laravel\\framework\\src\\Illuminate\\Pipeline\\Pipeline.php(183): Illuminate\\Cookie\\Middleware\\EncryptCookies->handle(Object(Illuminate\\Http\\Request), Object(Closure))
#41 C:\\Users\\User\\Desktop\\ING DAVID VEGA\\FULLSTACK\\MundoNavidenio365\\vendor\\laravel\\framework\\src\\Illuminate\\Pipeline\\Pipeline.php(119): Illuminate\\Pipeline\\Pipeline->Illuminate\\Pipeline\\{closure}(Object(Illuminate\\Http\\Request))
#42 C:\\Users\\User\\Desktop\\ING DAVID VEGA\\FULLSTACK\\MundoNavidenio365\\vendor\\laravel\\framework\\src\\Illuminate\\Routing\\Router.php(805): Illuminate\\Pipeline\\Pipeline->then(Object(Closure))
#43 C:\\Users\\User\\Desktop\\ING DAVID VEGA\\FULLSTACK\\MundoNavidenio365\\vendor\\laravel\\framework\\src\\Illuminate\\Routing\\Router.php(784): Illuminate\\Routing\\Router->runRouteWithinStack(Object(Illuminate\\Routing\\Route), Object(Illuminate\\Http\\Request))
#44 C:\\Users\\User\\Desktop\\ING DAVID VEGA\\FULLSTACK\\MundoNavidenio365\\vendor\\laravel\\framework\\src\\Illuminate\\Routing\\Router.php(748): Illuminate\\Routing\\Router->runRoute(Object(Illuminate\\Http\\Request), Object(Illuminate\\Routing\\Route))
#45 C:\\Users\\User\\Desktop\\ING DAVID VEGA\\FULLSTACK\\MundoNavidenio365\\vendor\\laravel\\framework\\src\\Illuminate\\Routing\\Router.php(737): Illuminate\\Routing\\Router->dispatchToRoute(Object(Illuminate\\Http\\Request))
#46 C:\\Users\\User\\Desktop\\ING DAVID VEGA\\FULLSTACK\\MundoNavidenio365\\vendor\\laravel\\framework\\src\\Illuminate\\Foundation\\Http\\Kernel.php(200): Illuminate\\Routing\\Router->dispatch(Object(Illuminate\\Http\\Request))
#47 C:\\Users\\User\\Desktop\\ING DAVID VEGA\\FULLSTACK\\MundoNavidenio365\\vendor\\laravel\\framework\\src\\Illuminate\\Pipeline\\Pipeline.php(144): Illuminate\\Foundation\\Http\\Kernel->Illuminate\\Foundation\\Http\\{closure}(Object(Illuminate\\Http\\Request))
#48 C:\\Users\\User\\Desktop\\ING DAVID VEGA\\FULLSTACK\\MundoNavidenio365\\vendor\\laravel\\framework\\src\\Illuminate\\Foundation\\Http\\Middleware\\TransformsRequest.php(21): Illuminate\\Pipeline\\Pipeline->Illuminate\\Pipeline\\{closure}(Object(Illuminate\\Http\\Request))
#49 C:\\Users\\User\\Desktop\\ING DAVID VEGA\\FULLSTACK\\MundoNavidenio365\\vendor\\laravel\\framework\\src\\Illuminate\\Foundation\\Http\\Middleware\\ConvertEmptyStringsToNull.php(31): Illuminate\\Foundation\\Http\\Middleware\\TransformsRequest->handle(Object(Illuminate\\Http\\Request), Object(Closure))
#50 C:\\Users\\User\\Desktop\\ING DAVID VEGA\\FULLSTACK\\MundoNavidenio365\\vendor\\laravel\\framework\\src\\Illuminate\\Pipeline\\Pipeline.php(183): Illuminate\\Foundation\\Http\\Middleware\\ConvertEmptyStringsToNull->handle(Object(Illuminate\\Http\\Request), Object(Closure))
#51 C:\\Users\\User\\Desktop\\ING DAVID VEGA\\FULLSTACK\\MundoNavidenio365\\vendor\\laravel\\framework\\src\\Illuminate\\Foundation\\Http\\Middleware\\TransformsRequest.php(21): Illuminate\\Pipeline\\Pipeline->Illuminate\\Pipeline\\{closure}(Object(Illuminate\\Http\\Request))
#52 C:\\Users\\User\\Desktop\\ING DAVID VEGA\\FULLSTACK\\MundoNavidenio365\\vendor\\laravel\\framework\\src\\Illuminate\\Foundation\\Http\\Middleware\\TrimStrings.php(40): Illuminate\\Foundation\\Http\\Middleware\\TransformsRequest->handle(Object(Illuminate\\Http\\Request), Object(Closure))
#53 C:\\Users\\User\\Desktop\\ING DAVID VEGA\\FULLSTACK\\MundoNavidenio365\\vendor\\laravel\\framework\\src\\Illuminate\\Pipeline\\Pipeline.php(183): Illuminate\\Foundation\\Http\\Middleware\\TrimStrings->handle(Object(Illuminate\\Http\\Request), Object(Closure))
#54 C:\\Users\\User\\Desktop\\ING DAVID VEGA\\FULLSTACK\\MundoNavidenio365\\vendor\\laravel\\framework\\src\\Illuminate\\Foundation\\Http\\Middleware\\ValidatePostSize.php(27): Illuminate\\Pipeline\\Pipeline->Illuminate\\Pipeline\\{closure}(Object(Illuminate\\Http\\Request))
#55 C:\\Users\\User\\Desktop\\ING DAVID VEGA\\FULLSTACK\\MundoNavidenio365\\vendor\\laravel\\framework\\src\\Illuminate\\Pipeline\\Pipeline.php(183): Illuminate\\Foundation\\Http\\Middleware\\ValidatePostSize->handle(Object(Illuminate\\Http\\Request), Object(Closure))
#56 C:\\Users\\User\\Desktop\\ING DAVID VEGA\\FULLSTACK\\MundoNavidenio365\\vendor\\laravel\\framework\\src\\Illuminate\\Foundation\\Http\\Middleware\\PreventRequestsDuringMaintenance.php(99): Illuminate\\Pipeline\\Pipeline->Illuminate\\Pipeline\\{closure}(Object(Illuminate\\Http\\Request))
#57 C:\\Users\\User\\Desktop\\ING DAVID VEGA\\FULLSTACK\\MundoNavidenio365\\vendor\\laravel\\framework\\src\\Illuminate\\Pipeline\\Pipeline.php(183): Illuminate\\Foundation\\Http\\Middleware\\PreventRequestsDuringMaintenance->handle(Object(Illuminate\\Http\\Request), Object(Closure))
#58 C:\\Users\\User\\Desktop\\ING DAVID VEGA\\FULLSTACK\\MundoNavidenio365\\vendor\\laravel\\framework\\src\\Illuminate\\Http\\Middleware\\HandleCors.php(49): Illuminate\\Pipeline\\Pipeline->Illuminate\\Pipeline\\{closure}(Object(Illuminate\\Http\\Request))
#59 C:\\Users\\User\\Desktop\\ING DAVID VEGA\\FULLSTACK\\MundoNavidenio365\\vendor\\laravel\\framework\\src\\Illuminate\\Pipeline\\Pipeline.php(183): Illuminate\\Http\\Middleware\\HandleCors->handle(Object(Illuminate\\Http\\Request), Object(Closure))
#60 C:\\Users\\User\\Desktop\\ING DAVID VEGA\\FULLSTACK\\MundoNavidenio365\\vendor\\laravel\\framework\\src\\Illuminate\\Http\\Middleware\\TrustProxies.php(39): Illuminate\\Pipeline\\Pipeline->Illuminate\\Pipeline\\{closure}(Object(Illuminate\\Http\\Request))
#61 C:\\Users\\User\\Desktop\\ING DAVID VEGA\\FULLSTACK\\MundoNavidenio365\\vendor\\laravel\\framework\\src\\Illuminate\\Pipeline\\Pipeline.php(183): Illuminate\\Http\\Middleware\\TrustProxies->handle(Object(Illuminate\\Http\\Request), Object(Closure))
#62 C:\\Users\\User\\Desktop\\ING DAVID VEGA\\FULLSTACK\\MundoNavidenio365\\vendor\\laravel\\framework\\src\\Illuminate\\Pipeline\\Pipeline.php(119): Illuminate\\Pipeline\\Pipeline->Illuminate\\Pipeline\\{closure}(Object(Illuminate\\Http\\Request))
#63 C:\\Users\\User\\Desktop\\ING DAVID VEGA\\FULLSTACK\\MundoNavidenio365\\vendor\\laravel\\framework\\src\\Illuminate\\Foundation\\Http\\Kernel.php(175): Illuminate\\Pipeline\\Pipeline->then(Object(Closure))
#64 C:\\Users\\User\\Desktop\\ING DAVID VEGA\\FULLSTACK\\MundoNavidenio365\\vendor\\laravel\\framework\\src\\Illuminate\\Foundation\\Http\\Kernel.php(144): Illuminate\\Foundation\\Http\\Kernel->sendRequestThroughRouter(Object(Illuminate\\Http\\Request))
#65 C:\\Users\\User\\Desktop\\ING DAVID VEGA\\FULLSTACK\\MundoNavidenio365\\public\\index.php(51): Illuminate\\Foundation\\Http\\Kernel->handle(Object(Illuminate\\Http\\Request))
#66 C:\\Users\\User\\Desktop\\ING DAVID VEGA\\FULLSTACK\\MundoNavidenio365\\vendor\\laravel\\framework\\src\\Illuminate\\Foundation\\resources\\server.php(16): require_once('C:\\\\Users\\\\User\\\\D...')
#67 {main}
"} 
[2026-09-28 12:26:09] local.ERROR: PHP Parse error: Syntax error, unexpected T_NS_SEPARATOR on line 2 {"exception":"[object] (Psy\\Exception\\ParseErrorException(code: 0): PHP Parse error: Syntax error, unexpected T_NS_SEPARATOR on line 2 at C:\\Users\\User\\Desktop\\ING DAVID VEGA\\FULLSTACK\\MundoNavidenio365\\vendor\\psy\\psysh\\src\\Exception\\ParseErrorException.php:44)
[stacktrace]
#0 C:\\Users\\User\\Desktop\\ING DAVID VEGA\\FULLSTACK\\MundoNavidenio365\\vendor\\psy\\psysh\\src\\CodeCleaner.php(306): Psy\\Exception\\ParseErrorException::fromParseError(Object(PhpParser\\Error))
#1 C:\\Users\\User\\Desktop\\ING DAVID VEGA\\FULLSTACK\\MundoNavidenio365\\vendor\\psy\\psysh\\src\\CodeCleaner.php(240): Psy\\CodeCleaner->parse('<?php \\n\\\\ = arra...', false)
#2 C:\\Users\\User\\Desktop\\ING DAVID VEGA\\FULLSTACK\\MundoNavidenio365\\vendor\\psy\\psysh\\src\\Shell.php(852): Psy\\CodeCleaner->clean(Array, false)
#3 C:\\Users\\User\\Desktop\\ING DAVID VEGA\\FULLSTACK\\MundoNavidenio365\\vendor\\psy\\psysh\\src\\Shell.php(881): Psy\\Shell->addCode('\\n\\\\ = array_map(...', true)
#4 C:\\Users\\User\\Desktop\\ING DAVID VEGA\\FULLSTACK\\MundoNavidenio365\\vendor\\psy\\psysh\\src\\Shell.php(1390): Psy\\Shell->setCode('\\n\\\\ = array_map(...', true)
#5 C:\\Users\\User\\Desktop\\ING DAVID VEGA\\FULLSTACK\\MundoNavidenio365\\vendor\\laravel\\tinker\\src\\Console\\TinkerCommand.php(76): Psy\\Shell->execute('\\n\\\\ = array_map(...')
#6 C:\\Users\\User\\Desktop\\ING DAVID VEGA\\FULLSTACK\\MundoNavidenio365\\vendor\\laravel\\framework\\src\\Illuminate\\Container\\BoundMethod.php(36): Laravel\\Tinker\\Console\\TinkerCommand->handle()
#7 C:\\Users\\User\\Desktop\\ING DAVID VEGA\\FULLSTACK\\MundoNavidenio365\\vendor\\laravel\\framework\\src\\Illuminate\\Container\\Util.php(41): Illuminate\\Container\\BoundMethod::Illuminate\\Container\\{closure}()
#8 C:\\Users\\User\\Desktop\\ING DAVID VEGA\\FULLSTACK\\MundoNavidenio365\\vendor\\laravel\\framework\\src\\Illuminate\\Container\\BoundMethod.php(93): Illuminate\\Container\\Util::unwrapIfClosure(Object(Closure))
#9 C:\\Users\\User\\Desktop\\ING DAVID VEGA\\FULLSTACK\\MundoNavidenio365\\vendor\\laravel\\framework\\src\\Illuminate\\Container\\BoundMethod.php(35): Illuminate\\Container\\BoundMethod::callBoundMethod(Object(Illuminate\\Foundation\\Application), Array, Object(Closure))
#10 C:\\Users\\User\\Desktop\\ING DAVID VEGA\\FULLSTACK\\MundoNavidenio365\\vendor\\laravel\\framework\\src\\Illuminate\\Container\\Container.php(662): Illuminate\\Container\\BoundMethod::call(Object(Illuminate\\Foundation\\Application), Array, Array, NULL)
#11 C:\\Users\\User\\Desktop\\ING DAVID VEGA\\FULLSTACK\\MundoNavidenio365\\vendor\\laravel\\framework\\src\\Illuminate\\Console\\Command.php(211): Illuminate\\Container\\Container->call(Array)
#12 C:\\Users\\User\\Desktop\\ING DAVID VEGA\\FULLSTACK\\MundoNavidenio365\\vendor\\symfony\\console\\Command\\Command.php(326): Illuminate\\Console\\Command->execute(Object(Symfony\\Component\\Console\\Input\\ArgvInput), Object(Illuminate\\Console\\OutputStyle))
#13 C:\\Users\\User\\Desktop\\ING DAVID VEGA\\FULLSTACK\\MundoNavidenio365\\vendor\\laravel\\framework\\src\\Illuminate\\Console\\Command.php(180): Symfony\\Component\\Console\\Command\\Command->run(Object(Symfony\\Component\\Console\\Input\\ArgvInput), Object(Illuminate\\Console\\OutputStyle))
#14 C:\\Users\\User\\Desktop\\ING DAVID VEGA\\FULLSTACK\\MundoNavidenio365\\vendor\\symfony\\console\\Application.php(1096): Illuminate\\Console\\Command->run(Object(Symfony\\Component\\Console\\Input\\ArgvInput), Object(Symfony\\Component\\Console\\Output\\ConsoleOutput))
#15 C:\\Users\\User\\Desktop\\ING DAVID VEGA\\FULLSTACK\\MundoNavidenio365\\vendor\\symfony\\console\\Application.php(324): Symfony\\Component\\Console\\Application->doRunCommand(Object(Laravel\\Tinker\\Console\\TinkerCommand), Object(Symfony\\Component\\Console\\Input\\ArgvInput), Object(Symfony\\Component\\Console\\Output\\ConsoleOutput))
#16 C:\\Users\\User\\Desktop\\ING DAVID VEGA\\FULLSTACK\\MundoNavidenio365\\vendor\\symfony\\console\\Application.php(175): Symfony\\Component\\Console\\Application->doRun(Object(Symfony\\Component\\Console\\Input\\ArgvInput), Object(Symfony\\Component\\Console\\Output\\ConsoleOutput))
#17 C:\\Users\\User\\Desktop\\ING DAVID VEGA\\FULLSTACK\\MundoNavidenio365\\vendor\\laravel\\framework\\src\\Illuminate\\Foundation\\Console\\Kernel.php(201): Symfony\\Component\\Console\\Application->run(Object(Symfony\\Component\\Console\\Input\\ArgvInput), Object(Symfony\\Component\\Console\\Output\\ConsoleOutput))
#18 C:\\Users\\User\\Desktop\\ING DAVID VEGA\\FULLSTACK\\MundoNavidenio365\\artisan(35): Illuminate\\Foundation\\Console\\Kernel->handle(Object(Symfony\\Component\\Console\\Input\\ArgvInput), Object(Symfony\\Component\\Console\\Output\\ConsoleOutput))
#19 {main}
"} 
[2026-09-28 12:26:57] local.ERROR: Unexpected end of input {"exception":"[object] (InvalidArgumentException(code: 0): Unexpected end of input at C:\\Users\\User\\Desktop\\ING DAVID VEGA\\FULLSTACK\\MundoNavidenio365\\vendor\\psy\\psysh\\src\\Shell.php:891)
[stacktrace]
#0 C:\\Users\\User\\Desktop\\ING DAVID VEGA\\FULLSTACK\\MundoNavidenio365\\vendor\\psy\\psysh\\src\\Shell.php(1390): Psy\\Shell->setCode('echo json_encod...', true)
#1 C:\\Users\\User\\Desktop\\ING DAVID VEGA\\FULLSTACK\\MundoNavidenio365\\vendor\\laravel\\tinker\\src\\Console\\TinkerCommand.php(76): Psy\\Shell->execute('echo json_encod...')
#2 C:\\Users\\User\\Desktop\\ING DAVID VEGA\\FULLSTACK\\MundoNavidenio365\\vendor\\laravel\\framework\\src\\Illuminate\\Container\\BoundMethod.php(36): Laravel\\Tinker\\Console\\TinkerCommand->handle()
#3 C:\\Users\\User\\Desktop\\ING DAVID VEGA\\FULLSTACK\\MundoNavidenio365\\vendor\\laravel\\framework\\src\\Illuminate\\Container\\Util.php(41): Illuminate\\Container\\BoundMethod::Illuminate\\Container\\{closure}()
#4 C:\\Users\\User\\Desktop\\ING DAVID VEGA\\FULLSTACK\\MundoNavidenio365\\vendor\\laravel\\framework\\src\\Illuminate\\Container\\BoundMethod.php(93): Illuminate\\Container\\Util::unwrapIfClosure(Object(Closure))
#5 C:\\Users\\User\\Desktop\\ING DAVID VEGA\\FULLSTACK\\MundoNavidenio365\\vendor\\laravel\\framework\\src\\Illuminate\\Container\\BoundMethod.php(35): Illuminate\\Container\\BoundMethod::callBoundMethod(Object(Illuminate\\Foundation\\Application), Array, Object(Closure))
#6 C:\\Users\\User\\Desktop\\ING DAVID VEGA\\FULLSTACK\\MundoNavidenio365\\vendor\\laravel\\framework\\src\\Illuminate\\Container\\Container.php(662): Illuminate\\Container\\BoundMethod::call(Object(Illuminate\\Foundation\\Application), Array, Array, NULL)
#7 C:\\Users\\User\\Desktop\\ING DAVID VEGA\\FULLSTACK\\MundoNavidenio365\\vendor\\laravel\\framework\\src\\Illuminate\\Console\\Command.php(211): Illuminate\\Container\\Container->call(Array)
#8 C:\\Users\\User\\Desktop\\ING DAVID VEGA\\FULLSTACK\\MundoNavidenio365\\vendor\\symfony\\console\\Command\\Command.php(326): Illuminate\\Console\\Command->execute(Object(Symfony\\Component\\Console\\Input\\ArgvInput), Object(Illuminate\\Console\\OutputStyle))
#9 C:\\Users\\User\\Desktop\\ING DAVID VEGA\\FULLSTACK\\MundoNavidenio365\\vendor\\laravel\\framework\\src\\Illuminate\\Console\\Command.php(180): Symfony\\Component\\Console\\Command\\Command->run(Object(Symfony\\Component\\Console\\Input\\ArgvInput), Object(Illuminate\\Console\\OutputStyle))
#10 C:\\Users\\User\\Desktop\\ING DAVID VEGA\\FULLSTACK\\MundoNavidenio365\\vendor\\symfony\\console\\Application.php(1096): Illuminate\\Console\\Command->run(Object(Symfony\\Component\\Console\\Input\\ArgvInput), Object(Symfony\\Component\\Console\\Output\\ConsoleOutput))
#11 C:\\Users\\User\\Desktop\\ING DAVID VEGA\\FULLSTACK\\MundoNavidenio365\\vendor\\symfony\\console\\Application.php(324): Symfony\\Component\\Console\\Application->doRunCommand(Object(Laravel\\Tinker\\Console\\TinkerCommand), Object(Symfony\\Component\\Console\\Input\\ArgvInput), Object(Symfony\\Component\\Console\\Output\\ConsoleOutput))
#12 C:\\Users\\User\\Desktop\\ING DAVID VEGA\\FULLSTACK\\MundoNavidenio365\\vendor\\symfony\\console\\Application.php(175): Symfony\\Component\\Console\\Application->doRun(Object(Symfony\\Component\\Console\\Input\\ArgvInput), Object(Symfony\\Component\\Console\\Output\\ConsoleOutput))
#13 C:\\Users\\User\\Desktop\\ING DAVID VEGA\\FULLSTACK\\MundoNavidenio365\\vendor\\laravel\\framework\\src\\Illuminate\\Foundation\\Console\\Kernel.php(201): Symfony\\Component\\Console\\Application->run(Object(Symfony\\Component\\Console\\Input\\ArgvInput), Object(Symfony\\Component\\Console\\Output\\ConsoleOutput))
#14 C:\\Users\\User\\Desktop\\ING DAVID VEGA\\FULLSTACK\\MundoNavidenio365\\artisan(35): Illuminate\\Foundation\\Console\\Kernel->handle(Object(Symfony\\Component\\Console\\Input\\ArgvInput), Object(Symfony\\Component\\Console\\Output\\ConsoleOutput))
#15 {main}
"} 
[2026-09-28 12:29:05] local.INFO: SRI Factura -> Ambiente: 1 (PRUEBAS) | Recepción: https://celcer.sri.gob.ec/comprobantes-electronicos-ws/RecepcionComprobantesOffline?wsdl  
[2026-09-28 12:29:07] local.DEBUG: SRI cURL response (HTTP 200): <soap:Envelope xmlns:soap="http://schemas.xmlsoap.org/soap/envelope/"><soap:Body><ns2:validarComprobanteResponse xmlns:ns2="http://ec.gob.sri.ws.recepcion"><RespuestaRecepcionComprobante><estado>RECIBIDA</estado><comprobantes/></RespuestaRecepcionComprobante></ns2:validarComprobanteResponse></soap:Body></soap:Envelope>  
[2026-09-28 12:29:09] local.DEBUG: SRI cURL response (HTTP 200): <soap:Envelope xmlns:soap="http://schemas.xmlsoap.org/soap/envelope/"><soap:Body><ns2:autorizacionComprobanteResponse xmlns:ns2="http://ec.gob.sri.ws.autorizacion"><RespuestaAutorizacionComprobante><claveAccesoConsultada>2809202601172205093500110019990000000036356210415</claveAccesoConsultada><numeroComprobantes>1</numeroComprobantes><autorizaciones><autorizacion><estado>AUTORIZADO</estado><numeroAutorizacion>2809202601172205093500110019990000000036356210415</numeroAutorizacion><fechaAutorizacio  
[2026-09-28 12:29:11] local.WARNING: No se pudo adjuntar el PDF al correo por falta de librería GD: The PHP GD extension is required, but is not installed.  
[2026-09-28 12:29:14] local.INFO: Correo de Factura N° 001-999-000000003 enviado con éxito a: shaggi6e@gmail.com  
[2026-09-28 12:34:40] local.ERROR: PHP Parse error: Syntax error, unexpected T_NS_SEPARATOR on line 2 {"exception":"[object] (Psy\\Exception\\ParseErrorException(code: 0): PHP Parse error: Syntax error, unexpected T_NS_SEPARATOR on line 2 at C:\\Users\\User\\Desktop\\ING DAVID VEGA\\FULLSTACK\\MundoNavidenio365\\vendor\\psy\\psysh\\src\\Exception\\ParseErrorException.php:44)
[stacktrace]
#0 C:\\Users\\User\\Desktop\\ING DAVID VEGA\\FULLSTACK\\MundoNavidenio365\\vendor\\psy\\psysh\\src\\CodeCleaner.php(306): Psy\\Exception\\ParseErrorException::fromParseError(Object(PhpParser\\Error))
#1 C:\\Users\\User\\Desktop\\ING DAVID VEGA\\FULLSTACK\\MundoNavidenio365\\vendor\\psy\\psysh\\src\\CodeCleaner.php(240): Psy\\CodeCleaner->parse('<?php \\n\\\\ = App\\\\...', false)
#2 C:\\Users\\User\\Desktop\\ING DAVID VEGA\\FULLSTACK\\MundoNavidenio365\\vendor\\psy\\psysh\\src\\Shell.php(852): Psy\\CodeCleaner->clean(Array, false)
#3 C:\\Users\\User\\Desktop\\ING DAVID VEGA\\FULLSTACK\\MundoNavidenio365\\vendor\\psy\\psysh\\src\\Shell.php(881): Psy\\Shell->addCode('\\n\\\\ = App\\\\Models...', true)
#4 C:\\Users\\User\\Desktop\\ING DAVID VEGA\\FULLSTACK\\MundoNavidenio365\\vendor\\psy\\psysh\\src\\Shell.php(1390): Psy\\Shell->setCode('\\n\\\\ = App\\\\Models...', true)
#5 C:\\Users\\User\\Desktop\\ING DAVID VEGA\\FULLSTACK\\MundoNavidenio365\\vendor\\laravel\\tinker\\src\\Console\\TinkerCommand.php(76): Psy\\Shell->execute('\\n\\\\ = App\\\\Models...')
#6 C:\\Users\\User\\Desktop\\ING DAVID VEGA\\FULLSTACK\\MundoNavidenio365\\vendor\\laravel\\framework\\src\\Illuminate\\Container\\BoundMethod.php(36): Laravel\\Tinker\\Console\\TinkerCommand->handle()
#7 C:\\Users\\User\\Desktop\\ING DAVID VEGA\\FULLSTACK\\MundoNavidenio365\\vendor\\laravel\\framework\\src\\Illuminate\\Container\\Util.php(41): Illuminate\\Container\\BoundMethod::Illuminate\\Container\\{closure}()
#8 C:\\Users\\User\\Desktop\\ING DAVID VEGA\\FULLSTACK\\MundoNavidenio365\\vendor\\laravel\\framework\\src\\Illuminate\\Container\\BoundMethod.php(93): Illuminate\\Container\\Util::unwrapIfClosure(Object(Closure))
#9 C:\\Users\\User\\Desktop\\ING DAVID VEGA\\FULLSTACK\\MundoNavidenio365\\vendor\\laravel\\framework\\src\\Illuminate\\Container\\BoundMethod.php(35): Illuminate\\Container\\BoundMethod::callBoundMethod(Object(Illuminate\\Foundation\\Application), Array, Object(Closure))
#10 C:\\Users\\User\\Desktop\\ING DAVID VEGA\\FULLSTACK\\MundoNavidenio365\\vendor\\laravel\\framework\\src\\Illuminate\\Container\\Container.php(662): Illuminate\\Container\\BoundMethod::call(Object(Illuminate\\Foundation\\Application), Array, Array, NULL)
#11 C:\\Users\\User\\Desktop\\ING DAVID VEGA\\FULLSTACK\\MundoNavidenio365\\vendor\\laravel\\framework\\src\\Illuminate\\Console\\Command.php(211): Illuminate\\Container\\Container->call(Array)
#12 C:\\Users\\User\\Desktop\\ING DAVID VEGA\\FULLSTACK\\MundoNavidenio365\\vendor\\symfony\\console\\Command\\Command.php(326): Illuminate\\Console\\Command->execute(Object(Symfony\\Component\\Console\\Input\\ArgvInput), Object(Illuminate\\Console\\OutputStyle))
#13 C:\\Users\\User\\Desktop\\ING DAVID VEGA\\FULLSTACK\\MundoNavidenio365\\vendor\\laravel\\framework\\src\\Illuminate\\Console\\Command.php(180): Symfony\\Component\\Console\\Command\\Command->run(Object(Symfony\\Component\\Console\\Input\\ArgvInput), Object(Illuminate\\Console\\OutputStyle))
#14 C:\\Users\\User\\Desktop\\ING DAVID VEGA\\FULLSTACK\\MundoNavidenio365\\vendor\\symfony\\console\\Application.php(1096): Illuminate\\Console\\Command->run(Object(Symfony\\Component\\Console\\Input\\ArgvInput), Object(Symfony\\Component\\Console\\Output\\ConsoleOutput))
#15 C:\\Users\\User\\Desktop\\ING DAVID VEGA\\FULLSTACK\\MundoNavidenio365\\vendor\\symfony\\console\\Application.php(324): Symfony\\Component\\Console\\Application->doRunCommand(Object(Laravel\\Tinker\\Console\\TinkerCommand), Object(Symfony\\Component\\Console\\Input\\ArgvInput), Object(Symfony\\Component\\Console\\Output\\ConsoleOutput))
#16 C:\\Users\\User\\Desktop\\ING DAVID VEGA\\FULLSTACK\\MundoNavidenio365\\vendor\\symfony\\console\\Application.php(175): Symfony\\Component\\Console\\Application->doRun(Object(Symfony\\Component\\Console\\Input\\ArgvInput), Object(Symfony\\Component\\Console\\Output\\ConsoleOutput))
#17 C:\\Users\\User\\Desktop\\ING DAVID VEGA\\FULLSTACK\\MundoNavidenio365\\vendor\\laravel\\framework\\src\\Illuminate\\Foundation\\Console\\Kernel.php(201): Symfony\\Component\\Console\\Application->run(Object(Symfony\\Component\\Console\\Input\\ArgvInput), Object(Symfony\\Component\\Console\\Output\\ConsoleOutput))
#18 C:\\Users\\User\\Desktop\\ING DAVID VEGA\\FULLSTACK\\MundoNavidenio365\\artisan(35): Illuminate\\Foundation\\Console\\Kernel->handle(Object(Symfony\\Component\\Console\\Input\\ArgvInput), Object(Symfony\\Component\\Console\\Output\\ConsoleOutput))
#19 {main}
"} 
